kanji,strokes,common,tags,meaning,score,male_score,female_score,review_status,review_note
凛,15,False,#品格 #信念,ひきしまる。きびしい。潔い。品格がある。,100,100,100,,
凜,15,False,#品格 #信念,さむい。きびしい。ひきしまる。,100,100,100,,
叡,16,False,#知性 #品格,さとい。あきらか。すぐれた知恵。,100,100,100,,
嘉,14,False,#品格 #幸福,よい。めでたい。褒める。,100,100,100,,
壽,14,False,#?? #??,ことぶき。長寿。めでたい。※「寿」の旧字体。,100,100,100,reviewed,set:#?? #??
彰,14,True,#品格 #知性,あきらか。あらわす。褒める。,100,100,100,,
徳,14,True,#信念 #品格,とく。すぐれた品性。恵み。,100,100,100,,
德,15,False,#信念 #品格,とく。品性。恵み。※「徳」の旧字体。,100,100,100,,
慧,15,False,#知性 #品格,さとい。賢い。真理を見抜く。,100,100,100,,
慶,15,True,#幸福 #品格,よろこぶ。めでたい。さいわい。,100,100,100,,
憲,16,True,#品格 #知性,のっとる。おきて。手本。,100,100,100,,
暦,14,True,#?? #??,こよみ。月日。時の流れ。,100,100,100,reviewed,set:#?? #??
楓,13,False,#自然,かえで。楓（ふう）。美しい紅葉。,100,100,100,,
樹,16,True,#自然 #品格,き。大樹。たつ。うえる。,100,100,100,,
橘,16,False,#自然 #伝統,たちばな。常緑樹。古くから愛される木。,100,100,100,,
櫻,21,False,#自然 #色彩,さくら。サクラ（植物）。※「桜」の旧字体。,100,100,100,,
歌,14,True,#奏楽 #幸福,うた。かなでる。喜び。,100,100,100,,
歓,14,True,#幸福,よろこぶ。楽しむ。,100,100,100,,
毅,15,False,#信念,つよい。意志が固い。果敢。,100,100,100,,
漣,14,False,#水景,さざなみ。,100,100,100,,
潔,15,True,#?? #??,いさぎよい。きよい。,100,100,100,reviewed,set:#?? #??
潤,15,True,#水景 #慈愛,うるおう。めぐみ。ゆたか。,100,100,100,,
澄,15,True,#水景 #知性,すむ。きよい。あきらか。,100,100,100,,
瀨,19,False,#水景,せ。※「瀬」の旧字体。,100,100,100,,
瀬,19,True,#水景,せ。浅瀬。流れ。,100,100,100,,
煌,13,False,#希望 #色彩,かがやく。きらめく。火が盛ん。,100,100,100,,
瑠,14,True,#色彩 #品格,瑠璃。美しい宝石。,100,100,100,,
瑳,14,False,#?? #??,みがく。あざやか。白い。,100,100,100,reviewed,set:#?? #??
瑶,13,False,#色彩,美しい玉。玉のような石。,100,100,100,,
璃,15,True,#色彩 #品格,瑠璃。美しい宝石。,100,100,100,,
碧,14,False,#色彩 #水景,あお。美しい石。深い緑。,100,100,100,,
碩,14,False,#品格,おおきい。ひろい。すぐれる。,100,100,100,,
禮,18,False,#品格 #伝統,れい。うやまう。※「礼」の旧字体。,100,100,100,,
穂,15,True,#?? #??,ほ。稲穂。実り。,100,100,100,reviewed,set:#?? #??
穏,16,True,#慈愛 #調和,おだやか。しずか。安らか。,100,100,100,,
篤,16,True,#信念 #慈愛,あつい。まこと。ねんごろ。,100,100,100,,
綺,14,False,#色彩 #品格,あや。美しい模様。きらびやか。,100,100,100,,
綾,14,False,#色彩,あや。絹織物の模様。美しい。,100,100,100,,
緋,14,False,#色彩 #品格,あか。濃い赤色。,100,100,100,,
緑,14,True,#自然 #色彩,みどり。新緑。若々しい。,100,100,100,,
緖,15,False,#伝統 #信念,いとぐち。※「緒」の旧字体。,100,100,100,,
織,18,True,#伝統 #色彩,おる。組み立てる。織物。,100,100,100,,
翠,14,False,#色彩 #水景,カワセミ。みどり色。美しい宝石。,100,100,100,,
耀,20,False,#希望 #天空,かがやく。ひかり。あきらか。,100,100,100,,
聡,14,False,#知性 #飛躍,さとい。耳が早い。賢い。,100,100,100,,
蓮,13,False,#?? #??,はす。泥中から清らかに咲く花。,100,100,100,reviewed,set:#?? #??
薫,16,True,#自然 #色彩,かおる。香る。徳が広がる。,100,100,100,,
薰,19,False,#色彩 #自然,かおる。※「薫」の旧字体。,100,100,100,,
藍,18,True,#?? #??,あい。藍色。植物の名。,100,100,100,reviewed,set:#?? #??
藤,18,True,#自然 #色彩,ふじ。フジ（植物）。しだれる。,100,100,100,,
蘭,19,False,#自然 #色彩,らん。気高く美しい花。,100,100,100,,
衛,16,True,#勇壮 #品格,まもる。防ぐ。守護。,100,100,100,,
諒,15,False,#信念 #知性,まこと。あきらか。たすける。,100,100,100,,
豪,14,True,#品格 #飛躍,すぐれる。力強い。えらい。,100,100,100,,
賢,16,True,#知性 #品格,かしこい。すぐれる。さとい。,100,100,100,,
輔,14,False,#慈愛,たすける。すけ。車を支える。,100,100,100,,
輝,15,True,#希望 #飛躍,かがやく。ひかり。盛ん。,100,100,100,,
遼,15,False,#??,はるか。遠い。,100,100,100,reviewed,set:#??
錦,16,True,#色彩 #品格,にしき。美しい織物。輝かしい。,100,100,100,,
響,20,True,#?? #??,ひびく。音が伝わる。影響。,100,100,100,reviewed,set:#?? #??
颯,14,False,#勇壮 #飛躍,風が吹く様。はやて。さっそう。,100,100,100,,
馨,20,False,#?? #??,かおる。香りが良い。徳が高い。,100,100,100,reviewed,set:#?? #??
鯉,18,False,#水景 #勇壮,こい。魚の名。強健。,100,100,100,,
鳳,14,False,#勇壮 #幸福,おおとり。鳳凰。気高い。,100,100,100,,
鵬,19,False,#飛躍 #勇壮,おおとり。巨大な伝説の鳥。,100,100,100,,
鶴,21,True,#幸福 #伝統,つる。ツル（鳥）。長寿の象徴。,100,100,100,,
麒,19,False,#勇壮 #品格,麒麟。神獣。すぐれた才能。,100,100,100,,
麗,19,True,#色彩 #品格,うるわしい。あざやか。美しい。,100,100,100,,
麟,24,False,#品格 #伝統,麒麟。神獣。極めて優れた才能。,100,100,100,,
響,22,False,#奏楽 #天空,ひびく。※「響」の異体字。,100,100,100,,
知,8,True,#知性,しる。わかる。知恵。,100,100,35,,
健,11,True,#幸福 #知性,すこやか。丈夫。すぐれる。,100,100,30,,
隼,10,False,#勇壮 #飛躍,はやぶさ。鳥の名。鋭い。速い。,100,100,30,,
駿,17,False,#品格 #飛躍,すぐれる。足の速い馬。,100,100,30,,
竜,10,True,#勇壮 #飛躍,たつ。想像上の動物。勢いがある。,100,100,25,,
進,11,True,#飛躍,すすむ。前進する。贈る。,100,100,25,,
鍛,17,True,#知性,きたえる。打つ。練り上げる。,100,100,25,,
隆,11,True,#飛躍,さかん。高い。盛り上がる。,100,100,25,,
志,7,True,#信念 #希望,こころざし。目標。厚意。,100,95,35,,
康,11,True,#幸福,やすらか。すこやか。楽しむ。,100,90,35,,
峻,10,False,#品格 #自然,たかい。厳しい。険しい。,100,85,50,,
一,1,True,#調和,ひとつ。物事の始まり。純粋。唯一。,100,85,45,,
祐,9,False,#慈愛,たすける。神の助け。,100,85,45,,
泉,9,True,#水景 #自然,いずみ。わき出る。源。,100,85,35,,
剛,10,True,#信念 #勇壮,つよい。かたい。屈しない。,100,85,30,,
勇,9,True,#信念 #勇壮,いさましい。強い。勇気。,100,85,30,,
啓,11,True,#知性 #飛躍,ひらく。教える。導く。,100,80,50,,
洋,9,True,#水景 #飛躍,ひろい。海。大海原。,100,80,50,,
空,8,True,#天空 #飛躍,そら。大空。清らか。広い。,100,80,50,,
航,10,True,#勇壮 #水景,わたる。船で行く。,100,80,50,,
悠,11,True,#幸福,とおい。ゆったり。長く続く。,100,80,45,,
泰,10,True,#慈愛 #飛躍,ゆたか。大きい。おだやか。,100,80,45,,
蒼,13,False,#品格 #天空,あおい。あおあおとした。,100,80,45,,
陸,11,True,#勇壮 #自然,おか。大地。続く。平ら。,100,80,45,,
大,3,True,#信念 #飛躍,おおきい。すぐれた。立派な。,100,75,45,,
実,8,True,#信念 #飛躍,みのり。まこと。本当。誠実。,100,75,45,,
望,11,True,#品格 #希望,のぞむ。願う。遠くを見る。満月。,100,75,45,,
稔,13,False,#自然 #飛躍,みのる。実る。年。,100,75,45,,
翔,12,False,#希望 #飛躍,かける。空を飛ぶ。めぐる。,100,75,45,,
翼,17,True,#??,つばさ。たすける。はね。,100,75,45,reviewed,set:#??
遥,12,False,#希望 #自然,はるか。遠い。ゆったり。,100,75,45,,
舜,13,False,#自然,しゅん。伝説の聖王の名。,100,70,55,,
俊,9,True,#品格 #飛躍,すぐれる。秀でる。賢い。,100,70,50,,
智,12,False,#知性,さとい。知恵。賢い。物事の理。,100,70,50,,
浩,10,False,#飛躍,ひろい。大きい。ゆたか。,100,65,65,,
湊,12,False,#水景 #調和,みなと。集まる。水上交通の要所。,100,65,65,,
誉,13,True,#品格 #幸福,ほまれ。名誉。すぐれた名声。,100,65,65,,
亮,9,False,#信念 #飛躍,あかるい。あきらか。たすける。,100,65,60,,
悟,10,True,#知性,さとる。理解する。迷いが解ける。,100,65,60,,
昭,9,True,#?? #??,あかるい。あきらか。,100,65,60,reviewed,set:#?? #??
透,10,True,#信念 #知性,すきとおる。とおる。ひそか。,100,65,60,,
和,8,True,#?? #??,やわらぐ。なごむ。調和。日本。,100,65,55,reviewed,set:#?? #??
哲,10,True,#知性,さとい。賢い。道理に明るい。,100,65,55,,
正,5,True,#信念 #品格,ただしい。まさに。中心。,100,65,55,,
清,11,True,#慈愛 #水景,きよい。清らか。潔い。,100,65,55,,
瑞,13,False,#幸福,みずみずしい。めでたい。,100,65,55,,
良,7,True,#品格 #飛躍,よい。優れている。まこと。,100,65,55,,
靖,13,False,#慈愛,やすらか。おさめる。しずか。,100,65,55,,
光,6,True,#希望 #飛躍,ひかり。かがやく。,100,65,50,,
暁,12,True,#希望 #知性,あかつき。夜明け。待ち望んだ時。,100,65,50,,
曙,17,False,#天空,あけぼの。夜明け。始まり。,100,65,50,,
帆,6,True,#勇壮 #水景,ほ。帆。風を受けて進む。,100,65,45,,
晋,10,False,#飛躍,すすむ。あがる。,100,65,45,,
廉,13,True,#?? #??,いさぎよい。安。かど。,100,60,70,reviewed,set:#?? #??
理,11,True,#知性 #飛躍,ことわり。おさめる。磨く。宝石の筋。,100,60,70,,
美,9,True,#品格 #色彩,うつくしい。立派。よい。,100,60,70,,
奏,9,True,#奏楽 #飛躍,かなでる。差し出す。成し遂げる。,100,60,65,,
結,12,True,#調和,むすぶ。つなぐ。実る。,100,60,65,,
晶,12,True,#希望 #知性,あきらか。光り輝く。水晶。,100,60,60,,
桂,10,False,#自然,かつら。カツラ科の樹木。月にある木。,100,60,60,,
琴,12,True,#?? #??,こと。弦楽器。,100,60,60,reviewed,set:#?? #??
昇,8,True,#飛躍,のぼる。上がる。,100,60,55,,
昌,8,False,#品格 #飛躍,さかん。あかるい。美しい。,100,60,55,,
星,9,True,#天空,ほし。ひかり。目印。,100,60,55,,
晃,10,False,#希望 #飛躍,あきらか。光り輝く。,100,60,55,,
栄,9,True,#品格 #飛躍,さかえる。光栄。誉れ。,100,60,55,,
燦,17,False,#天空,あざやか。きらびやか。,100,60,55,,
陽,12,True,#?? #??,太陽。日向。明るい。積極的。,100,60,55,reviewed,set:#?? #??
葵,12,False,#自然,あおい。太陽を仰ぐ植物。,100,60,50,,
優,17,True,#品格 #飛躍,すぐれる。やさしい。ゆたか。,100,55,70,,
真,10,True,#信念 #品格,まこと。真実。正しい。,100,55,70,,
裕,12,True,#飛躍,ゆたか。ゆとりがある。,100,55,70,,
誠,13,True,#信念 #品格,まこと。真実。誠実。,100,55,70,,
明,8,True,#希望 #知性,あかるい。明快。賢い。,100,55,65,,
弥,8,True,#飛躍 #幸福,いよいよ。わたる。あまねく。遠い。,100,55,55,,
栞,10,False,#伝統 #自然,しおり。道しるべ。書物。,100,55,55,,
葉,12,True,#自然 #色彩,は。木の葉。言葉。,100,55,55,,
詩,13,True,#品格 #知性,うた。詩歌。美しい言葉。,100,55,55,,
郁,9,False,#飛躍,かおる。文化が盛ん。美しい。,100,55,55,,
楽,13,True,#奏楽 #慈愛,たのしい。かなでる。安らか。,100,50,70,,
章,11,True,#?? #??,しるし。文。あや。区切り。,100,50,70,reviewed,set:#?? #??
聖,13,True,#信念 #品格,ひじり。清い。徳の高い人。,100,50,70,,
雅,13,True,#品格,みやび。上品。正しい。,100,50,70,,
幸,8,True,#慈愛 #水景,しあわせ。幸運。めでたい。,100,50,55,,
春,9,True,#希望 #飛躍,はる。はじまり。温かい。活力。,100,50,55,,
彦,9,False,#信念 #品格,ひこ。優れた男子。容姿が美しい。,100,45,85,,
珠,10,True,#品格 #色彩,たま。真珠。美しい。貴重なもの。,100,45,85,,
英,8,True,#品格 #色彩,ひいでる。すぐれる。美しい。,100,45,85,,
華,10,True,#品格 #色彩,はな。はなやか。美しい。栄える。,100,45,85,,
愛,13,True,#??,いつくしむ。めでる。いとしい。,100,45,75,reviewed,set:#??
仁,4,True,#品格 #慈愛,慈しみ。思いやり。徳。,100,45,70,,
晴,12,True,#希望 #自然,はれる。あかるい。空が澄む。,100,45,65,,
瑛,12,False,#希望 #色彩,美しい石。玉の光。,100,40,95,,
謙,17,True,#信念 #品格,へりくだる。ゆずる。,100,40,85,,
恵,10,True,#慈愛 #知性,めぐむ。情け。賢い。,100,40,80,,
慈,13,True,#慈愛,いつくしむ。なさけ。深い愛。,100,40,80,,
睦,13,True,#調和,むつむ。仲が良い。親しむ。,100,40,80,,
純,10,True,#?? #??,まじりけがない。純粋。,100,35,90,reviewed,set:#?? #??
暖,13,True,#慈愛,あたたかい。和らぐ。,100,35,85,,
彩,11,True,#色彩,いろどる。いろどり。あや。,100,30,90,,
玲,9,False,#?? #??,たまの響き。清らか。美しい。,100,30,90,reviewed,set:#?? #??
琳,12,False,#色彩,美しい玉。玉の鳴る音。,100,30,90,,
紗,10,False,#色彩,うすもの。絹織物。あや。,100,30,90,,
絢,12,False,#色彩,織物の美しい模様。あや。,100,30,90,,
寛,13,True,#天空 #飛躍,ひろい。ゆったり。くつろぐ。,100,30,85,,
涼,11,True,#信念 #水景,すずしい。清らか。まこと。,100,25,100,,
香,9,True,#色彩,かおり。かおる。,100,25,100,,
咲,9,True,#?? #??,さく。わらう。,100,25,85,reviewed,set:#?? #??
奈,8,True,#??,いかん。なに。からなし。,100,25,85,reviewed,set:#??
桜,10,True,#伝統 #色彩,さくら。日本の花。美しい。,100,25,85,,
梨,11,True,#自然,なし。バラ科の果樹。白い花。,100,25,85,,
琥,12,False,#色彩,宝石の名。琥珀。,100,25,85,,
茉,8,False,#自然 #色彩,茉莉（まつり）。ジャスミン。,100,25,85,,
茜,9,False,#色彩,あかね。赤色。植物。,100,25,85,,
夢,13,True,#信念 #飛躍,ゆめ。願い。はかない。,100,20,100,,
宝,8,True,#??,たから。貴重なもの。玉（ぎょく）。,100,20,100,reviewed,set:#??
笑,10,True,#幸福,わらう。花が咲く。,100,20,100,,
紫,12,True,#色彩,むらさき。高貴な色。,100,20,100,,
映,9,True,#色彩 #飛躍,うつる。はえる。光り輝く。,100,20,95,,
太,4,True,#勇壮 #幸福,ふとい。大きい。はなはだ。,98,100,20,,
尚,8,True,#飛躍,たっとぶ。高める。さらに。,98,75,45,,
昊,8,False,#希望 #飛躍,そら。大空。夏の空。大きい。,98,75,45,,
辰,7,False,#飛躍,たつ。十二支の第五。星。時。,98,75,40,,
音,9,True,#奏楽 #調和,おと。ひびき。たより。,98,60,60,,
旭,6,False,#?? #??,あさひ。輝く。昇る太陽。,98,60,55,reviewed,set:#?? #??
寿,7,True,#幸福 #伝統,ことぶき。いのち。長寿。,98,55,60,,
永,5,True,#幸福,ながい。久しい。とこしえ。,98,55,55,,
佳,8,True,#品格 #色彩,よい。美しい。すぐれる。,98,45,85,,
秀,7,True,#品格 #飛躍,ひいでる。優れている。美しい。,98,45,85,,
珀,9,False,#色彩,こはく。宝石の名前。,98,20,95,,
偉,12,True,#品格 #飛躍,えらい。すぐれる。立派。,95,100,30,,
喜,12,True,#幸福,よろこぶ。喜ぶ。めでたい。,95,100,30,,
拓,8,True,#飛躍,ひらく。切り拓く。開拓。,95,100,30,,
速,10,True,#勇壮,はやい。すみやか。,95,100,30,,
飛,9,True,#勇壮 #飛躍,とぶ。飛躍する。速い。,95,100,30,,
昂,8,False,#希望 #飛躍,あがる。高く上がる。高ぶる。,95,100,25,,
直,8,True,#信念 #品格,なおす。まっすぐ。ただ。,95,100,25,,
壮,6,True,#品格 #飛躍,さかん。盛ん。逞しい。立派。,95,100,20,,
森,12,True,#品格 #自然,もり。木が茂る場所。,95,100,20,,
猛,11,True,#勇壮,たけし。つよい。はげしい。,95,100,20,,
雄,12,True,#品格 #飛躍,おす。すぐれる。力強い。,95,100,20,,
儀,15,True,#品格 #知性,のっとる。かたち。ただしい。,95,95,95,,
實,14,False,#信念 #飛躍,まこと。みのる。※「実」の旧字体。,95,95,95,,
嶺,17,False,#自然 #飛躍,みね。山の頂。気高い。,95,95,95,,
徹,15,True,#信念 #勇壮,とおる。つきぬける。きわめる。,95,95,95,,
愼,13,False,#信念,まこと。つつしむ。しずか。※「慎」の旧字体。,95,95,95,,
憧,15,True,#信念 #慈愛,あこがれる。おもう。,95,95,95,,
憬,15,True,#信念 #知性,あこがれる。さとる。,95,95,95,,
摯,15,True,#品格,まじめ。手厚い。いたる。,95,95,95,,
暉,13,False,#希望 #知性,かがやく。光。太陽の光。,95,95,95,,
暢,14,False,#幸福,のびる。とおる。やわらぐ。,95,95,95,,
曜,18,True,#天空 #希望,かがやく。ひかり。日。,95,95,95,,
榊,14,False,#自然,さかき。神木。清らか。,95,95,95,,
榛,14,False,#自然,はしばみ。榛（しん）。,95,95,95,,
槇,14,False,#自然,まき。マキ（常緑高木）。※「槙」の別体。,95,95,95,,
槙,14,False,#自然,まき。マキ（常緑高木）。,95,95,95,,
槻,15,False,#自然,つき。ケヤキの一種。強く高い木。,95,95,95,,
樟,15,False,#自然,くすのき。香りが良く、長く生きる木。,95,95,95,,
溫,13,False,#慈愛,あたたかい。なごやか。※「温」の旧字体。,95,95,95,,
滉,13,False,#水景 #飛躍,ひろい。水が深く広い様。,95,95,95,,
潮,15,True,#水景,しお。うしお。みちひ。,95,95,95,,
瀧,19,False,#調和,たき。激しい水の流れ。※「滝」の旧字体。,95,95,95,,
熙,15,False,#飛躍 #幸福,かがやく。ひろい。やわらぐ。,95,95,95,,
燿,18,False,#希望 #天空,かがやく。ひかり。,95,95,95,,
璧,18,True,#品格 #色彩,たま。円形の玉。完璧。,95,95,95,,
瞬,18,True,#希望 #飛躍,またたく。一瞬。きらめき。,95,95,95,,
磨,16,True,#知性 #飛躍,みがく。とぐ。精進する。,95,95,95,,
稲,14,True,#自然 #飛躍,稲。稲穂。実り。豊かな収穫。,95,95,95,,
穗,17,False,#自然 #飛躍,ほ。みのり。※「穂」の旧字体。,95,95,95,,
穣,18,False,#自然 #飛躍,みのる。ゆたか。五穀。,95,95,95,,
穰,22,False,#自然 #飛躍,みのる。※「穣」の旧字体。,95,95,95,,
篠,17,False,#自然 #伝統,しの。細い竹。しなやかで強い。,95,95,95,,
精,14,True,#信念,まじりけがない。たましい。,95,95,95,,
維,14,True,#品格 #調和,つなぐ。支える。保つ。,95,95,95,,
緒,14,True,#伝統 #信念,お。ひも。物事の始まり。つながり。,95,95,95,,
肇,14,False,#飛躍,はじめる。正す。,95,95,95,,
興,16,True,#幸福 #飛躍,おこる。さかん。楽しむ。,95,95,95,,
舞,15,True,#?? #??,まう。まい。はねる。,95,95,95,reviewed,set:#?? #??
蓉,13,False,#色彩,はす。芙蓉（ふよう）。美しく気高い。,95,95,95,,
誼,15,False,#品格 #調和,よしみ。親しみ。正しい道。,95,95,95,,
諭,16,True,#知性 #慈愛,さとす。教え導く。あきらかにする。,95,95,95,,
識,19,True,#知性 #品格,しる。見分ける。知恵。,95,95,95,,
護,20,True,#慈愛 #品格,まもる。助ける。守護。,95,95,95,,
躍,21,True,#飛躍 #勇壮,おどる。はねる。勢いよく進む。,95,95,95,,
遵,15,True,#信念 #品格,したがう。のっとる。守る。,95,95,95,,
醇,15,False,#水景,あつい。まじりけがない。善良。,95,95,95,,
静,14,True,#品格 #知性,しずか。安らか。きよい。,95,95,95,,
魁,14,False,#勇壮 #品格,さきがけ。首領。すぐれる。,95,95,95,,
黎,15,False,#飛躍 #品格,くろい。もろもろ。夜明け。,95,95,95,,
福,14,False,#幸福,さいわい。しあわせ。※「福」の異体字。,95,95,95,,
禎,14,False,#品格 #幸福,さいわい。正しい。※「禎」の異体字。,95,95,95,,
鴻,17,False,#飛躍,おおとり。大きな雁。すぐれた。,95,95,40,,
初,7,True,#希望 #飛躍,はじめ。うい。清らか。,95,95,35,,
佐,7,True,#慈愛,たすける。補佐する。,95,90,45,,
君,7,True,#品格,きみ。主君。立派な人。,95,90,45,,
央,5,True,#調和,なか。まんなか。鮮やか。,95,90,35,,
朝,12,True,#希望,あさ。夜明け。はじまり。,95,85,35,,
滋,12,True,#慈愛 #自然,しげる。うるおう。増える。,95,85,35,,
生,5,True,#知性 #自然,いきる。うまれる。はえる。,95,85,35,,
萌,11,False,#?? #??,もえる。芽生える。きざし。,95,85,35,reviewed,set:#?? #??
修,10,True,#品格 #色彩,おさめる。修める。学ぶ。整える。,95,80,50,,
弘,5,False,#飛躍,ひろい。大きい。広める。,95,80,45,,
治,8,True,#信念 #品格,おさめる。なおす。平和。,95,80,45,,
湖,12,True,#水景,みずうみ。広く静かな水面。,95,80,45,,
湘,12,False,#水景,湘南。川の名。清らか。,95,80,45,,
景,12,True,#品格,けしき。ひかり。あかるい。大きい。,95,75,60,,
洸,9,False,#勇壮 #飛躍,みずが深い。水の輝く様。,95,75,55,,
伸,7,True,#飛躍,のびる。のばす。まっすぐ。,95,75,50,,
天,4,True,#天空,そら。あめ。大空。すぐれた。,95,75,45,,
世,5,True,#調和 #飛躍,よ。世の中。世代。,95,75,40,,
宗,8,True,#自然,むね。おおもと。先祖。,95,75,40,,
斗,4,True,#天空,ひしゃく。ます。星座の名。,95,75,40,,
滝,13,True,#水景 #自然,たき。勢いよく落ちる水。,95,75,40,,
宇,6,True,#天空,のき。家。大空。宇宙。,95,70,60,,
律,9,True,#信念 #奏楽,のり。きまり。音律。,95,70,60,,
道,12,True,#信念 #知性,みち。道理。教え。導く。,95,70,60,,
稀,12,False,#飛躍,まれ。めずらしい。非常に。,95,70,50,,
尊,12,True,#信念 #品格,たっとい。尊ぶ。立派。,95,65,65,,
貴,12,True,#品格,たっとい。尊い。価値がある。,95,65,65,,
基,11,True,#自然,もと。土台。はじまり。,95,65,60,,
惟,11,False,#信念 #知性,おもう。考える。これ。ただ。,95,65,60,,
善,12,True,#品格 #調和,よい。正しい。優れている。,95,65,55,,
亨,7,False,#飛躍,とおる。願いが届く。供える。,95,65,50,,
成,6,True,#飛躍,なる。なす。成し遂げる。,95,65,50,,
新,13,True,#飛躍,あたらし。はじめて。,95,65,50,,
満,12,True,#幸福 #飛躍,みちる。満たす。足りる。,95,65,50,,
祥,10,True,#幸福,さいわい。めでたい。※旧字「祥」も同様。,95,65,50,,
福,13,True,#幸福,さいわい。しあわせ。豊か。,95,65,50,,
蒔,13,False,#自然,まく。植える。,95,65,50,,
豊,13,True,#幸福 #飛躍,ゆたか。実る。満ち足りる。,95,65,50,,
奨,13,True,#慈愛,すすめる。励ます。,95,65,45,,
皇,9,True,#品格 #飛躍,きみ。輝く。大きい。尊い。,95,60,75,,
順,12,True,#慈愛,したがう。すなお。順序。,95,60,70,,
惺,12,False,#知性,さとる。しずか。あきらか。,95,60,65,,
深,11,True,#慈愛 #知性,ふかい。奥深い。静か。,95,60,65,,
会,6,True,#調和,あう。集まる。,95,60,60,,
冴,7,False,#知性 #品格,さえる。冷たい。澄み渡る。※国字に近い扱い。,95,60,60,,
友,4,True,#慈愛 #調和,とも。仲間。たすける。,95,60,60,,
紘,10,False,#飛躍,おおづな。冠の紐。あまねく。ひろい。,95,60,60,,
晄,10,False,#希望 #飛躍,あきらか。光り輝く。,95,60,55,,
照,13,True,#希望 #知性,てる。ひかる。あかるい。,95,60,55,,
禎,13,False,#品格 #幸福,さいわい。めでたい。正しい。,95,60,55,,
孝,7,True,#慈愛,おやこうこう。父母を敬う。,95,60,50,,
忠,8,True,#信念 #品格,まごころ。誠実。尽くす。,95,60,50,,
礼,5,True,#信念 #品格,れい。うやうやしい。のり。,95,60,50,,
紬,11,False,#伝統 #色彩,つむぎ。丈夫な絹織物。,95,60,50,,
采,8,True,#色彩,とる。選ぶ。彩り。領地。,95,55,80,,
慎,13,True,#信念 #品格,つつしむ。しずか。まこと。,95,55,70,,
敬,12,True,#信念 #品格,うやまう。敬意。慎む。,95,55,65,,
義,13,True,#品格,正しい。道。義理。,95,55,65,,
叶,5,False,#調和,かなう。合わせる。調和。,95,55,60,,
希,7,True,#幸福 #飛躍,まれ。ねがう。希求する。,95,55,60,,
源,13,True,#水景 #飛躍,みなもと。物事の始まり。,95,55,60,,
久,3,True,#幸福,長い時間が経過する。いつまでも。,95,55,55,,
史,5,True,#飛躍,ふみ。記録。歴史。,95,55,55,,
安,6,True,#調和 #幸福,やすい。おだやか。静か。安らぎ。,95,55,55,,
平,5,True,#品格,たいら。おだやか。ひとしい。,95,55,55,,
恒,9,True,#信念 #調和,つね。いつも。変わらない。,95,55,55,,
文,4,True,#品格 #知性,ふみ。あや。模様。書物。,95,55,55,,
松,8,True,#幸福 #飛躍,まつ。マツ科の樹木。長寿。,95,55,55,,
詠,12,True,#品格 #知性,よむ。詠む。詩歌を作る。,95,55,55,,
流,10,True,#水景 #調和,ながれる。広まる。流儀。,95,50,70,,
瞭,17,True,#知性,あきらか。はっきり。,95,50,65,,
芽,8,True,#慈愛 #飛躍,め。芽生え。はじまり。,95,50,55,,
蕾,16,False,#色彩,つぼみ。花のつぼみ。,95,50,55,,
賀,12,True,#幸福,いわう。よろこぶ。加える。,95,50,55,,
風,9,True,#自然 #飛躍,かぜ。すがた。流儀。,95,50,55,,
温,12,True,#慈愛,あたたかい。穏やか。復習する。,95,45,80,,
厚,9,True,#幸福 #慈愛,あつい。豊か。誠実。,95,45,75,,
敦,12,False,#信念,あつい。人情が厚い。誠実。,95,45,75,,
恩,10,True,#慈愛,めぐみ。いつくしみ。,95,45,70,,
柔,9,True,#慈愛 #調和,やわらか。しなやか。おだやか。,95,45,70,,
莞,10,False,#幸福 #自然,い。植物。にっこり笑う。,95,45,65,,
朗,10,True,#希望 #知性,ほがらか。あかるい。※旧字「朗」も同様。,95,40,80,,
芳,7,True,#品格 #色彩,かんばしい。香りが良い。,95,35,95,,
惠,12,False,#慈愛 #知性,めぐみ。あわれむ。※「恵」の異体字。,95,35,75,,
育,8,True,#慈愛 #希望,そだてる。はぐくむ。成長。,95,35,75,,
怜,8,False,#慈愛 #知性,さとい。賢い。あわれむ。,95,30,90,,
琉,11,False,#色彩,宝石の名。琉球。青い宝石。,95,30,90,,
絵,12,True,#色彩,え。彩り。あや。,95,30,90,,
花,7,True,#幸福 #色彩,はな。美しい。華やか。,95,30,90,,
愉,12,True,#幸福,たのしい。喜ぶ。,95,30,85,,
令,5,True,#品格,よい。美しい。おさめる。,95,25,100,,
渚,11,False,#水景,なぎさ。波打ち際。,95,25,100,,
青,8,True,#色彩,あお。青色。若い。清らか。,95,25,90,,
椛,11,False,#伝統 #色彩,もみじ。かば。※国字（日本で作られた字）。,95,25,85,,
絹,13,True,#色彩,きぬ。絹織物。なめらか。,95,25,85,,
苺,8,False,#自然 #色彩,いちご。バラ科の植物。,95,25,85,,
菫,11,False,#自然 #色彩,すみれ。スミレ科の植物。,95,25,85,,
那,7,True,#色彩,なに。いかん。美しい。多い。,95,25,85,,
媛,12,True,#品格 #色彩,ひめ。貴い女性。美しい女性。,95,20,100,,
柳,9,True,#自然,やなぎ。しなやか。美しい。,95,20,100,,
萩,12,False,#自然,はぎ。秋の七草の一つ。,95,20,100,,
嵩,13,False,#自然 #飛躍,かさ。やまが高い。,90,100,30,,
快,7,True,#希望 #飛躍,こころよい。はやい。爽やか。,90,100,30,,
歩,8,True,#飛躍,あゆむ。歩む。着実。,90,100,30,,
貫,11,True,#勇壮,つらぬく。通す。つら。,90,100,30,,
超,12,True,#品格 #飛躍,こえる。抜け出る。すぐれる。,90,100,30,,
保,9,True,#慈愛 #調和,たもつ。まもる。安んじる。,90,100,25,,
努,7,True,#勇壮 #飛躍,つとめる。力を出す。,90,100,25,,
励,7,True,#勇壮 #飛躍,はげむ。力を出す。すすめる。,90,100,25,,
勝,12,True,#飛躍,かつ。まさる。すぐれる。,90,100,25,,
渡,12,True,#水景,わたる。渡る。渡す。,90,100,25,,
登,12,True,#飛躍,のぼる。あがる。成し遂げる。,90,100,25,,
竣,12,False,#飛躍,おわる。とげる。成し遂げる。,90,100,25,,
赳,10,False,#勇壮,つよい。勇ましい。,90,100,20,,
燎,16,False,#天空,かがりび。燃える。,90,95,40,,
旺,8,True,#希望 #飛躍,さかん。光り輝く。美しい。,90,95,35,,
堅,12,True,#信念 #勇壮,かたい。しっかりしている。誠実。,90,95,30,,
麻,11,True,#自然,あさ。植物。まっすぐ伸びる。,90,95,30,,
勲,15,True,#品格 #飛躍,いさお。てがら。功績。,90,90,90,,
嚴,20,False,#品格 #信念,きびしい。おごそか。※「厳」の旧字体。,90,90,90,,
寬,15,False,#天空 #飛躍,ひろい。ゆったり。※「寛」の旧字体。,90,90,90,,
彌,18,False,#天空 #幸福,わたる。あまねく。ひろがる。※「弥」の旧字体。,90,90,90,,
懐,16,True,#慈愛 #調和,なつかしい。おもう。いだく。,90,90,90,,
懷,19,False,#慈愛 #調和,おもう。※「懐」の旧字体。,90,90,90,,
榎,14,False,#自然,えのき。エノキ（植物）。,90,90,90,,
榮,14,False,#品格 #色彩,さかえる。はえる。※「栄」の旧字体。,90,90,90,,
樺,14,False,#自然,かば。カバノキ（植物）。,90,90,90,,
檀,17,False,#自然 #品格,まゆみ。香木。強くしなやかな木。,90,90,90,,
櫂,18,False,#水景 #勇壮,かい。船を漕ぐ道具。,90,90,90,,
確,15,True,#信念,たしか。かたい。はっきり。,90,90,90,,
磐,15,False,#自然,いわ。堅固な土台。,90,90,90,,
稜,13,False,#品格 #自然,かど。いつ。山の背。,90,90,90,,
範,15,True,#品格 #自然,のり。てほん。枠組み。,90,90,90,,
粹,14,False,#色彩,まじりけがない。いき。※「粋」の旧字体。,90,90,90,,
繁,16,True,#自然 #飛躍,しげる。おおい。さかん。,90,90,90,,
繭,18,True,#色彩 #伝統,まゆ。蚕の殻。,90,90,90,,
詢,13,False,#信念 #品格,とう。たずねる。まこと。,90,90,90,,
誓,14,True,#信念 #品格,ちかう。誓い。固く約束する。,90,90,90,,
譲,20,True,#慈愛 #品格,ゆずる。あたえる。へりくだる。,90,90,90,,
讓,24,False,#慈愛 #品格,ゆずる。※「譲」の旧字体。,90,90,90,,
賑,14,False,#慈愛 #飛躍,にぎやか。豊か。施す。,90,90,90,,
銀,14,True,#品格 #色彩,ぎん。しろがね。美しい光。,90,90,90,,
銘,14,True,#信念 #知性,しるす。刻む。名。,90,90,90,,
鋭,15,True,#勇壮 #知性,するどい。すぐれる。はやい。,90,90,90,,
鋼,16,True,#勇壮,はがね。強く鍛えた鉄。,90,90,90,,
錬,16,True,#知性 #勇壮,ねる。鍛える。磨き上げる。,90,90,90,,
鍊,17,False,#勇壮 #知性,ねる。きたえる。※「錬」の旧字体。,90,90,90,,
鏡,19,True,#知性 #品格,かがみ。あきらか。鑑。,90,90,90,,
霧,19,True,#水景 #天空,きり。きり。幻想的。,90,90,90,,
顕,18,True,#知性 #品格,あきらか。あらわれる。すぐれる。,90,90,90,,
顯,23,False,#知性 #品格,あきらか。※「顕」の旧字体。,90,90,90,,
駒,15,True,#勇壮 #飛躍,こま。子馬。躍動感。,90,90,90,,
騰,20,True,#飛躍 #勇壮,あがる。のぼる。高く飛ぶ。,90,90,90,,
驍,22,False,#勇壮 #飛躍,つよい。勇ましい。すぐれた馬。,90,90,90,,
鷲,23,False,#勇壮 #天空,わし。ワシ（鳥）。勇猛で力強い。,90,90,90,,
鷹,24,False,#勇壮 #天空,たか。タカ（鳥）。鋭い知性と強さ。,90,90,90,,
麿,18,False,#調和,まろ。自分。,90,90,90,,
勤,13,False,#慈愛,つとめる。いそしむ。※「勤」の異体字。,90,90,90,,
繁,17,False,#自然 #飛躍,しげる。おおい。※「繁」の異体字。,90,90,90,,
高,10,True,#信念 #飛躍,たかい。すぐれる。崇高。,90,90,55,,
政,9,True,#品格 #調和,まつりごと。おさめる。ただす。,90,90,45,,
斉,8,True,#品格 #調和,ひとしい。整える。,90,90,45,,
将,11,True,#信念 #慈愛,ひきいる。リーダー。はた。※旧字「將」も同様。,90,90,40,,
意,13,True,#信念,こころ。おもい。わけ。,90,90,40,,
嵐,12,True,#自然 #勇壮,あらし。強い風。激しい勢い。,90,90,35,,
梓,11,False,#自然,あずさ。キササゲ。版木。弓。,90,90,35,,
匡,6,False,#信念 #品格,ただす。救う。正しくする。,90,85,40,,
日,4,True,#天空 #自然,ひ。太陽。かがやく。,90,85,35,,
駈,15,False,#天空,かける。走る。追い払う。,90,85,35,,
剣,10,True,#勇壮,つるぎ。刀。きびしい。,90,85,30,,
柚,9,False,#自然 #色彩,ゆず。ミカン科の果樹。,90,85,30,,
湧,12,True,#飛躍,わく。湧き出る。,90,85,30,,
獅,13,False,#勇壮,しし。ライオン。勇猛。,90,85,30,,
迅,6,True,#勇壮,はやい。激しい。迅速。,90,85,30,,
逞,11,False,#信念 #勇壮,たくましい。勝手。たくましく育つ。,90,85,30,,
亘,6,False,#調和 #飛躍,わたる。あまねく。ひろがる。,90,80,45,,
司,5,True,#品格,つかさどる。役目。,90,80,45,,
宏,7,False,#飛躍,ひろい。大きい。深く広い。,90,80,45,,
経,11,True,#品格 #知性,へる。治める。みち。縦糸。,90,80,45,,
勉,10,True,#勇壮 #飛躍,つとめる。励む。力。,90,75,45,,
名,6,True,#品格 #飛躍,な。評判。名声。,90,75,45,,
宙,8,True,#天空 #飛躍,おおぞら。時。宇宙。,90,75,45,,
広,5,True,#飛躍,ひろい。広がる。ひろめる。,90,75,45,,
遙,14,False,#希望 #自然,はるか。遠い。※「遥」の旧字体。,90,75,45,,
凱,12,False,#幸福 #慈愛,かちどき。やわらぐ。,90,70,55,,
堯,12,False,#品格 #飛躍,たかい。高く尊いさま。伝説の聖王。,90,70,55,,
尭,8,False,#品格 #飛躍,たかい。遠い。伝説の聖王の名。,90,70,55,,
逸,11,True,#勇壮 #飛躍,それる。はしる。すぐれる。,90,70,55,,
学,8,True,#知性,まなぶ。教え。知恵。,90,70,50,,
富,12,True,#飛躍,とむ。ゆたか。富。,90,70,50,,
橙,16,False,#自然 #色彩,だいだい。ミカン科の果実。代々。,90,70,50,,
琢,12,False,#知性 #飛躍,みがく。玉をたたく。,90,70,50,,
盛,11,True,#飛躍 #幸福,さかん。りっぱ。さかる。,90,70,50,,
研,9,True,#飛躍,とぐ。みがく。極める。,90,70,50,,
達,12,True,#調和 #飛躍,いたる。成し遂げる。あまねく。,90,70,50,,
嗣,13,True,#品格 #飛躍,つぐ。継承する。あとつぎ。,90,65,55,,
常,11,True,#調和 #希望,つね。いつも。変わらない。,90,65,55,,
言,7,True,#知性,いう。ことば。誓い。,90,65,55,,
貞,9,True,#信念,正しい。操が固い。まこと。,90,65,55,,
禄,12,False,#幸福 #慈愛,さいわい。ふち。天からの恵み。,90,65,50,,
途,10,True,#飛躍,みち。道。ゆく。,90,65,50,,
開,12,True,#飛躍,ひらく。はじめる。あく。,90,65,50,,
湛,12,False,#幸福 #飛躍,たたえる。深い。静か。満ちる。,90,60,65,,
沙,7,True,#水景 #自然,すな。よなげる。淘汰する（選り分ける）。,90,60,60,,
始,8,True,#幸福 #飛躍,はじめる。はじまり。もと。,90,60,55,,
心,4,True,#慈愛 #信念,こころ。精神。しん。,90,60,55,,
素,10,True,#自然,もと。しろい。飾りがない。,90,60,55,,
詣,13,True,#知性,まいる。いたる。詣でる。,90,60,55,,
李,7,False,#自然,すもも。バラ科の植物。徳がある人。,90,60,50,,
至,6,True,#飛躍,いたる。極み。最高の。,90,60,50,,
恭,10,True,#品格,うやうやしい。慎む。礼儀正しい。,90,55,65,,
千,3,True,#飛躍,数。ち。非常に多い。,90,55,60,,
乃,2,False,#信念,すなわち。の（助詞）。,90,55,55,,
之,3,False,#信念,の。～の。これ。ゆく。,90,55,55,,
想,13,True,#知性 #信念,おもう。考える。考え。,90,55,55,,
桃,10,True,#自然,もも。バラ科の果樹。長寿の象徴。,90,55,55,,
覚,12,True,#知性,おぼえる。さとる。めざめる。,90,55,55,,
楚,13,False,#勇壮 #自然,いばら。すっきり。清らか。,90,50,75,,
堂,11,True,#品格 #飛躍,お堂。立派な建物。表座敷。,90,50,70,,
皓,12,False,#品格 #自然,しろい。あかるい。きよい。,90,50,70,,
彗,11,False,#希望 #飛躍,ほうき。ほうき星。はく。,90,50,65,,
由,5,True,#自然,よし。よりどころ。理由。,90,50,60,,
倖,10,False,#信念 #幸福,しあわせ。幸運。,90,50,55,,
吉,6,True,#品格 #天空,よし。めでたい。幸運。,90,50,55,,
佑,7,False,#慈愛,たすける。助ける。天の助け。,90,45,75,,
侑,8,False,#品格 #慈愛,たすける。すすめる。報いる。,90,45,70,,
朋,8,False,#知性 #調和,とも。仲間。友達。,90,45,70,,
絆,11,False,#調和,きずな。馬を繋ぐ紐。人と人を結ぶ力。,90,45,70,,
都,11,True,#品格 #色彩,みやこ。みやび。すべて。,90,45,65,,
環,17,True,#調和,たま。わ。めぐる。つながり。,90,40,75,,
宥,9,False,#信念,なだめる。ゆるす。ひろい。,90,35,75,,
逢,11,False,#信念,あう。迎える。思いがけず出会う。,90,35,75,,
瞳,17,True,#慈愛 #色彩,ひとみ。目のたま。,90,30,95,,
斐,12,False,#色彩,あや。美しい模様。,90,30,90,,
玖,7,False,#色彩,美しい黒色の玉（宝石）。きゅう。,90,25,85,,
莉,10,False,#自然,茉莉（まつり）。ジャスミン。,90,25,85,,
菜,11,True,#自然,な。青菜。食用になる植物。,90,25,85,,
秋,9,True,#自然 #色彩,あき。実りの季節。美しい。,90,20,100,,
金,8,True,#色彩 #希望,かね。黄金。貴重なもの。,90,20,100,,
士,3,True,#伝統 #品格,さむらい。男子。立派な人。,85,100,25,,
揚,12,True,#知性,あがる。あげる。高く掲げる。,85,100,25,,
益,10,True,#飛躍,ます。役立つ。豊か。,85,100,25,,
馳,13,False,#勇壮,はせる。走る。思いをはせる。,85,100,25,,
博,12,True,#飛躍,ひろい。あまねく。知識が多い。,85,95,40,,
喬,12,False,#自然 #飛躍,たかい。高くそびえる。すぐれる。,85,95,40,,
梢,11,False,#自然,こずえ。木の先。高い。,85,95,40,,
路,13,True,#飛躍,みち。通り。つなぐ。,85,95,35,,
幹,13,True,#知性 #自然,みき。物事の根源。中心。,85,90,45,,
関,14,True,#調和,せき。つながる。かかわる。,85,90,45,,
波,8,True,#水景,なみ。波。しなやか。,85,90,35,,
依,8,True,#調和 #慈愛,よる。頼る。そのまま。,85,85,85,,
寧,14,True,#調和 #品格,やすらか。ねんごろ。丁寧。,85,85,85,,
巌,20,False,#自然 #勇壮,いわ。高い岸。険しい。,85,85,85,,
巖,23,False,#自然 #勇壮,いわ。※「巌」の旧字体。,85,85,85,,
廣,15,False,#品格 #飛躍,ひろい。大きい。※「広」の旧字体。,85,85,85,,
操,16,True,#信念 #品格,みさお。操る。正しい持ち。,85,85,85,,
擢,17,False,#飛躍 #品格,ぬく。ひき抜く。,85,85,85,,
礎,18,True,#品格 #飛躍,いしずえ。物事の土台。根底。,85,85,85,,
竪,14,False,#天空,たて。たてにする。,85,85,85,,
端,14,True,#品格,はし。正しい。物事の始まり。,85,85,85,,
綠,14,False,#色彩,みどり。新緑。※「緑」の旧字体。,85,85,85,,
緣,15,False,#調和 #幸福,えん。ゆかり。※「縁」の旧字体。,85,85,85,,
練,14,True,#知性 #品格,ねる。鍛える。磨く。,85,85,85,,
縁,15,True,#調和 #飛躍,ふち。つながり。ゆかり。,85,85,85,,
聽,22,False,#知性 #調和,きく。※「聴」の旧字体。,85,85,85,,
臨,18,True,#品格 #信念,のぞむ。面する。おもむく。,85,85,85,,
蔦,14,False,#自然,つた。植物の名。つらなる。,85,85,85,,
蔵,15,True,#飛躍,くら。おさめる。かくす。,85,85,85,,
衡,16,True,#知性 #調和,はかり。つりあい。おしはかる。,85,85,85,,
覇,19,True,#品格 #飛躍,はたがしら。王。制覇。,85,85,85,,
親,16,True,#慈愛,したしい。おや。自ら。,85,85,85,,
語,14,True,#調和,かたる。言葉。伝える。,85,85,85,,
讃,22,False,#知性 #品格,たたえる。ほめる。※「賛」の旧字体。,85,85,85,,
賛,15,True,#慈愛,たすける。たたえる。あきらか。,85,85,85,,
賜,15,True,#慈愛,たまわる。恵み。授かる。,85,85,85,,
質,15,True,#信念 #品格,もと。中身。誠実。,85,85,85,,
載,13,True,#調和 #知性,のせる。しるす。,85,85,85,,
鐘,20,True,#調和,かね。つりがね。響き。,85,85,85,,
鑑,23,True,#知性 #品格,かんがみる。手本。鏡。,85,85,85,,
靜,16,False,#調和,しずか。安らか。※「静」の旧字体。,85,85,85,,
韻,19,True,#奏楽 #調和,ひびき。音の調子。趣。,85,85,85,,
頌,13,False,#品格 #幸福,ほめる。たたえる。徳を記した歌。,85,85,85,,
頼,16,True,#勇壮 #慈愛,たよる。たのむ。まかせ。,85,85,85,,
駆,14,True,#飛躍 #勇壮,かける。走る。追い払う。,85,85,85,,
鯨,19,True,#勇壮 #自然,くじら。大海の王。壮大。,85,85,85,,
湾,12,True,#水景,いりうみ。まがり。港。,85,85,50,,
守,6,True,#信念 #調和,まもる。守護。大切にする。,85,85,40,,
元,4,True,#品格,はじめ。もと。根本。,85,85,35,,
忍,7,True,#信念 #勇壮,しのぶ。耐える。慈しむ。,85,85,35,,
欣,8,False,#幸福,よろこぶ。喜ぶ。,85,85,35,,
萠,11,False,#信念 #自然,もえる。芽生える。※「萌」の異体字。,85,85,35,,
勢,13,True,#勇壮 #飛躍,いきおい。力。はずみ。,85,85,30,,
敢,12,True,#信念,あえて。いさぎよい。強い。,85,85,30,,
長,8,True,#品格,ながい。おさ。優れる。,85,80,50,,
孟,8,False,#品格 #飛躍,はじめ。長男。孟子。大きい。,85,80,45,,
誇,13,True,#品格,ほこる。名誉。,85,80,45,,
兼,10,True,#飛躍,かねる。あわせ持つ。,85,75,55,,
勤,12,True,#慈愛,つとめる。励む。いそしむ。,85,75,45,,
来,7,True,#慈愛,くる。きたる。未来。,85,75,45,,
甫,7,False,#飛躍,はじめて。おおきい。すぐれた。男子。,85,75,45,,
南,9,True,#自然 #飛躍,みなみ。方位。温かい。,85,75,40,,
梛,11,False,#自然,なぎ。マキ科の常緑高木。神木。,85,75,40,,
港,12,True,#水景,みなと。船が泊まる場所。集まる場所。,85,65,65,,
浄,11,True,#水景,きよい。きよめる。汚れがない。※旧字「淨」も同様。,85,65,60,,
然,12,True,#自然,しかり。その通り。ありのまま。,85,65,60,,
允,4,False,#信念 #品格,まこと。ゆるす。あたる。,85,65,55,,
準,13,True,#調和,ひとしい。平ら。のり。なぞらえる。,85,65,55,,
陶,11,True,#幸福,すえ。焼き物。育てる。楽しむ。,85,65,55,,
果,8,True,#信念 #飛躍,み。はたす。結果。決断。,85,65,50,,
功,5,True,#勇壮 #飛躍,いさお。てがら。なしとげる。,85,65,45,,
彬,11,False,#信念 #知性,あきらか。うるわしい。,85,60,70,,
綸,14,False,#調和,いと。糸をまとめる。,85,60,70,,
凪,6,False,#水景,なぎ。波が静まる。※国字。,85,60,60,,
弦,8,True,#品格 #伝統,つる。弓の弦。楽器の弦。月。,85,60,60,,
承,8,True,#品格 #飛躍,うけたまわる。つぐ。受け入れる。,85,60,55,,
淳,11,False,#信念,あつい。清い。すなお。,85,60,55,,
鮮,17,True,#色彩,あざやか。新しい。あきらか。,85,60,55,,
悦,10,True,#幸福,よろこぶ。喜ぶ。楽しむ。,85,55,65,,
晏,10,False,#慈愛,おだやか。安らか。遅い。,85,55,60,,
雫,11,False,#水景 #自然,しずく。滴。清らか。※国字。,85,55,60,,
也,3,False,#信念,なり。～である。助動詞。,85,55,55,,
伊,6,False,#調和,これ。かれ。伊勢。,85,55,55,,
俐,9,False,#知性,さとい。賢い。,85,55,55,,
匠,6,True,#伝統 #品格,たくみ。職人。師匠。,85,55,55,,
園,13,True,#幸福 #自然,その。庭。公園。,85,55,55,,
磯,17,False,#水景,いそ。波打ち際。,85,55,55,,
笙,11,False,#調和,ふえ。雅楽の楽器。,85,55,55,,
鳴,14,True,#調和,なる。なく。響く。,85,55,55,,
人,2,True,#慈愛 #調和,ひと。人間。他者。情。,85,50,75,,
玄,5,True,#品格 #知性,くろ。奥深い。静か。,85,50,75,,
粋,10,True,#色彩,いき。すぐれもの。まじりけがない。,85,50,75,,
連,10,True,#調和,つらなる。つなぐ。仲間。,85,50,75,,
祈,8,True,#信念 #幸福,いのる。願う。,85,50,60,,
吾,7,False,#信念,われ。自分。わが。,85,50,55,,
子,3,True,#知性,こども。実。たま。,85,50,55,,
桔,10,False,#自然 #色彩,ききょう。直す。,85,50,50,,
椋,12,False,#自然,むく。ムクノキ（落葉高木）。,85,50,50,,
惇,11,False,#信念,あつい。人情が厚い。まこと。,85,45,75,,
皐,11,False,#自然 #水景,さつき。岸。神に捧げる稲。,85,45,65,,
荘,9,True,#品格,おごそか。立派。別荘。,85,45,65,,
圭,6,False,#品格,たま。角のある宝石。清らか。,85,30,90,,
毬,11,False,#色彩,まり。毛を固めた玉。,85,30,90,,
珊,9,False,#水景 #色彩,さんご。,85,30,90,,
白,5,True,#天空,しろ。きよい。あきらか。,85,30,90,,
紅,9,True,#色彩,くれない。べに色。あかい。,85,25,85,,
菊,11,True,#色彩,きく。キク科の植物。高貴な花。,85,25,85,,
月,4,True,#天空,つき。夜を照らす。天体。,85,20,100,,
感,13,True,#慈愛 #信念,かんじる。うごかす。,85,5,100,,
力,2,True,#勇壮 #飛躍,ちから。勢い。能力。つとめる。,80,100,30,,
崚,11,False,#品格 #自然,やまが高い。険しい。,80,100,30,,
彪,11,False,#色彩,とら。模様。あきらか。強い。,80,100,30,,
捷,11,False,#勇壮 #飛躍,はやい。勝つ。敏捷。,80,100,30,,
越,12,True,#飛躍,こえる。すぐれる。渡る。,80,100,30,,
遂,12,True,#飛躍,とげる。成し遂げる。,80,100,25,,
兜,11,False,#勇壮,かぶと。頭を守る武具。,80,100,20,,
塁,12,True,#自然,とりで。城壁。重ねる。,80,100,20,,
齊,14,False,#調和,ひとしい。ととのえる。※「斉」の旧字体。,80,90,45,,
冨,11,False,#飛躍,とむ。ゆたか。※「富」の異体字。,80,90,35,,
敏,10,True,#勇壮 #知性,さとい。はやい。賢い。※旧字「敏」も同様。,80,90,35,,
綱,14,True,#調和,つな。大綱。根本。絆。,80,90,35,,
介,4,True,#慈愛,たすける。隔てる。貝殻。,80,85,35,,
夏,10,True,#希望 #色彩,なつ。盛んな季節。大きい。,80,85,35,,
菖,11,False,#自然 #色彩,あやめ。菖蒲。邪気を払う。,80,85,30,,
創,12,True,#信念 #知性,つくる。はじめる。きず。,80,80,80,,
圓,13,False,#幸福 #慈愛,まるい。円。円満。※「円」の旧字体。,80,80,80,,
墨,14,True,#知性,すみ。黒色。書画。,80,80,80,,
奬,14,False,#慈愛,すすめる。はげます。※「奨」の旧字体。,80,80,80,,
寵,19,False,#慈愛 #品格,めぐみ。いつくしむ。,80,80,80,,
導,15,True,#品格 #知性,みちびく。しるべ。,80,80,80,,
整,16,True,#知性 #品格,ととのう。正す。整える。,80,80,80,,
有,6,True,#調和,ある。もつ。存在する。,80,80,80,,
演,14,True,#知性 #奏楽,のべる。行う。広める。,80,80,80,,
漱,14,False,#水景,くちすすぐ。洗う。,80,80,80,,
灘,22,False,#水景 #勇壮,なだ。波の荒い海。,80,80,80,,
燕,16,False,#勇壮,つばめ。鳥の名。,80,80,80,,
祿,13,False,#幸福 #慈愛,さいわい。ふち。※「禄」の旧字体。,80,80,80,,
禪,17,False,#調和,ぜん。しずか。ゆずる。※「禅」の旧字体。,80,80,80,,
禱,19,False,#幸福 #信念,いのる。まつる。※「祷」の旧字体。,80,80,80,,
積,16,True,#信念,つむ。蓄える。徳を積む。,80,80,80,,
繡,19,False,#色彩 #伝統,ぬいとり。※「繍」の旧字体。,80,80,80,,
繫,19,False,#調和,つなぐ。※「繋」の旧字体。,80,80,80,,
聞,14,True,#品格,きく。聞こえる。名声。,80,80,80,,
蕃,15,False,#自然,しげる。ふえる。,80,80,80,,
蘇,19,False,#自然 #飛躍,よみがえる。草の名。,80,80,80,,
襟,18,True,#品格 #伝統,えり。首もと。,80,80,80,,
要,9,True,#信念,いる。かなめ。大切な。,80,80,80,,
観,18,True,#知性 #天空,みる。しめす。考え。,80,80,80,,
跳,13,True,#勇壮 #飛躍,はねる。とぶ。躍動する。,80,80,80,,
鎭,18,False,#調和,しずめる。※「鎮」の旧字体。,80,80,80,,
鎮,18,True,#品格 #調和,しずめる。おさえる。重し。,80,80,80,,
須,12,True,#調和,もちいる。必要。しばらく。,80,80,80,,
騎,18,True,#調和,のる。馬に乗る。勇敢。,80,80,80,,
鷗,22,False,#調和,かもめ。※「鴎」の旧字体。,80,80,80,,
節,15,False,#品格 #信念,ふし。みさお。※「節」の異体字。,80,80,80,,
練,15,False,#勇壮 #品格,ねる。鍛える。※「練」の異体字。,80,80,80,,
孜,7,False,#勇壮 #飛躍,つとめる。励む。熱心。,80,80,50,,
脩,11,False,#信念 #品格,おさめる。長く。※「修」の別体。,80,80,50,,
綜,14,False,#調和,おさめる。まとめる。統べる。,80,80,45,,
雲,12,True,#?? #??,くも。高い空。自由。,80,75,45,reviewed,set:#?? #??
柊,9,False,#自然 #色彩,ひいらぎ。魔除け。冬。,80,75,40,,
尋,12,True,#知性,たずねる。長さの単位（ひろ）。,80,70,60,,
好,6,True,#幸福 #調和,このむ。よい。優れている。,80,70,55,,
虹,9,True,#希望 #色彩,にじ。空にかかる架け橋。希望。,80,70,55,,
傑,13,True,#品格 #飛躍,すぐれる。ひいでる。,80,70,50,,
凰,11,False,#勇壮 #幸福,鳳凰（ほうおう）の雌。,80,65,65,,
随,12,True,#信念,したがう。まま。,80,65,60,,
完,7,True,#幸福,まったし。欠点がない。,80,65,55,,
萬,13,False,#飛躍,よろず。非常に多い。満ち足りる。※「万」の旧字体。,80,65,50,,
里,7,True,#自然 #調和,さと。村里。距離の単位。,80,60,85,,
掌,12,True,#信念 #品格,てのひら。つかさどる。,80,60,65,,
祷,12,False,#幸福,いのる。祈る。,80,60,60,,
晟,10,False,#希望 #飛躍,あきらか。光り輝く。盛大。,80,60,55,,
十,2,True,#調和 #飛躍,とお。みたされる。完全。多い。,80,60,50,,
欽,12,False,#信念 #品格,つつしむ。敬う。,80,55,65,,
多,6,True,#飛躍,おおい。すぐれる。,80,55,60,,
定,8,True,#信念,さだめる。落ち着く。決まる。,80,55,60,,
継,13,True,#調和 #飛躍,つぐ。続ける。,80,55,60,,
典,8,True,#品格 #飛躍,のり。ふみ。儀式。正しい。,80,55,55,,
境,14,True,#調和,さかい。場所。ありさま。,80,55,55,,
梶,11,False,#自然,かじ。クワ科の樹木。船の舵。,80,55,55,,
絃,11,False,#調和,いと。楽器の弦。,80,55,55,,
芸,7,True,#知性 #自然,わざ。学問。才能。き。,80,55,55,,
詳,13,True,#品格 #知性,くわしい。あきらか。,80,55,55,,
節,13,True,#品格 #幸福,ふし。竹の節。きまり。みさお。,80,50,70,,
旦,5,True,#天空,あした。夜明け。明るい。,80,50,55,,
朔,10,False,#希望 #飛躍,ついたち。新月。はじまり。,80,50,55,,
未,5,True,#飛躍,いまだ。未来。ひつじ。,80,50,55,,
梅,10,True,#自然 #色彩,うめ。寒さに耐え咲く。※旧字「梅」も同様。,80,50,55,,
羽,6,True,#飛躍 #自然,はね。つばさ。飛ぶ。,80,50,55,,
叙,11,True,#知性,ついで。のべる。ついやす。※旧字「敍」も同様。,80,50,50,,
蕗,16,False,#調和,ふき。フキ（植物）。,80,50,50,,
恕,10,False,#信念 #慈愛,ゆるす。思いやり。まごころ。,80,45,70,,
渥,12,False,#色彩,あつい。うるおう。手厚い。,80,45,70,,
昴,9,False,#希望 #飛躍,すばる。星の名前。プレアデス星団。,80,45,65,,
晨,11,False,#希望,あした。夜明け。朝。,80,45,65,,
桐,10,False,#自然,きり。ゴマノハグサ科の樹木。,80,45,65,,
援,12,True,#慈愛,たすける。引く。,80,35,70,,
丹,4,True,#信念,あか。まごころ。不老長寿の薬。,80,30,95,,
瑚,13,False,#水景 #色彩,さんご。器。,80,30,90,,
眸,11,False,#慈愛 #色彩,ひとみ。目の玉。,80,25,100,,
朱,6,True,#色彩,あか。朱色。美しい赤。,80,25,85,,
芙,7,False,#色彩,はす。芙蓉。富士山の異称。,80,20,100,,
偲,11,False,#信念 #知性,しのぶ。思い慕う。すぐれる。,80,5,100,,
容,10,True,#慈愛,いれる。ゆるす。かたち。,80,5,100,,
城,9,True,#勇壮 #品格,しろ。きずく。かためる。,75,100,25,,
征,8,True,#勇壮 #飛躍,ゆく。うつ。おさめる。ただす。,75,100,25,,
丈,3,True,#勇壮 #品格,たけ。高い。立派な男子。,75,100,20,,
加,5,True,#調和,くわえる。増やす。,75,85,35,,
立,5,True,#天空,たつ。立てる。自立する。,75,85,30,,
巨,5,True,#飛躍 #勇壮,おおきい。すぐれた。,75,75,45,,
丞,6,False,#慈愛,たすける。補佐する。,75,65,55,,
求,7,True,#信念 #飛躍,もとめる。願い。探求。,75,65,45,,
伶,7,False,#知性,わざおぎ。楽人。賢い。,75,55,55,,
水,4,True,#水景,みず。流れる。清らか。,75,55,55,,
助,7,True,#勇壮 #慈愛,たすける。助言。補佐。,75,35,70,,
色,6,True,#色彩,いろ。表情。様。,75,30,90,,
玉,5,True,#品格 #色彩,たま。宝石。美しいもの。,75,25,85,,
珂,9,False,#色彩,白い。美しい石。貝殻。,75,25,85,,
凌,10,False,#水景 #飛躍,しのぐ。乗り越える。高い。,70,100,25,,
龍,16,False,#勇壮,りゅう。たつ。神獣。,70,100,25,,
崇,11,True,#信念 #品格,あがめる。高い。尊ぶ。,70,95,40,,
統,12,True,#品格 #知性,すべる。まとめる。すじ。,70,95,40,,
矢,5,True,#勇壮 #信念,や。矢。真っ直ぐ進む。,70,95,30,,
七,2,True,#調和,ななつ。数の名前。,70,85,35,,
気,6,True,#希望 #生命,き。いき。こころ。,70,85,35,,
寅,11,False,#信念,とら。十二支の三番目。強い。,70,85,30,,
鉄,13,True,#勇壮,てつ。強い。かたい。,70,85,30,,
厳,17,True,#品格 #慈愛,きびしい。おごそか。強い。,70,80,45,,
惣,12,False,#調和,すべて。まとめる。,70,80,45,,
棟,12,True,#品格 #飛躍,むね。家の中心となる柱。棟。,70,80,45,,
総,14,True,#調和,すべて。まとめる。,70,80,45,,
野,11,True,#自然,の。のはら。ひろい。ありのまま。,70,75,45,,
国,8,True,#品格,くに。国家。郷里。,70,75,40,,
埜,11,False,#自然,の。のはら。※「野」の異体字。,70,75,40,,
河,8,True,#水景,かわ。大きな川。銀河。,70,75,40,,
察,14,True,#信念,みる。しらべる。あきらかにする。,70,70,70,,
専,11,True,#信念 #知性,もっぱら。ひとつに集中する。※旧字「專」も同様。,70,70,70,,
楊,13,False,#自然,やなぎ。楊（かわやなぎ）。しなやか。,70,70,70,,
橋,16,True,#調和,はし。架け橋。つなぐ。,70,70,70,,
穀,14,True,#幸福,たね。五穀。実り。,70,70,70,,
綿,14,True,#幸福,わた。綿。柔らかい。,70,70,70,,
羅,19,True,#色彩 #調和,あみ。つらねる。うすもの。,70,70,70,,
菱,11,False,#調和 #色彩,ひし。ヒシ科の水草。ダイヤ形。,70,70,70,,
藏,18,False,#調和,くら。※「蔵」の旧字体。,70,70,70,,
趣,15,True,#品格 #知性,おもむき。おもむく。,70,70,70,,
露,21,True,#水景 #自然,つゆ。あきらか。あらわれる。,70,70,70,,
領,14,True,#品格,おさめる。領土。首。,70,70,70,,
勧,13,True,#調和,すすめる。励ます。,70,65,55,,
調,15,True,#天空,ととのう。しらべる。つき。,70,60,70,,
巽,12,False,#調和,たつみ。南東。したがう。,70,60,50,,
淵,12,False,#水景 #知性,ふち。深い水たまり。奥深い。,70,55,60,,
硯,12,False,#知性,すずり。墨をする石。,70,55,55,,
鈴,13,True,#?? #??,すず。楽器。美しい音。,70,55,55,reviewed,set:#?? #??
仙,5,True,#品格 #自然,仙人。長寿。非凡な人。,70,50,75,,
妙,7,True,#知性 #色彩,たえ。すぐれる。不思議。,70,50,75,,
董,12,False,#自然,ただす。監督する。骨董。,70,50,70,,
林,8,True,#自然 #飛躍,はやし。集まり。,70,50,50,,
蓬,14,False,#調和,よもぎ。植物の名。,70,50,50,,
卿,12,False,#品格,きょう。貴族の称号。,70,45,65,,
梧,11,False,#幸福 #自然,あおぎり。鳳凰が住む木。,70,45,65,,
円,4,True,#調和 #幸福,まる。円。つぶら。おだやか。,70,40,75,,
祉,8,True,#幸福,しあわせ。恵み。,70,35,75,,
魅,15,True,#調和,みいる。ひきつける。,70,30,90,,
雪,11,True,#自然 #色彩,ゆき。白い。清らか。,70,25,90,,
紺,11,True,#水景 #色彩,こん。深い青色。,70,20,100,,
遊,12,True,#幸福 #調和,あそぶ。楽しむ。ゆとり。,70,20,100,,
杏,7,False,#自然,あんず。バラ科の植物。実。,70,10,100,,
淑,11,True,#品格 #色彩,しとやか。きよい。善良。,70,5,100,,
江,6,True,#水景,え。大きな川。入り江。,65,75,40,,
邦,7,True,#品格,くに。わが国。郷里。,65,75,40,,
宜,8,True,#信念 #調和,よろしい。適している。むつまじい。,65,65,55,,
柾,9,False,#伝統 #品格,まさ。木目がまっすぐ。※国字。,65,60,50,,
重,9,True,#品格 #慈愛,おもい。かさねる。大切。,65,55,60,,
宣,9,True,#自然,のべる。あまねく。ひろめる。,65,55,55,,
木,4,True,#自然,き。樹木。生命。,65,50,55,,
谷,7,True,#自然,たに。広く受け入れる所。,65,45,70,,
妃,6,True,#信念 #品格,きさき。妃。高貴な女性。,65,45,65,,
汐,6,False,#水景,しお。夕方の潮。潮風。,65,25,100,,
起,10,True,#希望 #飛躍,おきる。はじまる。たつ。,60,100,30,,
馬,10,True,#勇壮,うま。動物。勢いがある。,60,100,25,,
先,6,True,#希望 #飛躍,さき。すすむ。導く。,60,100,20,,
履,15,True,#調和,はく。ふむ。おこなう。,60,95,30,,
合,6,True,#慈愛 #調和,あう。合わせる。ひとつになる。,60,90,35,,
延,8,True,#幸福,のびる。のばす。長寿。,60,90,35,,
軸,12,True,#勇壮 #水景,くるまどめ。軸。中心。,60,85,50,,
公,4,True,#品格 #調和,きみ。おおやけ。公平。,60,85,40,,
臣,7,True,#伝統 #品格,おみ。家臣。仕える。,60,85,40,,
活,9,True,#幸福 #飛躍,いきる。勢いがある。,60,85,30,,
國,11,False,#品格,くに。国家。広い。※「国」の旧字。,60,80,45,,
梁,11,False,#水景 #自然,はり。うつばり。橋。,60,80,45,,
威,9,True,#品格 #勇壮,おどす。威厳。力。,60,80,20,,
熊,14,True,#勇壮,くま。動物の名。勇猛。,60,80,20,,
駕,15,False,#飛躍,のりもの。しのぐ。乗りこなす。,60,80,20,,
通,10,True,#信念 #飛躍,とおる。通じる。行き渡る。,60,75,55,,
主,5,True,#自然,あるじ。ぬし。中心。,60,75,45,,
績,17,True,#勇壮 #飛躍,つむ。いさお。てがら。,60,75,45,,
万,3,True,#調和 #飛躍,よろず。数が多い。スケールが大きい。,60,75,40,,
楠,13,False,#自然,くす。クスノキ（常緑高木）。,60,75,40,,
則,9,True,#品格 #知性,のっとる。きまり。手本。,60,70,60,,
程,12,True,#品格,のり。きまり。道のり。,60,70,60,,
軌,9,True,#調和,わだち。車輪の跡。きまり。手本。,60,70,60,,
作,7,True,#信念 #知性,つくる。なす。おこす。,60,65,55,,
見,7,True,#知性,みる。見える。考え。,60,65,55,,
傳,13,False,#飛躍,つたえる。つたわる。※「伝」の旧字体。,60,60,60,,
我,7,True,#信念,われ。自分。わがまま。,60,60,60,,
濯,17,True,#水景,あらう。すすぐ。,60,60,60,,
甚,9,True,#調和 #飛躍,はなはだ。非常に。,60,60,60,,
砂,9,True,#自然 #調和,すな。いさご。,60,60,60,,
礁,17,True,#水景,かくれいわ。,60,60,60,,
稚,13,True,#自然 #調和,わかい。おさない。,60,60,60,,
種,14,True,#自然 #調和,たね。種類。うえる。,60,60,60,,
管,14,True,#自然,くだ。つかさどる。,60,60,60,,
郎,9,True,#品格 #調和,男。男子。息子。,60,60,60,,
類,19,False,#調和,たぐい。※「類」の異体字。,60,60,60,,
蛍,11,True,#水景,ほたる。ホタル科の昆虫。光る。,60,60,55,,
壱,7,True,#伝統 #信念,ひとつ。壱（一の旧字）。専一。,60,60,50,,
芹,7,False,#水景,せり。セリ科の植物。春の七草。,60,60,50,,
冬,5,True,#自然,ふゆ。四季の一つ。,60,55,80,,
在,6,True,#品格,ある。存在する。ここにいる。,60,55,60,,
才,3,True,#慈愛 #知性,才能。素質。わずか。,60,55,55,,
綴,14,False,#調和,つづる。とじる。しるす。,60,55,55,,
胤,9,False,#調和,たね。血筋。あとつぎ。,60,55,55,,
羚,11,False,#自然,かもしか。羚羊。,60,50,60,,
鮎,16,False,#自然,あゆ。清流の女王。,60,50,60,,
八,2,True,#調和,やつ。数の名前。末広がり。,60,50,55,,
原,10,True,#自然 #飛躍,はら。もと。みなもと。はじまり。,60,50,55,,
亞,8,False,#調和,つぐ。二番目。アジア。※「亜」の旧字。,60,50,50,,
來,8,False,#調和,くる。きたる。未来。※「来」の旧字。,60,50,50,,
建,9,True,#信念,たてる。おこす。定める。,60,50,50,,
祝,9,True,#幸福,いわう。祝賀。断つ。,60,50,50,,
童,12,True,#自然,わらべ。こども。純真。,60,50,50,,
紀,9,True,#品格 #伝統,おさめる。しるす。きまり。,60,50,50,,
菅,11,False,#自然,すが。スゲ（植物）。,60,50,50,,
迪,8,False,#信念,みちびく。すすむ。道。,60,50,50,,
二,2,True,#調和,ふたつ。二番目。重なる。添える。,60,40,75,,
汎,6,True,#飛躍,ひろく。あふれる。浮かぶ。,60,40,75,,
郷,11,True,#自然 #調和,さと。故郷。なかま。,60,40,75,,
夫,4,True,#調和,男子。立派な男。おっと。,60,35,70,,
枝,8,True,#自然,えだ。わかれる。支える。,60,35,70,,
渓,11,True,#水景,たに。たにがわ。,60,25,100,,
蜜,14,True,#調和,みつ。はちみつ。甘い。,60,25,90,,
椿,13,False,#品格 #幸福,つばき。ツバキ（植物）。,60,25,85,,
夕,3,True,#天空,ゆうがた。,60,20,100,,
姫,10,True,#品格 #色彩,ひめ。高貴な女性。美しい。,60,20,100,,
津,9,True,#水景,つ。港。わき出る。,50,90,35,,
命,8,True,#幸福 #飛躍,いのち。命令。天命。名。,50,85,35,,
漢,13,True,#勇壮,おとこ。天の川。中国。,50,85,30,,
弓,3,True,#伝統 #勇壮,弓。しなる木。伝統的な道具。,50,80,45,,
洲,9,False,#水景 #自然,す。しま。くに。,50,75,40,,
究,7,True,#知性,きわめる。深く調べる。,50,70,50,,
全,6,True,#調和 #飛躍,まったし。すべて。欠点がない。,50,65,55,,
澪,16,False,#水景,みお。水路。航路。,50,60,65,,
了,2,True,#知性 #飛躍,おわる。さとる。はっきりする。,50,55,60,,
三,3,True,#調和,みっつ。数。重なる。,50,55,55,,
代,5,True,#飛躍,かわり。時代。世。,50,55,55,,
年,6,True,#天空 #飛躍,とし。みのり。,50,55,55,,
洛,9,False,#水景,らく。都。洛陽。,50,55,55,,
灯,6,True,#色彩 #希望,ひ。ともしび。ともす。,50,55,55,,
神,9,True,#信念 #品格,かみ。不思議な力。尊い。,50,50,75,,
如,6,True,#調和,～のごとし。あるがまま。,50,50,60,,
五,4,True,#調和,いつ。つの。,50,50,50,,
京,8,True,#自然,みやこ。大きな数。,50,50,50,,
禅,13,True,#品格,しずか。ゆずる。悟り。,50,45,70,,
宮,10,True,#品格,みや。御殿。神社。高貴。,50,45,65,,
都,12,False,#品格 #色彩,みやこ。みやび。すべて。※「都」の異体字。,50,45,65,,
伝,6,True,#伝統,つたえる。つたわる。伝統。,50,35,70,,
恋,10,True,#信念,こい。したう。慈しむ。,50,5,100,,
乾,11,True,#勇壮,かわく。天。北西。いぬい。,40,100,25,,
帥,9,True,#品格,ひきいる。おさ。リーダー。,40,95,40,,
侃,8,False,#信念 #勇壮,つよい。正しい。和らぐ。,40,95,35,,
冠,9,True,#品格 #幸福,かんむり。一番。すぐれる。,40,90,55,,
強,11,True,#勇壮 #飛躍,つよい。すぐれる。つとめる。,40,85,35,,
芯,7,True,#信念,しん。芯。草の茎。核心。,40,85,35,,
走,7,True,#勇壮,はしる。おもむく。迅速。,40,85,30,,
頑,13,True,#調和,かたくな。強い。,40,85,30,,
聴,17,True,#知性 #調和,きく。ききわける。,40,80,50,,
亙,6,False,#調和,わたる。のびる。広がる。,40,80,45,,
山,3,True,#自然,やま。高く盛り上がった場所。,40,80,45,,
浜,10,True,#水景 #自然,はま。海岸。水際。,40,80,45,,
任,6,True,#品格,まかせる。たえる。役目。,40,75,45,,
男,7,True,#勇壮,おとこ。男子。逞しい。,40,70,50,,
衷,9,True,#信念,まごころ。なか。和らぐ。,40,65,60,,
悌,10,False,#慈愛 #調和,すなお。兄弟仲が良い。敬う。,40,65,55,,
曉,16,False,#知性,あかつき。夜明け。あきらか。※「暁」の旧字体。,40,65,50,,
上,3,True,#品格 #飛躍,うえ。たかめる。あがる。,40,65,45,,
策,12,True,#自然,つえ。はかりごと。計画。,40,60,60,,
洵,9,False,#信念,まこと。正しい。あまねく。,40,60,50,,
錫,16,False,#幸福 #慈愛,すず。錫。錆びない金属。,40,60,50,,
謹,17,True,#信念 #品格,つつしむ。まこと。うやまう。,40,55,70,,
伏,6,True,#勇壮,ふす。隠れる。力を蓄える。,40,55,60,,
堵,11,False,#調和,かき。へい。安らぐ。,40,55,60,,
造,10,True,#品格 #飛躍,つくる。造る。いたる。,40,55,60,,
乙,1,True,#品格 #色彩,十干の第二。二番目。味わいがある。,40,55,55,,
奎,9,False,#天空,また。星の名前。文道を司る。,40,55,55,,
犀,12,False,#調和,さい。動物の名。鋭い。,40,55,55,,
詞,12,True,#知性 #調和,ことば。歌詞。うた。,40,50,80,,
唄,10,True,#信念 #伝統,うた。仏を褒める歌。,40,50,75,,
輯,16,False,#慈愛,あつめる。やわらぐ。,40,50,75,,
閃,10,False,#知性 #飛躍,ひらめく。ひらめき。一瞬の光。,40,50,65,,
予,4,True,#希望,あらかじめ。あたえる。,40,50,55,,
己,3,True,#信念,おのれ。自分。自制。,40,50,55,,
徠,11,False,#慈愛,きたる。くる。※「来」の異体字。,40,50,55,,
東,8,True,#自然,ひがし。方位。太陽の昇る方。,40,50,55,,
植,12,True,#自然,うえる。立てる。増える。,40,50,55,,
誕,15,True,#天空 #飛躍,生まれる。いつわる。,40,50,55,,
凉,10,False,#信念 #慈愛,すずしい。※「涼」の異体字。,40,50,50,,
務,11,True,#??,つとめる。つとめ。,40,50,50,filled,set:#??
幡,15,False,#??,はた。のぼり。目印。,40,50,50,filled,set:#??
査,9,True,#??,しらべる。,40,50,50,filled,set:#??
氣,10,False,#幸福,いき。元氣。こころ。※「気」の旧字。,40,50,50,,
盟,13,True,#?? #??,ちかう。約束。仲間。,40,50,50,filled,set:#?? #??
眞,10,False,#幸福,まこと。真実。※「真」の旧字。,40,50,50,,
稟,13,False,#品格 #知性,うける。授かる。資質。,40,50,50,,
笹,11,False,#自然,ささ。竹に似た植物。,40,50,50,,
納,10,True,,おさめる。入れる。納得。,40,50,50,blank_ok,blank_ok: harmony association is possible but weak
諄,15,False,#慈愛 #調和,ねんごろ。丁寧。まこと。,40,50,50,,
譜,19,True,#奏楽 #知性,しるし。系図。楽譜。,40,50,50,,
鼎,13,False,#?? #??,かなえ。三本足の器。安定。,40,50,50,filled,set:#?? #??
海,11,False,#水景,うみ。海。ひろい。※「海」の異体字。,40,50,50,,
祐,10,False,#慈愛,たすける。神の助け。※「祐」の異体字。,40,50,50,,
勉,10,False,#飛躍,つとめる。励む。力。※「勉」の異体字。,40,50,40,,
与,3,True,#慈愛 #調和,あたえる。ともに。くみする。,40,45,70,,
民,5,True,#調和,たみ。人々。,40,45,70,,
燈,16,False,#天空,ともしび。※「灯」の旧字体。,40,45,60,,
思,9,True,#信念,おもう。考える。慕う。,40,40,80,,
仲,6,True,#慈愛,なか。仲立ち。兄弟の真ん中。,40,40,75,,
輪,15,True,#色彩,わ。めぐる。つながり。,40,40,75,,
量,12,True,#勇壮 #知性,はかる。かさ。重さ。容積。,40,40,75,,
仕,5,True,#調和,つかえる。仕事。つかえる。,40,40,40,,
侍,8,True,#勇壮,さむらい。仕える。,40,40,40,,
信,9,True,#信念 #品格,まこと。しんじる。たより。,40,40,40,,
倫,10,True,#調和,なかま。みち。きまり。,40,40,40,,
備,12,True,#調和,そなえる。そなわる。足る。,40,40,40,,
充,6,True,#飛躍,みたす。あてる。充実する。,40,40,40,,
克,7,True,#信念 #知性,かつ。よくする。成し遂げる。,40,40,40,,
児,7,True,#自然,こども。赤ん坊。,40,40,40,,
利,7,True,#知性,きく。鋭い。役に立つ。利益。,40,40,40,,
効,8,True,#調和,きく。ききめ。ならう。,40,40,40,,
卓,8,True,#飛躍,たかい。すぐれる。抜きん出る。,40,40,40,,
参,8,True,#品格 #調和,まいる。くわわる。みっつ。,40,40,40,,
吏,6,True,#品格,つかさ。役人。おさめる。,40,40,40,,
向,6,True,#飛躍,むく。むかう。さき。,40,40,40,,
周,8,True,#調和,まわり。あまねく（広く行き渡る）。,40,40,40,,
哉,9,False,#幸福,～かな。～であることよ。,40,40,40,,
唯,11,True,#信念,ただ。これ。唯一。,40,40,40,,
契,9,True,#調和,ちぎる。約束。結ぶ。,40,40,40,,
季,8,True,#自然,とき。季節。末。末っ子。,40,40,40,,
少,4,True,#調和,すくない。すこし。若い。,40,40,40,,
展,10,True,#調和,ひらく。のびる。広がる。,40,40,40,,
岬,8,True,#水景,みさき。山の突き出た所。,40,40,40,,
岳,8,True,#自然,たけ。大きな山。,40,40,40,,
峯,10,False,#自然,みね。山の頂。高い。※「峰」の別体。,40,40,40,,
峰,10,True,#自然,みね。山の頂。高い。,40,40,40,,
招,8,True,#調和,まねく。よぶ。,40,40,40,,
拳,10,True,#勇壮,こぶし。にぎる。つつしむ。,40,40,40,,
斎,11,True,#知性,つつしむ。きよめる。書斎。,40,40,40,,
旋,11,True,#調和,めぐる。まわる。帰る。,40,40,40,,
時,10,True,#天空,とき。季節。時代。,40,40,40,,
普,12,True,#調和,あまねく。ひろい。並み。,40,40,40,,
条,11,True,#??,えだ。すじ。きまり。※旧字「條」も同様。,40,40,40,filled,set:#??
格,10,True,#自然,いたる。正す。きまり。品格。,40,40,40,,
栽,10,True,#自然,うえる。栽培する。,40,40,40,,
棋,12,True,#調和,ご。将棋。駒。,40,40,40,,
武,8,True,#品格 #飛躍,たけし。勇ましい。兵。,40,40,40,,
法,8,True,#品格 #知性,のり。決まり。手本。仏の教え。,40,40,40,,
海,9,True,#水景,うみ。大きく広い。,40,40,40,,
爽,11,True,#調和 #希望,さわやか。あきらか。,40,40,40,,
率,11,True,#品格,ひきいる。率いる。おおむね。,40,40,40,,
球,11,True,#色彩,たま。まるい。地球。,40,40,40,,
田,5,True,#自然,た。田んぼ。狩り場。,40,40,40,,
相,9,True,#慈愛 #調和,あう。互いに。たすける。姿。,40,40,40,,
称,10,True,#調和,たたえる。となえる。かなう。,40,40,40,,
竹,6,True,#自然,たけ。しなやか。節操。,40,40,40,,
粛,11,True,#信念 #品格,つつしむ。つつしみ深い。正す。,40,40,40,,
習,11,True,#調和,ならう。重なる。慣れる。,40,40,40,,
耕,10,True,#信念 #飛躍,たがやす。努力する。,40,40,40,,
能,10,True,#知性,能力。才能。できる。,40,40,40,,
苑,8,False,#自然,その。庭。学問の集まる所。,40,40,40,,
苗,8,True,#自然,なえ。草木の芽。,40,40,40,,
若,8,True,#知性,わかい。もし。～のごとし。,40,40,40,,
茂,8,True,#品格 #飛躍,しげる。草木が育つ。,40,40,40,,
草,9,True,#自然,くさ。植物の総称。はじまり。,40,40,40,,
虎,8,True,#勇壮,とら。勇ましい。強い。,40,40,40,,
規,11,True,#品格,のり。コンパス。きまり。手本。,40,40,40,,
賞,15,True,#調和,ほめる。めでる。ほうび。,40,40,40,,
運,12,True,#調和,はこぶ。めぐる。さだめ。,40,40,40,,
閑,12,True,#調和,しずか。のどか。ひま。,40,40,40,,
沢,7,True,#慈愛 #水景,さわ。うるおい。恵み。,40,35,75,,
丸,3,True,#調和,まる。欠けたところがない。円満。,40,35,70,,
舟,6,True,#調和,ふね。舟。運ぶ。,40,35,70,,
渚,12,False,#水景,なぎさ。波打ち際。※「渚」の異体字。,40,25,100,,
珈,9,False,#色彩 #品格,かみかざり。玉。,40,25,85,,
衣,6,True,#慈愛,ころも。きぬ。包む。,40,25,85,,
匂,4,True,#色彩,におう。香る。つややか。,40,20,100,,
督,13,True,#品格 #天空,みる。ひきいる。正す。,30,90,45,,
渉,11,True,#水景,わたる。歩いて渡る。経験する。,30,90,35,,
応,7,True,#調和,こたえる。あてはまる。ふさわしい。,30,85,40,,
社,7,True,#調和,やしろ。神を祀る所。集まり。,30,85,40,,
早,6,True,#希望 #飛躍,はやい。さきがける。,30,85,30,,
到,8,True,#調和,いたる。届く。極める。,30,75,45,,
拡,8,True,#信念,ひろげる。ひろがる。,30,75,45,,
貢,10,True,#品格 #慈愛,みつぐ。ささげる。,30,75,45,,
秦,10,False,#勇壮,はた。中国の国名。,30,75,40,,
門,8,True,#信念 #品格,かど。門。入り口。,30,75,40,,
毘,9,False,#慈愛,たすける。つなぐ。,30,70,60,,
小,3,True,#調和,ちいさい。わずかな。,30,60,50,,
旅,10,True,#調和,たび。ゆく。仲間。,30,55,85,,
位,7,True,#品格,くらい。位置。位。,30,50,70,,
九,2,True,#調和,数。ここのつ。陽の数の極み。,30,50,50,,
壬,4,False,#飛躍,みずのえ。十干の第九。大きい。,30,50,50,,
茅,8,False,#自然,かや。ちがや。植物の名。,30,50,50,,
娃,9,False,#色彩,美しい。うつくしい。娘。,30,45,85,,
雨,8,True,#水景 #自然,あめ。潤い。恵み。,30,35,70,,
足,7,True,#調和,あし。たりる。満たされる。,20,100,35,,
挑,9,True,#信念 #飛躍,いどむ。かかげる。,20,85,30,,
紡,10,True,#調和,つむぐ。糸を引く。,20,60,60,,
古,5,True,#伝統,ふるい。古風。伝統。,20,55,55,,
工,3,True,#知性,たくみ。つくる。わざ。,20,55,55,,
目,5,True,#品格 #飛躍,め。眼。かなめ。見通す。,20,55,55,,
楢,13,False,#自然,なら。ナラ（植物）。,20,50,50,,
甘,5,True,#信念,あまい。うまい。よろこぶ。,20,35,75,,
芝,6,True,#幸福,しば。草の名。霊芝（めでたい草）。,20,25,90,,
交,6,True,#調和,まじわる。交際。友。,20,20,20,,
享,8,True,#慈愛,うける。享受する。もてなす。,20,20,20,,
出,5,True,#飛躍,でる。だす。すぐれる。,20,20,20,,
可,5,True,#調和,よい。できる。ききいれる。,20,20,20,,
右,5,True,#品格 #慈愛,みぎ。たすける。尊い。,20,20,20,,
奔,8,True,#調和,はしる。勢いよく進む。,20,20,20,,
字,6,True,#知性,あざ。文字。学問。,20,20,20,,
州,6,True,#水景,くに。しま。中州。集まる所。,20,20,20,,
左,5,True,#品格 #慈愛,ひだり。たすける。,20,20,20,,
巧,5,True,#知性,たくみ。わざ。じょうず。,20,20,20,,
拍,8,True,#調和,手を打つ。拍子。,20,20,20,,
旨,6,True,#調和,むね。趣旨。うまい。,20,20,20,,
更,7,True,#調和,さら。あらためる。さらに。,20,20,20,,
次,6,True,#調和,つぎ。つぐ。二番目。,20,20,20,,
池,6,True,#自然 #水景,いけ。水をたたえる場所。,20,20,20,,
王,4,True,#信念 #飛躍,きみ。あるじ。すぐれた人。,20,20,20,,
甲,5,True,#勇壮 #伝統,きのえ。第一位。よろい。,20,20,20,,
百,6,True,#??,ひゃく。数が多い。,20,20,20,filled,set:#??
禾,5,False,#自然,いね。穀物。実り。,20,20,20,,
糸,6,True,#自然,いと。細い。繋がる。,20,20,20,,
紹,11,True,#調和,つぐ。つなぐ。紹介する。,20,20,20,,
羊,6,True,#自然 #幸福,ひつじ。おだやか。群れる。,20,20,20,,
考,6,True,#知性,かんがえる。知恵。,20,20,20,,
芭,7,False,#調和,ば。芭蕉。植物の名。,20,20,20,,
融,16,True,#調和,とける。とおる。やわらぐ。,20,20,20,,
行,6,True,#飛躍,いく。おこなう。道。,20,20,20,,
赤,7,True,#信念,あか。まごころ。赤ん坊。,20,20,20,,
迎,7,True,#信念,むかえる。迎え入れる。,20,20,20,,
述,8,True,#調和,のべる。つたえる。導く。,20,20,20,,
養,15,True,#天空,やしなう。育てる。おさめる。,15,70,60,,
前,9,True,#品格,まえ。すすむ。さき。,15,65,50,,
黄,11,True,#調和,きいろ。黄金。さかん。,15,60,60,,
献,13,True,#知性,ささげる。たてまつる。,15,60,55,,
紳,11,True,#品格,おお帯。紳士。品格がある。,15,55,65,,
醒,16,True,#調和,さめる。目がさめる。あきらか。,15,55,60,,
教,11,True,#調和,おしえる。教え。みちびく。,15,55,55,,
曽,11,True,#調和,かつて。重ねる。,15,55,55,,
笛,11,True,#?? #??,ふえ。竹製の楽器。,15,55,55,reviewed,set:#?? #??
鳩,13,False,#調和,はと。鳥の名。あつまる。,15,55,55,,
樂,15,False,#慈愛 #調和,たのしい。かなでる。※「楽」の旧字体。,15,50,70,,
著,11,True,#調和,あらわす。あきらか。目立つ。,15,50,70,,
堪,12,True,#勇壮,たえる。こらえる。すぐれる。,15,50,50,,
増,14,True,#調和,ふえる。ます。,15,50,50,,
幾,12,True,#飛躍,いく。いくつ。近い。,15,50,50,,
御,12,True,#品格,おさめる。防ぐ。尊称。,15,50,50,,
摩,15,True,#知性,する。みがく。,15,50,50,,
撰,15,False,#知性,えらぶ。しるす。,15,50,50,,
歳,13,True,#品格,とし。よわい。,15,50,50,,
渾,12,False,#勇壮,すべて。にごる。,15,50,50,,
稽,15,True,#知性,しらべる。かんがえる。,15,50,50,,
等,12,True,#調和,ひとしい。等しい。階級。,15,50,50,,
舗,15,True,#調和,みせ。しく。,15,50,50,,
蒐,13,False,#知性,あつめる。さがす。,15,50,50,,
証,12,True,#信念,あかし。しるし。証明。,15,50,50,,
資,13,True,#飛躍,もと。たすける。資質。,15,50,50,,
適,14,True,#調和,かなう。ふさわしい。,15,50,50,,
選,15,True,#知性,えらぶ。すぐれる。,15,50,50,,
集,12,True,#飛躍,あつまる。つどう。,15,50,50,,
雷,13,True,#勇壮,かみなり。いかずち。,15,50,50,,
徽,17,False,#色彩,しるし。よい。美。,15,20,100,,
軒,10,True,#幸福 #飛躍,のき。家。高くあがる。,10,100,45,,
勳,16,False,#飛躍,いさお。てがら。※「勲」の旧字体。,10,100,30,,
念,8,True,#信念,おもう。念じる。深く思う。,10,100,30,,
挺,10,False,#品格 #飛躍,ぬく。抜きん出る。進む。,10,100,30,,
溢,13,False,#飛躍,あふれる。満ちる。こぼれる。,10,100,30,,
臥,9,False,#調和,ふす。寝る。休む。,10,100,30,,
引,4,True,#調和,ひく。導く。のばす。,10,100,25,,
振,10,True,#勇壮 #飛躍,ふる。ふるう。奮い立つ。,10,100,25,,
柱,9,True,#品格 #自然,はしら。支え。中心。,10,100,25,,
践,13,True,#飛躍,ふむ。行う。実践する。,10,100,25,,
俠,8,False,#調和,おとこ気。助ける。※「侠」の旧字。,10,100,20,,
楯,13,False,#勇壮,たて。防ぐ。守る。,10,100,20,,
標,15,True,#自然,しるし。目じるし。こずえ。,10,100,20,,
特,10,True,#勇壮,雄牛。すぐれる。ひとり。,10,100,20,,
陣,10,True,#調和,じん。ならび。戦いの備え。,10,100,20,,
嵯,13,False,#調和,やまが高い。険しい。,10,100,15,,
朴,6,True,#自然,すなお。飾り気がない。,10,95,30,,
兵,7,True,#勇壮,つわもの。武器。兵法。,10,90,35,,
声,7,True,#品格,こえ。音。評判。,10,90,35,,
存,6,True,#慈愛,ある。生きながらえる。問う。,10,90,35,,
封,9,True,#調和,とじる。領地を与える。,10,90,35,,
峨,10,False,#調和,たかい。山が険しく高い。,10,90,35,,
択,7,True,#調和,えらぶ。選び出す。,10,90,35,,
探,11,True,#調和,さがす。たずねる。,10,90,35,,
樫,16,False,#自然,かし。カシ（常緑高木）。,10,90,35,,
檜,17,False,#自然,ひのき。常緑高木。強く香りの良い木。,10,90,35,,
鼓,13,True,#調和,つづみ。うつ。奮い立たせる。,10,90,35,,
梯,11,False,#調和,はしご。かけはし。高い所へ導く。,10,85,50,,
遍,12,True,#調和,あまねく。行き渡る。,10,85,50,,
衞,16,False,#勇壮,まもる。防衛。※「衛」の異体字。,10,85,40,,
勁,9,False,#勇壮,つよい。強い。勢いがある。,10,85,35,,
熱,15,True,#勇壮,あつい。いきおい。情熱。,10,85,35,,
身,7,True,#勇壮,み。からだ。自分。,10,85,35,,
壯,7,False,#品格 #飛躍,さかん。逞しい。立派。※「壮」の旧字。,10,85,30,,
岩,8,True,#自然,いわ。硬い石。険しい。,10,85,30,,
往,8,True,#調和,ゆく。いにしえ。進む。,10,85,30,,
決,7,True,#調和,きめる。さだめる。流れる。,10,85,30,,
火,4,True,#調和,ひ。ほのお。燃える。,10,85,30,,
牙,4,True,#調和,きば。強い。,10,85,30,,
殊,10,True,#品格 #知性,こと。とりわけ。すぐれる。,10,80,50,,
胆,9,True,#勇壮 #知性,きも。い。勇気。,10,80,50,,
唱,11,True,#調和,となえる。導く。歌う。,10,80,45,,
宰,10,True,#品格,つかさどる。おさめる。料理する。,10,80,45,,
島,10,True,#水景,しま。島。,10,80,45,,
師,10,True,#品格 #知性,先生。お手本。人々。,10,80,45,,
材,7,True,#知性,き。材料。才能。,10,80,45,,
枢,8,True,#信念,かなめ。大事な所。戸の回転軸。,10,80,45,,
権,15,True,#勇壮,はかる。ちから。おもり。,10,80,45,,
沖,7,True,#水景 #飛躍,おき。わき上がる。空高く。,10,80,45,,
浦,10,True,#水景,うら。波打ち際。入り江。,10,80,45,,
浬,10,False,#水景,かいり（海のマイル）。,10,80,45,,
舶,11,True,#調和,大きなふね。外国の船。,10,80,45,,
舷,11,True,#水景,ふなばた。船の側面。,10,80,45,,
昼,11,True,#調和,ひる。真昼。あきらか。※旧字「晝」も同様。,10,80,40,,
烈,10,True,#勇壮,はげしい。つよい。功績。,10,80,10,,
改,7,True,#信念,あらためる。新しくする。,10,75,50,,
宕,8,False,#調和,とう。洞穴。ひろい。ゆるやか。,10,75,45,,
宴,10,True,#幸福 #調和,うたげ。楽しむ。安らぐ。,10,75,45,,
恢,9,False,#飛躍,ひろい。大きい。さかん。,10,75,45,,
注,8,True,#信念,そそぐ。注ぐ。集中する。,10,75,45,,
洪,9,True,#品格 #水景,おおきい。ひろい。大水。,10,75,45,,
祁,8,False,#飛躍,おおい。さかん。ゆたか。,10,75,45,,
垣,9,True,#調和,かき。かきね。仕切り。,10,75,40,,
杜,7,False,#自然,もり。守る。ふせぐ。,10,75,40,,
界,9,True,#調和,さかい。世界。仲間。,10,75,40,,
陵,11,True,#勇壮,おか。みささぎ。しのぐ。,10,75,40,,
救,11,True,#慈愛,すくう。助ける。,10,70,60,,
矩,10,False,#品格,のり。定規。きまり。手本。,10,70,60,,
啄,10,False,#調和,ついばむ。つつく。,10,70,55,,
步,7,False,#飛躍,あるく。あゆむ。着実。※「歩」の異体字。,10,70,55,,
砥,10,False,#飛躍,といし。みがく。平ら。,10,70,55,,
逸,12,False,#勇壮 #飛躍,すぐれる。はやい。それる。※「逸」の異体字。,10,70,55,,
図,7,True,#知性,はかる。え。地図。計画。,10,70,50,,
技,7,True,#知性,わざ。たくみ。才能。,10,70,50,,
抜,7,True,#品格 #飛躍,ぬく。ひき抜く。すぐれる。,10,70,50,,
根,10,True,#幸福,ね。根源。ねばり。,10,70,50,,
汲,7,False,#調和,くむ。汲む。引き出す。,10,70,50,,
琢,13,False,#知性 #飛躍,みがく。玉をたたく。※「琢」の異体字。,10,70,50,,
中,4,True,#??,なか。うち。まんなか。,10,65,55,filled,set:#??
倹,10,True,#調和,つつしむ。つましい。,10,65,55,,
内,4,True,#調和,うち。なか。,10,65,55,,
凡,3,True,#調和,およその。なみ。並。,10,65,55,,
告,7,True,#調和,つげる。のべる。教える。,10,65,55,,
方,4,True,#信念 #品格,かた。向き。正しい。道。,10,65,55,,
本,5,True,#自然,もと。根源。真実。,10,65,55,,
案,10,True,#調和,つくえ。考え。計画。,10,65,55,,
近,7,True,#信念,ちかい。近く。,10,65,55,,
刻,8,True,#調和,きざむ。彫る。時。,10,65,50,,
得,11,True,#知性,える。手に入れる。悟る。,10,65,50,,
末,5,True,#調和,すえ。未来。枝葉。,10,65,50,,
捗,10,True,#調和,はかどる。すすむ。,10,65,45,,
褒,15,True,#飛躍,ほめる。たたえる。,10,65,45,,
済,11,True,#慈愛 #水景,すむ。すくう。助ける。渡る。,10,60,65,,
伴,7,True,#調和,ともなう。つれ。仲間。,10,60,60,,
又,2,True,#調和,また。さらに。くりかえす。,10,60,60,,
序,7,True,#調和,ついで。順序。はじまり。,10,60,60,,
投,7,True,#飛躍,なげる。ゆだねる。入る。,10,60,60,,
易,8,True,#慈愛,やさしい。かえる。おだやか。,10,60,60,,
仰,6,True,#品格,あおぐ。尊敬する。頼る。,10,60,55,,
必,5,True,#信念,必ず。きっと。強い決意。,10,60,55,,
抱,8,True,#信念,いだく。抱える。包容。,10,60,55,,
丁,2,True,#??,ひのと。第四位。偶数。丁寧。,10,60,50,filled,set:#??
事,8,True,#調和,こと。事柄。仕事。仕える。,10,60,50,,
呈,7,True,#調和,あらわす。さし出す。,10,60,50,,
奉,8,True,#品格 #慈愛,たてまつる。捧げる。,10,60,50,,
式,6,True,#伝統,しき。のり。かたち。,10,60,50,,
拜,9,False,#調和,おがむ。うやまう。※「拝」の旧字。,10,60,50,,
拝,8,True,#調和,おがむ。うやまう。,10,60,50,,
豆,7,True,#調和,まめ。穀物。まめ（誠実）。,10,60,50,,
賴,16,False,#幸福,たよる。信頼。※「頼」の旧字体。,10,60,50,,
楷,13,True,#自然,てほん。のっとる。楷書。,10,55,75,,
品,9,True,#品格 #知性,しな。品格。品質。種類。,10,55,65,,
謹,18,False,#調和,つつしむ。,10,55,65,,
奇,8,True,#信念 #慈愛,めずらしい。すぐれる。不思議。,10,55,60,,
浪,10,True,#水景,なみ。さすらう。,10,55,60,,
衿,9,False,#調和,えり。こころ。,10,55,60,,
角,7,True,#調和,かど。つの。すみ。隅。,10,55,60,,
釈,11,True,#慈愛,とく。釈迦。ゆるす。,10,55,60,,
乎,5,False,#調和,～か。助詞。,10,55,55,,
亭,9,True,#調和,あずまや。高い建物。とどまる。,10,55,55,,
今,4,True,,いま。現在。,10,55,55,blank_ok,blank_ok: present-time meaning does not fit current tag set well
伍,6,False,#調和,いつつ。五人の組。列にならぶ。,10,55,55,,
伎,6,True,#知性,わざ。巧みな技。,10,55,55,,
休,6,True,#調和 #幸福,やすむ。いこう。よろこぶ。,10,55,55,,
住,7,True,#調和,すむ。居所。落ち着く。,10,55,55,,
併,8,True,#調和,あわせる。並ぶ。,10,55,55,,
俳,10,True,#調和,わざおぎ。役者。俳句。,10,55,55,,
倉,10,True,#品格,くら。おさめる。あわてる。,10,55,55,,
土,3,True,#自然,つち。大地。,10,55,55,,
埼,11,True,#水景,さき。みさき。,10,55,55,,
尤,4,False,#飛躍,もっとも。優れている。とがめる。,10,55,55,,
崎,11,True,#水景,さき。みさき。険しい。,10,55,55,,
川,3,True,#水景,かわ。水の流れ。,10,55,55,,
弁,5,True,#知性,わきまえる。花びら。語る。,10,55,55,,
彼,8,True,#調和,かれ。あの。三人称。,10,55,55,,
持,9,True,#勇壮,もつ。たもつ。支える。,10,55,55,,
於,8,False,#調和,～において。場所。,10,55,55,,
曆,16,False,#天空,こよみ。※「暦」の旧字体。,10,55,55,,
書,10,True,#知性,かく。本。書物。,10,55,55,,
析,8,True,#知性,とく。分ける。分析する。,10,55,55,,
椎,12,True,#調和,しい。シイノキ。,10,55,55,,
氷,5,True,#自然 #水景,こおり。ひ。きよい。,10,55,55,,
炉,8,True,#調和,いろり。火を焚く所。温かい。,10,55,55,,
紋,10,True,#調和,あや。模様。しるし。,10,55,55,,
諺,16,False,#調和,ことわざ。,10,55,55,,
謡,16,True,#調和,うた。のう。うたう。,10,55,55,,
醐,16,False,#調和,醍醐。最高の味わい。仏教の真理。,10,55,55,,
霜,17,True,#天空 #自然,しも。きびしい。,10,55,55,,
器,15,True,#知性,うつわ。道具。才能。,10,50,70,,
徐,10,True,#慈愛,おもむろ。ゆるやか。おだやか。,10,50,70,,
幼,5,True,#慈愛,おさない。小さい。いとけない。,10,50,60,,
兆,6,True,#希望 #飛躍,きざし。はじまり。数。,10,50,55,,
杉,7,True,#自然,すぎ。樹木の名。真っ直ぐ。,10,50,55,,
椰,13,False,#自然,やし。ヤシの木。,10,50,55,,
稻,15,False,#自然,いね。※「稲」の旧字体。,10,50,55,,
米,6,True,#自然,こめ。穀物。実り。,10,50,55,,
茎,8,True,#自然,くき。植物の軸。根幹。,10,50,55,,
丑,4,False,#??,うし。十二支の第二。,10,50,50,filled,set:#??
亥,6,False,#調和,い。十二支の第十二（最後）。,10,50,50,,
俱,10,False,#調和,ともに。一緒。※「倶」の異体字。,10,50,50,,
兎,7,False,#自然,うさぎ。十二支の第四。,10,50,50,,
准,10,True,#調和,なぞらえる。準じる。,10,50,50,,
午,4,True,#調和,うま。十二支の第七。真昼。,10,50,50,,
哩,10,False,#調和,マイル（単位）。,10,50,50,,
培,11,True,#自然,つちかう。育てる。,10,50,50,,
塔,12,True,#調和,とう。高くそびえる建物。,10,50,50,,
奄,8,False,#自然,おおう。ふさぐ。急に。,10,50,50,,
娯,10,True,#幸福,たのしむ。なぐさめる。,10,50,50,,
寸,3,True,#調和,すん。単位。わずか。,10,50,50,,
岡,8,True,#自然,おか。小高い所。,10,50,50,,
巡,6,True,#調和,めぐる。巡る。,10,50,50,,
巳,3,False,#調和,十二支の第六。へび。,10,50,50,,
度,9,True,#品格,たび。のり。度合。広い。,10,50,50,,
括,9,True,#調和,くくる。まとめる。,10,50,50,,
揮,12,True,#飛躍,ふるう。揮う。まわす。,10,50,50,,
揺,12,True,#調和,ゆれる。,10,50,50,,
旬,6,True,#飛躍,しゅん。十日間。時期。,10,50,50,,
杷,8,False,#自然,は。びわ。さらう（集める）。,10,50,50,,
枇,8,False,#自然,ひ。びわ。植物の名。,10,50,50,,
柏,9,False,#自然,かしわ。ブナ科の樹木。,10,50,50,,
柑,9,False,#自然,みかん。こうじ。,10,50,50,,
柘,9,False,#自然,つげ。やまぐわ。,10,50,50,,
柿,9,True,#自然,かき。カキノキ科の果樹。,10,50,50,,
栃,9,True,#自然,とち。トチノキ。※国字。,10,50,50,,
栗,10,False,#自然,くり。ブナ科の樹木。実。,10,50,50,,
梗,11,True,#自然,ふさがる。強い。やまにれ。,10,50,50,,
欧,8,True,#調和,欧州。アジアの西。,10,50,50,,
沃,7,True,#自然,うるおう。そそぐ。肥沃。,10,50,50,,
狼,10,False,#勇壮,おおかみ。,10,50,50,,
省,9,True,#信念,かえりみる。役所。はぶく。,10,50,50,,
科,9,True,#知性,しな。科。決まり。,10,50,50,,
税,12,True,#調和,ぜい。年貢。ちから。,10,50,50,,
穹,8,False,#飛躍,そら。大空。弓なり。,10,50,50,,
竺,8,False,#自然,竹。天竺。インド。,10,50,50,,
緩,15,True,#調和,ゆるい。ゆるやか。,10,50,50,,
緯,16,True,#調和,よこいと。ぬき。,10,50,50,,
茄,8,False,#自然,なす。ナス科の植物。,10,50,50,,
茶,9,True,#自然,ちゃ。お茶。文化。,10,50,50,,
荻,10,False,#自然,おぎ。植物の名。,10,50,50,,
葦,13,False,#水景,あし。植物の名。,10,50,50,,
詔,12,True,#品格,みことのり。天皇の言葉。,10,50,50,,
象,12,True,#調和,かたち。しるし。ぞう（動物）。,10,50,50,,
霞,17,False,#天空,かすみ。春の霧。,10,50,50,,
鹿,11,True,#勇壮,しか。動物の名。,10,50,50,,
麦,7,True,#自然 #調和,むぎ。穀物の名。実り。,10,50,50,,
弾,12,True,#飛躍,たま。はじく。はずむ。,10,50,30,,
表,8,True,#信念 #知性,おもて。あらわす。外側。,10,50,30,,
侶,9,True,#調和,とも。仲間。連れ。,10,45,70,,
受,8,True,#品格,うける。授かる。聞き入れる。,10,45,70,,
幻,4,True,#調和,まぼろし。不思議な変化。,10,45,70,,
施,9,True,#慈愛,ほどこす。おこなう。,10,45,70,,
迦,9,False,#調和,釈迦（しゃか）。,10,45,70,,
勅,9,True,#品格,みことのり。王の言葉。いましめる。,10,45,65,,
桧,10,False,#自然,ひのき。ヒノキ科の樹木。尊い。,10,45,65,,
畿,15,True,#調和,みやこ。天子の直轄地。,10,45,65,,
姿,9,True,#知性,すがた。かたち。しなやか。,10,40,100,,
且,5,True,#調和,かつ。また。さらに。,10,40,75,,
互,4,True,#調和,たがい。かわるがわる。,10,40,75,,
団,6,True,#調和,まるい。かたまり。あつまり。,10,40,75,,
家,10,True,#知性,いえ。住まい。一族。専門家。,10,40,75,,
庭,10,True,#自然 #調和,にわ。場。家庭。,10,40,75,,
形,7,True,#調和,かたち。なり。かた。,10,40,75,,
栖,10,False,#飛躍,すむ。ねぐら。,10,40,75,,
授,11,True,#調和,さずける。教える。授かる。,10,35,75,,
含,7,True,#品格,ふくむ。蓄える。味わう。,10,35,70,,
戸,4,True,#調和,と。家。入り口。,10,35,70,,
支,4,True,#調和,ささえる。わかれる。,10,35,70,,
桑,10,True,#自然,くわ。クワ科の樹木。故郷。,10,35,70,,
郞,10,False,#調和,男。男子。息子。※「郎」の異体字。,10,35,70,,
阿,8,False,#幸福 #慈愛,おもねる。コーナー。アフリカ。,10,35,70,,
冶,7,True,#知性,いる。鋳造する。とける。磨く。,10,30,90,,
径,8,True,#調和,みち。小道。さしわたし。まっすぐ。,10,30,90,,
女,3,True,#慈愛 #色彩,おんな。女性。,10,30,85,,
電,13,True,#飛躍,いなずま。電気。,10,30,10,,
味,8,True,#調和,あじ。あじわう。趣。,10,25,100,,
宵,10,True,#調和,よい。夜のはじめ。情緒がある。,10,25,100,,
牡,7,False,#勇壮 #自然,おす。ぼたん。雄々しい。,10,25,85,,
伽,7,False,#調和,とぎ。助ける。もてなす。,10,20,100,,
候,10,True,#調和,うかがう。季節。きざし。,10,20,100,,
扇,10,True,#調和,おうぎ。あおぐ。広がる。,10,20,100,,
淡,11,True,#調和,あわい。うすい。あっさりした。,10,20,100,,
珍,9,True,#信念 #慈愛,めずらしい。たから。貴重。,10,20,100,,
黃,12,False,#調和,きいろ。黄金。※「黄」の旧字体。,10,20,95,,
縫,16,True,#調和,ぬう。とじる。,10,20,80,,
情,11,True,#信念,なさけ。こころ。実情。,10,15,100,,
丘,5,True,#自然,おか。小高い場所。,10,10,10,,
両,6,True,#調和,ふたつ。ならぶ。対になる。,10,10,10,,
並,8,True,#調和,ならぶ。ならべる。なみ。,10,10,10,,
乗,9,True,#知性,のる。勢いに乗る。増やす。,10,10,10,,
亀,11,True,#自然,かめ。長寿の象徴。尊い。,10,10,10,,
亜,7,True,#品格 #調和,つぐ。二番目。アジア。,10,10,10,,
付,5,True,#調和,つける。さずける。ゆだねる。,10,10,10,,
以,5,True,#飛躍,もって。より。～をもって。,10,10,10,,
伯,7,True,#品格,おさ。かしら。長男。叔父。,10,10,10,,
侯,9,True,#品格,きみ。おさ。位の名前。,10,10,10,,
倭,10,False,#伝統,やまと。日本の古称。すなお。,10,10,10,,
六,4,True,#調和,む。むつ。数の名前。,10,10,10,,
共,6,True,#調和,ともに。いっしょに。,10,10,10,,
刀,2,True,#伝統 #勇壮,かたな。剣。反った刃物。,10,10,10,,
分,4,True,#知性,わける。わかる。さだめ。,10,10,10,,
包,5,True,#慈愛,つつむ。くるむ。兼ね備える。,10,10,10,,
北,5,True,,きた。方位。指標。,10,10,10,blank_ok,blank_ok: direction meaning is too weak for current tags
医,7,True,#調和,いやす。医者。,10,10,10,,
升,4,True,#飛躍,ます。のぼる。量る単位。,10,10,10,,
協,8,True,#調和,かなう。合わせる。助ける。,10,10,10,,
卯,5,False,#調和,う。十二支の第四。しげる。,10,10,10,,
双,4,True,#調和,ふたつ。ならぶ。二つで一つ。,10,10,10,,
句,5,True,#知性 #伝統,く。言葉。しるし。,10,10,10,,
同,6,True,#調和,おなじ。ともに。あわせる。,10,10,10,,
吟,7,True,#品格,うたう。口ずさむ。吟味する。,10,10,10,,
呂,7,True,#調和,せぼね。音律。おふろ。,10,10,10,,
四,5,True,#??,よつ。数の名前。,10,10,10,filled,set:#??
地,6,True,#自然,つち。大地。場所。,10,10,10,,
均,7,True,#調和,ひとしい。平ら。ならす。,10,10,10,,
巴,4,False,#水景,ともえ。渦巻く模様。,10,10,10,,
市,5,True,#調和,いち。市場。人が集まる。,10,10,10,,
帝,9,True,#品格,みかど。天の神。宇宙の主。,10,10,10,,
庸,11,True,#調和,つね。普通。用いる。,10,10,10,,
当,6,True,,あたる。あてる。まさに。中心。,10,10,10,blank_ok,blank_ok: center/target meaning is still too broad
房,8,True,#色彩,ふさ。部屋。住まい。,10,10,10,,
扉,12,True,#調和,とびら。門。新しい世界への入口。,10,10,10,,
扶,7,True,#勇壮 #慈愛,たすける。助ける。支える。,10,10,10,,
旗,14,True,#調和,はた。目印。,10,10,10,,
村,7,True,#調和,むら。村落。集まり。,10,10,10,,
架,9,True,#調和,かける。橋を渡す。のせる。,10,10,10,,
極,12,True,#調和,きわめる。はて。最高。,10,10,10,,
比,4,True,#調和,くらべる。ならぶ。たとえる。,10,10,10,,
汀,5,False,#水景 #自然,なぎさ。波打ち際。,10,10,10,,
滴,14,True,#調和,しずく。したたる。,10,10,10,,
為,9,True,#知性,なす。おこなう。ため。,10,10,10,,
煉,13,False,#調和,ねる。火で鍛える。練り上げる。,10,10,10,,
牛,4,True,#調和,うし。十二支の第二。,10,10,10,,
現,11,True,#調和,あらわれる。今。実際。,10,10,10,,
申,5,True,#調和,もうす。のべる。のびる。さる。,10,10,10,,
畠,10,False,#調和,はたけ。耕作地。※国字。,10,10,10,,
石,5,True,#自然 #信念,いし。かたい。意志。,10,10,10,,
示,5,True,#調和,しめす。教える。,10,10,10,,
翌,11,True,#調和,つぎ。あくる。たすける。,10,10,10,,
耶,9,False,#調和,～か。～や。父。,10,10,10,,
胡,9,False,#幸福,えびす。外国。でたらめ。,10,10,10,,
自,6,True,#??,みずから。おのずから。よりどころ。,10,10,10,filled,set:#??
致,10,True,#調和,いたす。届ける。極める。,10,10,10,,
舵,11,False,#調和,かじ。船の舵。方向を決める。,10,10,10,,
船,11,True,#調和,ふね。船。わたる。,10,10,10,,
芦,7,False,#自然,あし。よし。水辺の植物。,10,10,10,,
西,6,True,#調和,にし。方位。,10,10,10,,
訓,10,True,#調和,おしえ。みちびく。よむ。,10,10,10,,
記,10,True,#知性,しるす。書き留める。記憶。,10,10,10,,
車,7,True,#自然,くるま。乗り物。,10,10,10,,
辺,5,True,#自然,あたり。ほとり。はて。,10,10,10,,
閣,14,True,#?? #??,たかどの。高い建物。内閣。,10,10,10,filled,set:#?? #??
庵,11,False,#品格 #自然,いおり。草屋。静かな住まい。,10,5,100,,
頂,11,True,#品格 #飛躍,いただき。頂上。いただく。,5,100,25,,
祇,9,False,#調和,くにつかみ。地神。,5,45,70,,
収,4,True,#飛躍,おさめる。とり入れる。,1,1,1,,
固,8,True,#?? #??,かたい。しっかりしている。まこと。,1,1,1,filled,set:#?? #??
孔,4,True,,あな。はなはだ。孔子。,1,1,1,blank_ok,blank_ok: intellect association too indirect
布,5,True,#??,ぬの。しく。広める。,1,1,1,filled,set:#??
