漢字,画数,常用漢字,音,訓,伝統名のり,分類,意味,総合スコア,男スコア,女スコア,判定,見直しメモ
哀,9,常用,アイ,あわ（れ） あわ（れむ） かな（しい） かな（しむ）,,,かなしむ。あわれむ。　※名付けに不向き,1,1,1,要注意,
挨,10,常用,アイ,お（す） ひら（く）,,,ひらく。せまる。挨拶。　※名付けに不向き,1,1,1,要注意,
悪,11,常用,アク オ,わる（い） あ（し） いずく（んぞ） にく（む）,,,わるい。にくむ。　※名付けに不向き,1,1,1,要注意,
握,12,常用,アク,にぎ（る）,,,にぎる。　※名付けに不向き,1,1,1,要注意,
圧,5,常用,アツ オウ,お（さえる） お（す） へ（す）,,,おさえる。圧倒する。,1,1,1,要注意,
斡,14,,アツ カン,つかさど（る） めぐ（る）,まる,,めぐる。つかさどる。　※事務的（斡旋等）すぎて不向き,1,1,1,要注意,
扱,6,常用,ソウ キュウ,あつか（う） こ（く） しご（く）,,#飛躍,あつかう。さばく。,10,50,50,要注意,
宛,8,常用,エン,あ（てる） あたか（も） あて さなが（ら） ずつ,,#調和,あてる。～のよう。　※名付けには珍しい,10,50,50,要注意,
或,8,,ワク,あ（る） ある（いは）,,,ある。あるいは。　※名付けには珍しい,1,1,1,要注意,
粟,12,,ショク ソク ゾク,あわ ふち もみ,,,あわ。五穀の一つ。　※名付けには珍しい,1,1,1,要注意,
按,9,,アン,おさ（える） かんが（える） しら（べる）,,#調和,おさえる。調べる。考える。,10,65,55,要注意,
暗,13,常用,アン,くら（い） そら（んじる） やみ,,,くらい。やみ。　※名付けに不適切,1,1,1,要注意,
闇,17,常用,アン,やみ くら（い）,,#天空,やみ。くらい。　※名付けに不適切,10,50,50,要注意,
鞍,15,,アン,くら,,#調和,くら。馬の背に置く座。,10,55,55,要注意,
囲,7,常用,イ,かこ（う） かこ（む）,,,かこむ。めぐらす。,1,1,1,要注意,
夷,6,,イ,えびす えみし ころ（す） たい（らか） たい（らげる）,,,たいら。おだやか。えびす。,10,55,60,要注意,
委,8,常用,イ,ゆだ（ねる） お（く） くわ（しい） す（てる） まか（せる）,,#信念 #色彩,ゆだねる。まかせる。詳しい。,10,60,50,要注意,
尉,11,常用,イ ウツ,じょう,,,おさえる。官職の名。　※名付けには重すぎる,1,1,1,要注意,
慰,15,常用,イ,なぐさ（む） なぐさ（める）,,#天空 #慈愛,なぐさめる。安らぐ。　※「慰労」等の印象が強く慎重に,10,35,70,要注意,
椅,12,常用,イ,,あづ あづさ よし,,いす。　※事務的すぎて不向き,1,1,1,要注意,
畏,9,常用,イ,おそ（れる） かしこ（い） かしこ（まる）,,#知性,おそれる。うやまう。かしこまる。,10,55,65,要注意,
異,11,常用,イ,こと あや（しい）,,,ことなる。めずらしい。すぐれる。　※名付けに不向き,1,1,1,要注意,
移,11,常用,イ,うつ（す） うつ（る）,,,うつる。うつす。かわる。　※名付けに不向き,1,1,1,要注意,
胃,9,常用,イ,,,,い。胃袋。　※名付けに不向き,1,1,1,要注意,
萎,11,常用,イ,な（える） しお（れる） しな（びる） しぼ（む） つか（れる）,,,なえる。しおれる。　※名付けに不向き,1,1,1,要注意,
謂,16,,イ,いい い（う） いわ（れ）,,#調和,いう。いわゆる。わけ。　※事務的すぎて不向き,10,50,50,要注意,
違,13,常用,イ,ちが（う） ちが（える） か（い） さ（る） たが（う） たが（える） よこしま,,,ちがう。たがう。　※名付けに不適切,1,1,1,要注意,
遺,15,常用,イ ユイ,す（てる） のこ（す） のこ（る） わす（れる）,,,のこす。わすれる。　※「遺言」等の印象があり不適切,1,1,1,要注意,
井,4,常用,ショウ セイ,い いげた,きよ,,井戸。水の湧き出る所。集まる場所。,1,1,1,要注意,
域,11,常用,イキ ヨク,さかい ところ,,#調和,さかい。くぎり。　※名付けには珍しい,10,50,50,要注意,
茨,9,常用,シ,いばら くさぶき,,#自然,いばら。とげのある草。　※名付けには慎重に,10,50,50,要注意,
芋,6,常用,ウ,いも,,,いも。　※名付けに不向き,1,1,1,要注意,
鰯,20,,,いわし,,,いわし。魚の名。※日常的・物質的すぎて不向き,1,1,1,要注意,
印,6,常用,イン,しるし しる（す）,,,しるし。はんこ。きざむ。,1,1,1,要注意,
咽,9,常用,イン エツ エン,のど の（む） むせ（ぶ） むせ（る）,,,のど。むせぶ。　※名付けに不向き,1,1,1,要注意,
員,10,常用,イン エン ウン,かず,さだ,#調和,かず。仲間。まるい。　※名付けには珍しい,10,10,10,要注意,
因,6,常用,イン,よ（る） ちなみ ちな（む） よすが よ（って）,,,よる。もとづく。原因。　※名付けに不向き,1,1,1,要注意,
姻,9,常用,イン,とつ（ぐ）,,,よしみ。婚姻。　※名付けには珍しい,1,1,1,要注意,
飲,12,常用,イン オン,の（む） の（ます） みずか（う）,,,のむ。飲む。　※名付けに不向き,1,1,1,要注意,
淫,11,常用,イン,みだ（ら） あふ（れる） おお（きい） ながあめ ふけ（る） ほしいまま みだ（す） みだら,,,みだら。すぎる。ふける。　※名付けに不適切,1,1,1,要注意,
蔭,14,,イン オン,おお（う） おかげ かげ しげ（る）,,,かげ。おおい。助け。　※「日陰」の印象があり不向き,1,1,1,要注意,
院,10,常用,イン,かき かこい,,,かこい。建物。　※名付けには珍しい,1,1,1,要注意,
陰,11,常用,イン オン アン,かげ かげ（る） くも（る） くら（い） ひそ（か）,,,かげ。くらい。　※名付けに不向き,1,1,1,要注意,
隠,14,常用,イン オン,かく（す） かく（れる）,,#慈愛,かくれる。ひそむ。　※名付けに不適切,10,50,50,要注意,
烏,10,,ウ オ,いずく（んぞ） からす くろ（い） なん（ぞ）,,,からす。黒い。　※名付けに不向き,1,1,1,要注意,
迂,7,,ウ,とお（い） まが（る）,すすむ とお ゆき,,まがる。遠回り。　※名付けに不向き,1,1,1,要注意,
鵜,18,,テイ,う,,,う。鳥の名。　※動物的すぎて不向き,1,1,1,要注意,
窺,16,,キ,うかが（う） のぞ（く）,,#調和,うかがう。のぞく。　※不穏な印象があり不適切,10,50,50,要注意,
碓,13,,タイ,うす,,,うす。　※事務的・古風すぎて不向き,1,1,1,要注意,
臼,6,常用,キュウ,うす,,,うす。　※名付けに不向き,1,1,1,要注意,
渦,12,常用,カ,うず,,,うず。うずまき。まきこむ。　※不安定なため不向き,1,1,1,要注意,
姥,9,,ボ モ,うば ばば,,,うば。おばあさん。　※名付けに不向き,1,1,1,要注意,
厩,14,,キュウ ク,うまや,,,うまや。馬小屋。　※事務的すぎて不向き,1,1,1,要注意,
瓜,5,,カ,うり,,#自然,うり。植物の名。,10,50,50,要注意,
閏,12,,ジュン,うるう,うる,,うるう。余り。正統でない。　※名付けに不向き,1,1,1,要注意,
噂,15,,ソン,うわさ,,,うわさ。　※事務的・卑俗なため不適切,1,1,1,要注意,
云,4,,ウン,い（う）,おき これ とも ひと,#調和,いう。のたまう。,10,10,10,要注意,
餌,15,常用,ジ,え えさ く（う） たべもの,,,え。えさ。たべもの。※名付けに不適切,1,1,1,要注意,
営,12,常用,エイ ヨウ,いとな（む）,,,いとなむ。営む。つくる。,1,1,1,要注意,
影,15,常用,エイ ヨウ,かげ,,#天空,かげ。すがた。ひかり。　※「日陰」の印象があり慎重に,10,50,50,要注意,
曳,6,,エイ,ひ（く）,,,ひく。引きずる。,1,1,1,要注意,
泳,8,常用,エイ,およ（ぐ）,,,およぐ。泳ぐ。,1,1,1,要注意,
液,11,常用,エキ,しる わき,,,しる。えき。　※名付けに不向き,1,1,1,要注意,
疫,9,常用,エキ ヤク,,,,えきびょう。　※名付けに不向き,1,1,1,要注意,
駅,14,常用,エキ,うまや,,,うまや。えき。　※事務的な場所を指すため不向き,1,1,1,要注意,
謁,15,常用,エツ,まみ（える）,つく ゆく,,まみえる。つげる。　※事務的すぎて不向き,1,1,1,要注意,
謁,16,,エツ,まみ（える）,,,まみえる。※「謁」の異体字。※事務的すぎて不向き,1,1,1,要注意,
閲,15,常用,エツ,けみ（する） へ（る）,,#天空,けみする。調べる。　※事務的すぎて不向き,10,50,50,要注意,
堰,12,,エン,いせき せき せ（く）,,,せき。防ぐ。　※事務的すぎて不向き,1,1,1,要注意,
怨,9,常用,オン エン,うら（み） うら（む）,,,うらむ。うらみ。　※名付けに不向き,1,1,1,要注意,
沿,8,常用,エン,そ（う） ふち,,,そう。沿う。縁。,1,1,1,要注意,
炎,8,常用,エン,ほのお ほむら も（える）,,,ほのお。燃える。　※名付けに不向き,1,1,1,要注意,
煙,13,常用,エン,けむ（い） けむり けむ（る） けぶ（る） けむ,,,けむり。　※名付けに不向き,1,1,1,要注意,
猿,13,常用,エン,さる ましら,,,さる。　※動物の名。名付けに不向き,1,1,1,要注意,
艶,19,常用,エン,つや あで（やか） うらや（む） なまめ（かしい）,え よし,,つや。あでやか。　※「艶事」等の印象があり不向き,1,1,1,要注意,
薗,16,,エン オン,その にわ,え,#調和,その。にわ。※「園」の別体。,85,85,85,要注意,
遠,13,常用,エン オン,とお（い） おち,,,とおい。久しい。深い。,1,1,1,要注意,
鉛,13,常用,エン,なまり おしろい,,,なまり。金属の名。　※無機質すぎて不向き,1,1,1,要注意,
塩,13,常用,エン アン,しお,,,しお。　※日常的すぎて不向き,1,1,1,要注意,
汚,6,常用,オ,きたな（い） よご（す） よご（れる） けが（す） けが（らわしい） けが（れる）,,,けがれる。よごれる。　※名付けに不向き,1,1,1,要注意,
甥,12,,ショウ セイ,おい,,,おい。姉妹の息子。　※名付けに不適切,1,1,1,要注意,
凹,5,常用,オウ ヨウ,くぼ（む） へこ（ます） へこ（む）,,,くぼむ。ななめ。,1,1,1,要注意,
奥,12,常用,オウ イク,おく くま,,#水景,おく。深い。奥深い。　※「妻」の意があるため慎重に,40,55,60,要注意,
押,8,常用,オウ,お（さえる） お（す）,,,おす。おさえる。　※名付けに不向き,1,1,1,要注意,
横,15,常用,オウ コウ,よこ よこ（たわる）,,#信念,よこ。わき。※苗字の印象が強く不向き,10,50,50,要注意,
殴,8,常用,オウ,なぐ（る） う（つ） たた（く）,,,なぐる。　※名付けに不向き,1,1,1,要注意,
翁,10,常用,オウ,おきな,おい おき とし ひと,#調和,おきな。年老いた男性。,5,85,30,要注意,
襖,18,,オウ,あお ふすま わたいれ,,,ふすま。わきあけ。　※日常的（建具）すぎて不向き,1,1,1,要注意,
億,15,常用,オク,おしはか（る）,かず はかる やす やすし,#信念,おおい。百×百万。※数詞すぎて不向き,30,50,50,要注意,
屋,9,常用,オク,や いえ やね,,,や。いえ。屋根。　※苗字に多い,1,1,1,要注意,
臆,17,常用,オク,おしはか（る）,,#信念,おもう。おそれる。　※名付けに不適切,10,50,50,要注意,
桶,11,,トウ,おけ,,,おけ。器。　※名付けに不向き,1,1,1,要注意,
俺,10,常用,エン,おれ われ,,,おれ。私。　※名付けには不適切,1,1,1,要注意,
卸,9,常用,シャ,おろし おろ（す）,,,おろす。卸売り。　※名付けに不向き,1,1,1,要注意,
下,3,常用,カ ゲ,お（りる） お（ろす） くだ（さる） くだ（す） くだ（る） さ（がる） さ（げる） した しも もと,,#調和,した。さがる。くだる。基礎。,10,50,50,要注意,
化,4,常用,カ ケ,ば（かす） ば（ける） か（える） か（わる）,のり,,かわる。教え導く。,1,1,1,要注意,
仮,6,常用,カ ケ カク,かり か（す）,,#飛躍,かり。一時的。間に合わせ。,10,50,50,要注意,
何,7,常用,カ,なに なん いず（く） いず（れ）,,,なに。いずくんぞ。　※名付けに不向き,1,1,1,要注意,
価,8,常用,カ,あたい,,#調和,あたい。価値。ねうち。　※名付けには珍しい,10,50,50,要注意,
嫁,13,常用,カ,とつ（ぐ） よめ,,,よめ。とつぐ。　※役割を限定するため不向き,1,1,1,要注意,
寡,14,常用,カ,すく（ない） やもめ,,,すくない。やもめ。　※名付けに不適切,1,1,1,要注意,
暇,13,常用,カ,ひま いとま,,,ひま。いとま。　※事務的すぎて不向き,1,1,1,要注意,
禍,14,,カ,まが わざわ（い）,,#調和,わざわい。※「禍」の異体字。※名付けに不適切,10,50,50,要注意,
禍,13,常用,カ,まが わざわ（い）,,,わざわい。不幸せ。　※名付けに不適切,1,1,1,要注意,
稼,15,常用,カ,かせ（ぐ） う（える） みの（り）,たか たね,,かせぐ。はたらく。　※職業的すぎて不向き,1,1,1,要注意,
箇,14,常用,カ コ,,かず とも,,個。ひとつひとつ。　※事務的すぎて不向き,1,1,1,要注意,
苛,8,常用,カ,いじ（める） いら（だつ） から（い） きび（しい） さいな（む） むご（い） わずら（わしい）,,,きびしい。からい。　※名付けに不向き,1,1,1,要注意,
荷,10,常用,カ,に にな（う） はす,,,に。になう。負担。　※名付けに不向き,1,1,1,要注意,
菓,11,常用,カ,くだもの,,#調和,かし。くだもの。　※名付けには珍しい,10,50,50,要注意,
蝦,15,,カ ガ,えび がま,,,えび。　※動物的・卑俗なため不向き,1,1,1,要注意,
課,15,常用,カ,こころ（みる） はか（る） わりあ（てる）,,#信念 #天空,わりあてる。しごと。※事務的すぎて不向き,10,50,50,要注意,
嘩,13,,カ,かまびす（しい）,,,やかましい。さわぐ。　※「喧嘩」の印象が強いため不適切,1,1,1,要注意,
貨,11,常用,カ,たから,,,たから。貨幣。品物。　※名付けに不向き,1,1,1,要注意,
過,12,常用,カ,す（ぎる） す（ごす） あやま（ち） あやま（つ） とが よぎ（る）,,,すぎる。あやまち。　※名付けに不適切,1,1,1,要注意,
蚊,10,常用,ブン,か,,,か。虫の名。　※名付けに不向き,1,1,1,要注意,
俄,9,,ガ,にわか にわ（か）,,,にわか。急に。　※名付けに不向き,1,1,1,要注意,
画,8,常用,カク ガ,え えが（く） かぎ（る） か（く） はか（る）,,,え。図面。はかる。画策。,1,1,1,要注意,
餓,15,常用,ガ,う（え） う（える）,,,うえる。　※名付けに不適切,1,1,1,要注意,
解,13,常用,カイ ゲ,と（かす） と（く） と（ける） さと（る） ほぐ（れる） ほつ（れる） ほど（く） ほど（ける） わか（る）,,#知性,とく。わかる。さとる。　※名付けには珍しい,40,55,55,要注意,
回,6,常用,カイ エ,まわ（す） まわ（る） めぐ（らす） めぐ（る）,,,まわる。めぐる。,10,90,35,要注意,
塊,13,常用,カイ,かたまり つちくれ,,,かたまり。つちくれ。　※無機質すぎて不向き,1,1,1,要注意,
壊,16,常用,カイ エ,こわ（す） こわ（れる） やぶ（る） やぶ（れる）,,,こわす。やぶる。　※名付けに不適切,1,1,1,要注意,
廻,9,,エ カイ,まわ（す） まわ（る） めぐ（らす） めぐ（る）,,#調和,まわる。めぐる。　※名付けには珍しい,10,50,50,要注意,
怪,8,常用,カイ ケ,あや（しい） あや（しむ）,,,あやしい。　※名付けに不向き,1,1,1,要注意,
悔,9,常用,カイ ケ,く（いる） くや（しい） く（やむ）,,,くいる。くやむ。　※名付けに不向き,1,1,1,要注意,
悔,10,,カイ ケ,く（いる） くや（しい） く（やむ）,,,くいる。※「悔」の異体字。※名付けに不向き,1,1,1,要注意,
戒,7,常用,カイ,いまし（める）,,,いましめる。備える。慎む。,1,1,1,要注意,
拐,8,常用,カイ,かた（る） かどわか（す）,,,さらう。かどわかす。　※名付けに不向き,1,1,1,要注意,
晦,11,,カイ,くら（い） くら（ます） つごもり みそか,,,くらい。つきごもり。　※名付けに不向き,1,1,1,要注意,
械,11,常用,カイ,かせ からくり,,,かせ。器械。　※名付けに不向き,1,1,1,要注意,
灰,6,常用,カイ ケ,はい,,,はい。燃えかす。　※名付けに不向き,1,1,1,要注意,
皆,9,常用,カイ,みな,とも み みち,#調和,みな。すべて。　※名付けには珍しい,10,10,10,要注意,
芥,7,,カイ ケ,あくた からし,,,あくた。ごみ。からし。　※名付けに不向き,1,1,1,要注意,
蟹,19,,カイ,かに,,,かに。　※動物的・卑俗なため不適切,1,1,1,要注意,
階,12,常用,カイ,きざはし しな はしご,,,きざはし。しな。　※名付けには珍しい,1,1,1,要注意,
貝,7,常用,バイ,かい,,,かい。貝殻。貨幣（古くはお金として使用）。,1,1,1,要注意,
劾,8,常用,ガイ カイ,あば（く） しら（べる）,,,あばく。罪を調べる。　※名付けに不向き,1,1,1,要注意,
外,5,常用,ガイ ゲ ウイ,そと はず（す） はず（れる） ほか と,,#信念,そと。外側。広い。,10,50,55,要注意,
害,10,常用,ガイ カイ カツ,そこ（なう） わざわ（い）,,,そこなう。わざわい。　※名付けに不向き,1,1,1,要注意,
崖,11,常用,ガイ,がけ かどだ（つ）,,,がけ。切り立った場所。　※名付けに不向き,1,1,1,要注意,
慨,13,常用,ガイ カイ,いきどお（る） なげ（く）,,,なげく。いきどおる。　※「感慨」はあるが名付けには不向き,1,1,1,要注意,
概,14,常用,ガイ カイ,おおむ（ね）,,#調和,おおむね。とか。　※事務的すぎて不向き,10,50,50,要注意,
涯,11,常用,ガイ,はて みぎわ,,,はて。きわ。水際。,1,1,1,要注意,
蓋,13,常用,ガイ コウ,ふた おお（い） おお（う） かさ けだ（し）,,#天空,ふた。おおう。けだし。　※事務的すぎて不向き,10,50,50,要注意,
街,12,常用,ガイ カイ,まち ちまた,,,まち。通り。　※事務的すぎて不向き,1,1,1,要注意,
該,13,常用,ガイ カイ,か（ねる） そな（わる） そ（の）,かぬ かね,,あたる。あてはまる。　※事務的すぎて不向き,1,1,1,要注意,
鎧,18,,カイ ガイ,よろい よろ（う）,が,,よろい。身を守る武具。,1,1,1,要注意,
骸,16,常用,ガイ カイ,ほね むくろ,,,むくろ。からだ。　※名付けに不適切,1,1,1,要注意,
嚇,17,常用,カク,いか（る） おど（かす） おど（す）,,,おどす。いかる。　※名付けに不適切,1,1,1,要注意,
各,6,常用,カク,おのおの,,,おのおの。それぞれ。,1,1,1,要注意,
核,10,常用,カク,さね,,,さね。中心。種。核。　※名付けには慎重に,1,1,1,要注意,
殻,11,常用,カク,から,,,から。ぬけがら。　※名付けに不向き,1,1,1,要注意,
獲,16,常用,カク,え（る）,,#調和,える。とらえる。　※事務的・殺生を想起させ不向き,10,50,50,要注意,
穫,18,常用,カク,か（る） とりい（れる）,,,かりとる。える。※事務的（収穫等）すぎて不向き,1,1,1,要注意,
較,13,常用,カク コウ,くら（べる）,,,くらべる。あきらか。　※事務的すぎて不向き,1,1,1,要注意,
郭,11,常用,カク,くるわ,ひろ ひろし,,くるわ。外囲い。　※名付けには珍しい,1,1,1,要注意,
隔,13,常用,カク,へだ（たる） へだ（てる）,,,へだてる。とおざかる。　※名付けに不適切,1,1,1,要注意,
革,9,常用,カク キョク,かわ あらた（まる） あらた（める）,,#勇壮 #自然,かわ。あらためる。,10,90,35,要注意,
額,18,常用,ガク,ひたい ぬか ぬか（ずく）,,#信念,ぬか。がく。※事務的・解剖学的で不向き,1,1,1,要注意,
顎,18,常用,ガク,あご,,,あご。　※解剖学的すぎて不適切,1,1,1,要注意,
掛,11,常用,カ カイ ケ,かかり か（かる） か（ける）,,,かける。かかる。※負債などの不穏な語に多いため不向き,1,1,1,要注意,
笠,11,,リュウ,かさ,,,かさ。竹で編んだ帽子。　※苗字に多いため慎重に,1,1,1,要注意,
潟,15,常用,セキ,かた,,#水景 #自然,かた。しおひ。　※地形を指すため不向き,10,50,50,要注意,
割,12,常用,カツ,わり わ（る） わ（れる） さ（く）,,,わる。割る。　※名付けに不適切,1,1,1,要注意,
喝,11,常用,カツ,おど（す） しか（る）,,,しかる。大声で呼ぶ。　※名付けに不向き,1,1,1,要注意,
恰,9,,カッ コウ,あたか（も）,きょう こ,#調和,あたかも。あたかも。ちょうど。　※名付けには珍しい,10,10,10,要注意,
渇,11,常用,カツ ケツ,かわ（く） むさぼ（る）,,,かわく。のどが渇く。　※名付けに不向き,1,1,1,要注意,
滑,13,常用,カツ コツ,すべ（る） なめ（らか） ぬめ（る）,,,すべる。なめらか。,1,1,1,要注意,
葛,12,常用,カツ,くず かずら かたびら つづら,かず かつ かつら かど さち ずら つた つら ふじ,,くず。植物の名。,1,1,1,要注意,
褐,13,常用,カツ,ぬのこ,,,かついろ。こげ茶。ぬの。　※名付けに不向き,1,1,1,要注意,
轄,17,常用,カツ,くさび とりし（まる）,,,くさび。とりしまる。　※事務的すぎて不向き,1,1,1,要注意,
鞄,14,,ホウ,かばん なめしがわ,,,かばん。革。　※事務的すぎて不向き,1,1,1,要注意,
株,10,常用,シュ,かぶ,,,かぶ。根元。くい。　※名付けに不向き,1,1,1,要注意,
蒲,13,,フ ブ ホ,がま かわやなぎ むしろ,,#自然,がま。植物の名。　※苗字や地名の印象が強く慎重に,40,40,40,要注意,
釜,10,常用,フ,かま,,,かま。器。　※名付けに不向き,1,1,1,要注意,
鎌,18,常用,レン,かま,かね,,かま。刃物。　※刃物・地名の印象が強く不向き,1,1,1,要注意,
鴨,16,,オウ,かも,,,かも。鳥の名。,1,1,1,要注意,
萱,12,,カン ケン,かや わすれぐさ,ただ まさ,#自然,かや。カヤ（植物）。　※名付けには珍しい,40,50,50,要注意,
粥,12,,シュク イク,かゆ ひさ（ぐ）,,,かゆ。ひさぐ。　※名付けに不向き,1,1,1,要注意,
刈,4,常用,カイ ガイ,か（る）,,,かる。草をきる。,1,1,1,要注意,
瓦,5,常用,ガ,かわら かわらけ グラム,,,かわら。土を焼いた器。,1,1,1,要注意,
寒,12,常用,カン,さむ（い） いや（しい） さび（しい） まず（しい）,,,さむい。　※名付けに不向き,1,1,1,要注意,
刊,5,常用,カン,きざ（む） けず（る）,,,きざむ。削る。刊行。,10,50,50,要注意,
勘,11,常用,カン,かんが（える）,,,しらべる。考える。直感。,1,1,1,要注意,
巻,9,常用,カン ケン,まき ま（く）,,#色彩,まく。書物。　※名付けには慎重に,40,40,40,要注意,
喚,12,常用,カン,さけ（ぶ） よ（ぶ） わめ（く）,,,よぶ。叫ぶ。喚起する。　※「叫ぶ」の意が強いため不向き,1,1,1,要注意,
官,8,常用,カン,おおやけ つかさ,,,つかさ。おさめる。役目。,1,1,1,要注意,
干,3,常用,カン,ほ（す） ひ（る） おか（す） かか（わる） たて もと（める）,,,ほす。たて。守る。,1,1,1,要注意,
患,11,常用,カン ゲン,わずら（う） うれ（い） うれ（える） わずら（い）,,,わずらう。病気になる。　※名付けに不適切,1,1,1,要注意,
慣,14,常用,カン,な（らす） な（れる） ならわし,,,なれる。習う。　※事務的すぎて不向き,1,1,1,要注意,
憾,16,常用,カン,うら（む）,,,うらむ。のこりおしい。　※名付けに不適切,1,1,1,要注意,
換,12,常用,カン,か（える） か（わる）,,,かえる。交換。取り替える。　※事務的すぎて不向き,1,1,1,要注意,
棺,12,常用,カン,ひつぎ,,,ひつぎ。　※名付けに不適切,1,1,1,要注意,
款,12,常用,カン,しる（す） たた（く） まこと よろこ（ぶ）,,,たたく。まこと。しるす。　※事務的（約款など）すぎて不向き,1,1,1,要注意,
汗,6,常用,カン,あせ,,,あせ。努力の結晶。,1,1,1,要注意,
漢,14,,カン,おとこ から,,#水景,おとこ。天の川。※「漢」の異体字。　※慎重に,80,80,80,要注意,
監,15,常用,カン ケン,かんがみ（る） しら（べる） み（る）,,,みる。かんがみる。つかさどる。　※事務的すぎて不向き,1,1,1,要注意,
看,9,常用,カン,み（る）,,,みる。見守る。,1,1,1,要注意,
竿,9,,カン,さお ふだ,,#自然,さお。竹の棒。,10,65,45,要注意,
簡,18,常用,カン ケン,えら（ぶ） ふだ,,,ふだ。手紙。しめやか。※事務的すぎて不向き,1,1,1,要注意,
缶,6,常用,カン フ,かま ほとぎ,,,ほとぎ。器。かん。,1,1,1,要注意,
肝,7,常用,カン,きも,,#信念,きも。まごころ。肝心。,10,45,70,要注意,
艦,21,常用,カン,いくさぶね,,,ふね。いくさぶね。※軍事的・事務的すぎて不向き,1,1,1,要注意,
還,16,常用,カン ゲン,かえ（す） かえ（る） また,,,かえる。めぐる。　,1,1,1,要注意,
間,12,常用,カン ケン,あいだ ま あい うかが（う） しず（か） はざま ひそ（かに）,,,あいだ。すきま。　※名付けに不向き,1,1,1,要注意,
陥,10,常用,カン,おちい（る） おとしい（れる）,,,おちいる。※旧字「陷」も同様。※名付けに不向き,1,1,1,要注意,
韓,18,常用,カン,いげた から,,,から。井戸の囲い。国の名。　※固有名詞すぎて不向き,1,1,1,要注意,
館,,,,,,,,,,,要注意,
岸,8,常用,ガン,きし かどだ（つ）,,,きし。水際。高い。,1,1,1,要注意,
玩,8,常用,ガン,あじ（わう） もてあそ（ぶ）,,,もてあそぶ。鑑賞する。味わう。,1,1,1,要注意,
眼,11,常用,ガン ゲン,まなこ め,,#調和,め。まなこ。見分ける力。,10,55,55,要注意,
雁,12,,ガン,かり,か,,かり。渡り鳥。,1,1,1,要注意,
顔,18,常用,ガン,かお かんばせ,,,かお。かおつき。※解剖学的すぎて不適切,1,1,1,要注意,
願,19,常用,ガン,ねが（う） ねが（わくは）,,#信念,ねがう。いのる。　※事務的・機能的すぎて不向き,10,50,50,要注意,
企,6,常用,キ,くわだ（てる） たくら（む）,,#天空,くわだてる。　※名付けには珍しい,10,50,50,要注意,
危,6,常用,キ,あぶ（ない） あや（うい） あや（ぶむ） あや（める） たか（い）,,,あぶない。高い。あやうい。　※名付けに不向き,1,1,1,要注意,
器,16,,キ,うつわ,,#知性,うつわ。才能。※「器」の異体字。,10,50,70,要注意,
嬉,15,,キ,あそ（ぶ） うれ（しい） たの（しむ）,よし,#幸福,うれしい。楽しむ。,95,95,95,要注意,
寄,11,常用,キ,よ（せる） よ（る）,,#調和,よる。よせる。あずける。,10,35,70,要注意,
岐,7,常用,キ ギ,ちまた わか（れる）,みち,#調和,わかれ道。　※名付けには慎重に,5,50,50,要注意,
忌,7,常用,キ,い（まわしい） い（む）,,,いむ。おそれる。　※名付けに不向き,1,1,1,要注意,
机,6,常用,キ,つくえ,,,つくえ。学ぶ場所。　※名付けには珍しい,1,1,1,要注意,
既,10,常用,キ,すで（に）,,,すでに。おわる。尽くす。　※名付けに不向き,1,1,1,要注意,
期,12,常用,キ ゴ,き（める） ちぎ（る） とき,,,とき。ちぎる。きめる。　※事務的すぎて不向き,1,1,1,要注意,
棄,13,常用,キ,す（てる）,,,すてる。わすれる。　※名付けに不適切,1,1,1,要注意,
機,16,常用,キ,はた おり からくり きざ（し） はずみ,,,はた。からくり。機会。根本。,1,1,1,要注意,
帰,10,常用,キ,かえ（す） かえ（る） おく（る） とつ（ぐ）,,,かえる。落ち着く。送る。　※名付けに不向き,1,1,1,要注意,
汽,7,常用,キ,ゆげ,,,水蒸気。ゆげ。　※名付けには珍しい,1,1,1,要注意,
祈,8,,キ,いの（る）,,,いのる。願う。※「祈」の異体字。,1,1,1,要注意,
飢,10,常用,キ,う（える） う（え）,,,うえる。ひもじい。　※名付けに不向き,1,1,1,要注意,
鬼,10,常用,キ,おに,,,おに。精霊。強い。　※名付けに不向き,1,1,1,要注意,
偽,14,常用,ギ,いつわ（る） にせ,,,いつわる。にせ。※「偽」の旧字体。※名付けに不適切,1,1,1,要注意,
戯,15,常用,ギ ゲ,たわむ（れる） ざ（れる） たわ（ける）,,,たわむれる。あそぶ。　※事務的・不穏なため不向き,1,1,1,要注意,
擬,17,常用,ギ,なぞら（える） はか（る） まがい もどき,,,なぞらえる。　※「擬似」等の印象があり不向き,1,1,1,要注意,
欺,12,常用,ギ キ,あざむ（く）,,,あざむく。だます。　※名付けに不適切,1,1,1,要注意,
犠,17,常用,ギ キ,いけにえ,,,いけにえ。　※「犠牲」の印象があり不適切,1,1,1,要注意,
疑,14,常用,ギ,うたが（う） うたぐ（る）,,,うたがう。疑わしい。　※名付けに不適切,1,1,1,要注意,
議,20,常用,ギ,はか（る）,かた さだむ のり,,はかる。意見。※事務的（会議等）すぎて不向き,1,1,1,要注意,
掬,11,,キク,すく（う） むす（ぶ）,,,きく。手で水をすくう。,1,1,1,要注意,
喫,12,常用,キツ,く（う） す（う） の（む）,,,のむ。食う。　※事務的・生理的で不向き,1,1,1,要注意,
詰,13,常用,キツ,つ（まる） つ（む） つ（める） なじ（る）,,,つめる。なじる。　※事務的すぎて不向き,1,1,1,要注意,
砧,10,,チン,きぬた,,#調和,きぬた。布を叩く台。,10,20,100,要注意,
杵,8,,ショ,きね,,,きね。つく。　※名付けには珍しい,1,1,1,要注意,
却,7,常用,キャク カク,かえ（って） しりぞ（く） しりぞ（ける）,,,しりぞく。かえって。　※名付けに不向き,1,1,1,要注意,
客,9,常用,キャク カク,まろうど,,,きゃく。招く。仲間。　※名付けには珍しい,1,1,1,要注意,
脚,11,常用,キャク キャ カク,あし,,,あし。すね。　※名付けに不向き,1,1,1,要注意,
虐,9,常用,ギャク,しいた（げる） むご（い）,,,しいたげる。むごい。　※名付けに不向き,1,1,1,要注意,
逆,9,常用,ギャク ゲキ,さか さか（らう） あらかじ（め） むか（える）,,,さからう。あべこべ。　※名付けに不向き,1,1,1,要注意,
及,3,常用,キュウ,およ（び） およ（ぶ） およ（ぼす）,,,およぶ。達する。及ぼす。,1,1,1,要注意,
吸,6,常用,キュウ,す（う）,,#調和,すう。とりこむ。　※名付けには珍しい,10,50,50,要注意,
急,9,常用,キュウ,いそ（ぐ） せ（く）,,,いそぐ。はやい。せまる。　※名付けには慎重に,1,1,1,要注意,
朽,6,常用,キュウ,く（ちる） すた（れる）,,,くちる。腐る。衰える。,1,1,1,要注意,
泣,8,常用,キュウ,な（く）,,,なく。声をあげて泣く。　※名付けに不向き,1,1,1,要注意,
灸,7,,キュウ,やいと,,,やいと。おきゅう。　※名付けに不向き,1,1,1,要注意,
窮,15,常用,キュウ,きわ（まる） きわ（める）,,,きわめる。いきづまる。　※名付けに不適切,1,1,1,要注意,
笈,10,,キュウ,おい,,#調和,おい。箱。学問。　※名付けには珍しい,10,55,55,要注意,
級,9,常用,キュウ,くび しな,,#調和,しな。段。階段。　※名付けには珍しい,10,50,50,要注意,
糾,9,常用,キュウ,あざな（う） ただ（す）,,,あざなう。ただす。しらべる。　※名付けに不向き,1,1,1,要注意,
給,12,常用,キュウ,たま（う） たまわ（る）,,,たまう。あたえる。　※事務的すぎて不向き,1,1,1,要注意,
旧,5,常用,キュウ,ふ（る） ふる（い） ふる（びる） もと,,#調和,ふるい。むかし。旧友。,10,35,70,要注意,
去,5,常用,キョ コ,さ（る） のぞ（く） ゆ（く）,なる,,さる。ゆく。取り除く。,1,1,1,要注意,
居,8,常用,キョ コ キ,い（る） お（る） お（く）,,,おる。そこにいる。落ち着く。,1,1,1,要注意,
拒,8,常用,キョ,こば（む） ふせ（ぐ）,,,こばむ。防ぐ。　※名付けに不向き,1,1,1,要注意,
拠,8,常用,キョ コ,よりどころ よ（る）,,,よりどころ。もとづく。,1,1,1,要注意,
挙,10,常用,キョ,あ（がる） あ（げる） こぞ（って） こぞ（る）,しげ すすむ たか たつ ひら みな,#調和,あげる。おこなう。すぐれる。,10,100,25,要注意,
虚,11,常用,キョ コ,うつ（ける） うつ（ろ） うろ むな（しい）,,,むなしい。うつろ。　※名付けに不向き,1,1,1,要注意,
許,11,常用,キョ コ,ゆる（す） ばか（り） もと,すすむ ゆく,#調和,ゆるす。認める。ばかり。,5,35,75,要注意,
距,12,常用,キョ,けづめ ふせ（ぐ） へだ（てる）,,,へだたる。きょり。　※名付けに不向き,1,1,1,要注意,
鋸,16,,キョ,のこ のこぎり,,#調和,のこぎり。　※事務的・刃物のため不向き,10,50,50,要注意,
漁,14,常用,ギョ リョウ,あさ（る） いさ（り） すなど（る）,,,いさる。とる。あさる。　※職業的すぎて不向き,1,1,1,要注意,
魚,11,常用,ギョ,うお さかな,いお お な,#調和,うお。さかな。　※名付けには珍しい,5,55,55,要注意,
供,8,常用,キョウ ク,そな（える） とも,,#自然,そなえる。とも。　※名付けには珍しい,10,45,70,要注意,
競,20,常用,キョウ ケイ,きそ（う） せ（る） きお（う） くら（べる）,きそう つよし,,きそう。くらべる。　※「競争」の印象が強く慎重に,1,1,1,要注意,
凶,4,常用,キョウ,おそ（れる） わざわ（い） わる（い）,,,わるい。不吉。　※名付けに不向き,1,1,1,要注意,
叫,6,常用,キョウ,さけ（ぶ）,,,さけぶ。叫ぶ。　※名付けに不向き,1,1,1,要注意,
峡,9,常用,キョウ,はざま,,,はざま。谷。　※名付けには珍しい,1,1,1,要注意,
恐,10,常用,キョウ,おそ（れる） おそ（ろしい） こわ（い）,,,おそれる。こわい。　※名付けに不向き,1,1,1,要注意,
挟,9,常用,キョウ,はさ（まる） はさ（む） さしはさ（む）,,,はさむ。わき。　※名付けに不向き,1,1,1,要注意,
況,8,常用,キョウ,ありさま いわ（んや）,,,ありさま。いわんや。　※名付けに不向き,1,1,1,要注意,
狂,7,常用,キョウ,くる（う） くる（おしい） ふ（れる）,,,くるう。激しい。夢中。　※名付けに不向き,1,1,1,要注意,
狭,9,常用,キョウ コウ,せば（まる） せば（める） せま（い） さ,,,せまい。　※名付けに不向き,1,1,1,要注意,
矯,17,常用,キョウ,た（める） いつわ（る）,,#勇壮,ためる。正す。いつわる。　※事務的すぎて不向き,10,50,50,要注意,
胸,10,常用,キョウ,むね むな こころ,,,むね。心。　※名付けに不向き,1,1,1,要注意,
脅,10,常用,キョウ,おど（かす） おど（す） おびや（かす） おび（える）,,,おびやかす。おどす。　※名付けに不向き,1,1,1,要注意,
蕎,15,,キョウ,,そ,,そば。植物の名。　※日常的すぎて不向き,1,1,1,要注意,
饗,22,,キョウ,あえ う（ける） もてな（す）,,,もてなす。供える。,1,1,1,要注意,
驚,22,常用,キョウ,おどろ（かす） おどろ（く）,,,おどろく。※名付けに不適切,1,1,1,要注意,
凝,16,常用,ギョウ,こ（らす） こ（る） こご（る） しこ（り）,,,こる。かたまる。こらす。　※事務的すぎて不向き,1,1,1,要注意,
業,13,常用,ギョウ ゴウ,わざ,なり のり,,わざ。しごと。なりわい。　※事務的すぎて不向き,1,1,1,要注意,
局,7,常用,キョク,つぼね,,#調和,つかさ。しきり。大局。,10,60,60,要注意,
曲,6,常用,キョク,ま（がる） ま（げる） かね くせ くま まが,,#調和,まがる。くま。音楽。,10,55,55,要注意,
僅,13,常用,キン,わず（か） わず（かに）,,,わずか。すこし。　※事務的すぎて不向き,1,1,1,要注意,
巾,3,常用,キン,きれ はば ふきん,,,ぬの。きれ。はば。,1,1,1,要注意,
斤,4,常用,キン,おの,,#調和,おの。重さの単位。,10,50,50,要注意,
禁,13,常用,キン,いさ（める） い（む） とど（める）,,,いさめる。とめる。禁じる。　※名付けに不適切,1,1,1,要注意,
禽,13,,キン,とら（える） とり,,#調和,とり。いけどる。　※「猛禽」等の印象があり不向き,10,50,50,要注意,
筋,12,常用,キン,すじ,,,すじ。筋肉。竹の繊維。　※名付けに不向き,1,1,1,要注意,
緊,15,常用,キン,かた（い） きび（しい） し（める） ちぢ（む）,,,しめる。かたい。　※「緊張」の印象が強いため不向き,1,1,1,要注意,
菌,11,常用,キン,きのこ たけ,,,きん。きのこ。かび。　※名付けに不向き,1,1,1,要注意,
区,4,常用,ク オウ,,,,わける。くぎり。,1,1,1,要注意,
苦,8,常用,ク,くる（しい） くる（しむ） くる（しめる） にが（い） にが（る） にがな はなは（だ）,,,くるしい。にがい。つとめる。　※名付けに不向き,1,1,1,要注意,
具,8,常用,グ,つぶさ（に） つま そな（える） そな（わる）,とも,#調和,そなえる。つぶさに。道具。,5,50,50,要注意,
愚,13,常用,グ,おろ（か）,,,おろか。ばか。　※名付けに不適切,1,1,1,要注意,
虞,13,常用,グ,おそれ,,#幸福,おそれ。心配。あやぶむ。　※名付けに不適切,10,50,50,要注意,
喰,12,,,く（う） く（らう）,,,くう。食べる。　※名付けに不適切,1,1,1,要注意,
偶,11,常用,グウ,たぐい たまたま ひとがた,,,たまたま。人形。偶数。　※名付けに不向き,1,1,1,要注意,
寓,12,,グ グウ,かこつ（ける） かりずまい やど（る） よ（せる）,,,かこつける。寄せる。すまい。　※事務的すぎて不向き,1,1,1,要注意,
遇,12,常用,グウ グ,あ（う） たまたま もてな（す）,,#信念,あう。もてなす。あしらい。　※事務的すぎて不向き,10,50,50,要注意,
隅,12,常用,グウ,すみ,,,すみ。かど。　※名付けに不向き,1,1,1,要注意,
串,7,常用,カン セン,くし つらぬ（く） な（れる）,,,くし。つらぬく。　※名付けに不向き,1,1,1,要注意,
櫛,19,,シツ,くし くしけず（る）,,,くし。髪を整える道具。※事務的すぎて不向き,1,1,1,要注意,
釧,11,,セン,うでわ くしろ,,,くしろ。腕輪。※地名（釧路）の印象が強いため慎重に,1,1,1,要注意,
屑,10,,セツ,いさぎよ（い） くず,,,くず。いさぎよい。　※名付けに不向き,1,1,1,要注意,
屈,8,常用,クツ,かが（む） くぐ（まる） こご（まる）,,,かがむ。屈する。折れる。　※名付けに不向き,1,1,1,要注意,
掘,11,常用,クツ,ほ（る）,,,ほる。掘る。　※名付けに不向き,1,1,1,要注意,
窟,13,常用,クツ,いわや ほらあな,,#調和,いわや。あな。　※不穏（魔窟等）なため不向き,10,50,50,要注意,
沓,8,,トウ,かさ（なる） くつ むさぼ（る）,,,くつ。重なる。多い。　※名付けに不向き,1,1,1,要注意,
靴,13,常用,カ,くつ,,,くつ。　※日常的すぎて不向き,1,1,1,要注意,
窪,14,,ア ワ,くぼ くぼ（む）,,,くぼ。くぼみ。　※地形を指すため名付けには慎重に,1,1,1,要注意,
隈,12,,ワイ,くま すみ,,,くま。すみ。曲がり角。　※不穏なため不向き,1,1,1,要注意,
繰,19,常用,ソウ,く（る）,,,くる。あやつる。※事務的すぎて不向き,1,1,1,要注意,
鍬,17,,ショウ シュウ,くわ すき,,,くわ。農具。　※事務的すぎて不向き,1,1,1,要注意,
群,13,常用,グン,むら む（れ） む（れる）,とも もと,,むれ。むら。集まる。　※名付けに不向き,1,1,1,要注意,
軍,9,常用,グン クン,いくさ つわもの,,,いくさ。軍。　※名付けには慎重に,1,1,1,要注意,
郡,10,常用,グン クン,こおり,,#調和,こおり。区画。　※名付けには珍しい,10,50,50,要注意,
袈,11,,ケ,,,,けさ。仏教の衣。　※名付けには珍しい,1,1,1,要注意,
係,9,常用,ケイ,かかり かか（る） かか（わる） つな（ぐ）,たえ,#調和,かかわる。つなぐ。　※名付けには珍しい,10,10,10,要注意,
傾,13,常用,ケイ,かたむ（く） かたむ（ける） かし（ぐ） かた（げる） くつがえ（る）,,,かたむく。　※不安定なため不向き,1,1,1,要注意,
刑,6,常用,ケイ ギョウ,しおき のり,,,のり。刑罰。　※名付けに不向き,1,1,1,要注意,
兄,5,常用,キョウ ケイ,あに え,,,あに。年長者。慕われる人。,1,1,1,要注意,
型,9,常用,ケイ,かた,,#調和,かた。手本。型。,20,20,20,要注意,
憩,16,常用,ケイ,いこ（い） いこ（う）,やす,,いこう。休む。,1,1,1,要注意,
掲,11,常用,ケイ,かか（げる）,,,かかげる。高く上げる。,1,1,1,要注意,
携,13,常用,ケイ,たずさ（える） たずさ（わる） はな（れる）,,,たずさえる。手に持つ。つなぐ。　※事務的すぎて不向き,1,1,1,要注意,
系,7,常用,ケイ,すじ つな（ぐ）,,#調和,つながり。系統。血筋。,10,55,55,要注意,
計,9,常用,ケイ,はか（らう） はか（る） かぞ（える）,かず かずい かずえ かずお かずし,#知性,はかる。数える。計画。,10,10,10,要注意,
警,19,常用,ケイ キョウ,いまし（める）,さとし ただし,,いましめる。さとい。　※事務的（警察等）すぎて不向き,1,1,1,要注意,
軽,12,常用,ケイ キン,かる（い） かろ（やか）,かる とし,,かるい。すばやい。　※「軽はずみ」の印象があるため不向き,1,1,1,要注意,
鶏,19,常用,ケイ,にわとり とり,,,にわとり。鳥の名。　※動物的すぎて不向き,1,1,1,要注意,
劇,15,常用,ゲキ,はげ（しい）,,,はげしい。しばい。　※事務的すぎて不向き,1,1,1,要注意,
戟,12,,ケキ ゲキ,ほこ,,,ほコ。武器。　※名付けに不適切,1,1,1,要注意,
撃,15,常用,ゲキ ケキ,う（つ）,,,うつ。せめる。　※名付けに不適切,1,1,1,要注意,
激,16,常用,ゲキ,はげ（しい） はげ（ます）,,,はげしい。たぎる。　※名付けには強すぎるため不向き,1,1,1,要注意,
隙,13,常用,ゲキ ケキ,すき ひま,,#天空,すき。ひま。　※不穏（隙を突く等）なため不向き,10,50,50,要注意,
桁,10,常用,コウ,けた かせ,,,けた。横木。　※名付けに不向き,1,1,1,要注意,
欠,4,常用,ケツ ケン,か（く） か（ける） あくび,,,かける。足りない。,1,1,1,要注意,
穴,5,常用,ケツ,あな,,,あな。　※名付けに不向き,1,1,1,要注意,
血,6,常用,ケツ ケチ,ち,,,ち。血筋。　※名付けに不向き,1,1,1,要注意,
訣,11,,ケツ,おくぎ わか（れる）,,,わかれる。奥義。　※別れの意が強いため不向き,1,1,1,要注意,
件,6,常用,ケン,くだり くだん,,#調和,こと。事柄。くだん。,10,50,50,要注意,
倦,10,,ケン ゲン,あ（きる） あぐ（む） う（む） つか（れる）,,,あきる。つかれる。　※名付けに不向き,1,1,1,要注意,
券,8,常用,ケン,てがた わりふ,,,ふだ。証書。手形。　※名付けに不向き,1,1,1,要注意,
喧,12,,ケン,かまびす（しい） やかま（しい）,,,やかましい。かまびすしい。　※名付けに不適切,1,1,1,要注意,
圏,12,常用,ケン,かこ（い）,,,かこい。おり。範囲。　※事務的すぎて不向き,1,1,1,要注意,
嫌,13,常用,ケン ゲン,いや きら（う） うたが（う）,,,きらう。いや。　※名付けに不適切,1,1,1,要注意,
懸,20,常用,ケン ケ,か（かる） か（ける） へだ（たる）,かける,,かける。へだたる。※不安定（懸念等）なため不向き,1,1,1,要注意,
捲,11,,ケン,ま（く） まく（る） めく（る）,,,まく。まくる。　※名付けに不向き,1,1,1,要注意,
検,12,常用,ケン,あらた（める） しら（べる）,,,しらべる。考える。　※事務的すぎて不向き,1,1,1,要注意,
牽,11,,ケン,つら（なる） ひ（く）,くる とき とし ひき,,ひく。つなぎとめる。　※名付けに不向き,1,1,1,要注意,
犬,4,常用,ケン,いぬ,,,いぬ。十二支の第十一。,1,1,1,要注意,
県,9,常用,ケン,あがた,,#調和,あがた。県。　※名付けには珍しい,1,1,1,要注意,
肩,8,常用,ケン,かた,,,かた。支える。　※名付けに不向き,1,1,1,要注意,
遣,13,常用,ケン,つか（う） つか（わす） や（る）,,,つかう。つかわす。　※事務的すぎて不向き,1,1,1,要注意,
鍵,17,常用,ケン,かぎ,,,かぎ。かなめ。　※事務的・物質的すぎて不向き,1,1,1,要注意,
険,11,常用,ケン,けわ（しい）,,,けわしい。険しい。　※名付けに不向き,1,1,1,要注意,
験,18,常用,ケン ゲン,あかし しるし ため（す）,,,しるし。ためす。※事務的すぎて不向き,1,1,1,要注意,
減,12,常用,ゲン,へ（らす） へ（る）,,,へる。へらす。　※名付けに不適切,1,1,1,要注意,
限,9,常用,ゲン,かぎ（る） かぎ（り） きり,,,かぎる。境目。　※名付けに不向き,1,1,1,要注意,
個,10,常用,コ カ,,,,ひとつ。個。　※名付けに不向き,1,1,1,要注意,
呼,8,常用,コ,よ（ぶ）,,,よぶ。いき。よぶ。,1,1,1,要注意,
孤,9,常用,コ,そむ（く） ひと（り） みなしご,,,ひとり。みなしご。　※名付けに不向き,1,1,1,要注意,
庫,10,常用,コ ク,くら,,#勇壮,くら。入れる所。　※名付けには珍しい,10,55,55,要注意,
弧,9,常用,コ,きゆみ,,,ゆみなり。円の一部。　※名付けには珍しい,1,1,1,要注意,
故,9,常用,コ,ゆえ ことさら（に） ふる（い） もと,,,ゆえ。ふるい。もと。,1,1,1,要注意,
枯,9,常用,コ,か（らす） か（れる） から（びる）,,,かれる。　※名付けに不向き,1,1,1,要注意,
糊,15,,コ,のり,,,のり。つける。　※事務的・物質的すぎて不向き,1,1,1,要注意,
袴,11,,コ,はかま ももひき,,,はかま。　※名付けには珍しい,1,1,1,要注意,
股,8,常用,コ,また もも,,,また。もも。手足。　※名付けには慎重に,1,1,1,要注意,
跨,13,,コ,また また（がる） また（ぐ）,,,またぐ。こえる。　※生理的・卑俗なため不向き,1,1,1,要注意,
雇,12,常用,コ,やと（う）,,,やとう。雇用。　※事務的すぎて不向き,1,1,1,要注意,
顧,21,常用,コ,かえり（みる）,,,かえりみる。おもう。※事務的すぎて不向き,1,1,1,要注意,
呉,7,常用,ゴ,くれ く（れる）,くに,#調和,呉。中国の国名。くれる。,5,35,70,要注意,
後,9,常用,ゴ コウ,あと うし（ろ） のち おく（れる） しり,,,のち。うしろ。あとの世代。,1,1,1,要注意,
檎,17,,キン ゴ,,,#自然,林檎（りんご）。　※「檎」単体では不向き,10,50,50,要注意,
碁,13,常用,ゴ キ,,,,ご。囲碁。　※事務的・遊戯的で不向き,1,1,1,要注意,
誤,14,常用,ゴ,あやま（る） まど（わす）,,,あやまる。まちがえる。　※名付けに不適切,1,1,1,要注意,
乞,3,常用,キツ コツ キ,こ（う）,,,乞う。願う。求める。,1,1,1,要注意,
勾,4,常用,コウ,とら（える） ま（がる）,にお まがり,#調和,まがる。とらえる。,15,50,50,要注意,
口,3,常用,ク コウ,くち,,,口。言葉の出口。入り口。,1,1,1,要注意,
后,6,常用,コウ ゴ,きさき きみ のち,,,きさき。のち。君主の妃。,1,1,1,要注意,
喉,12,常用,コウ,のど,,,のど。　※解剖学的すぎて不向き,1,1,1,要注意,
坑,7,常用,コウ,あな,,,あな。あなうめ。　※名付けに不向き,1,1,1,要注意,
巷,9,,コウ,ちまた,,,ちまた。道。　※名付けに不向き,1,1,1,要注意,
庚,8,,コウ,かのえ とし,か つぐ みちる やす,,かのえ。十干の第七。つぐ。,1,1,1,要注意,
慌,12,常用,コウ,あわ（ただしい） あわ（てる）,,#品格 #天空,あわてる。うろたえる。　※名付けに不適切,10,50,50,要注意,
抗,7,常用,コウ,あらが（う） こば（む） はりあ（う） ふせ（ぐ）,,,あらがう。防ぐ。　※名付けに不向き,1,1,1,要注意,
拘,8,常用,コウ,かか（わる） こだわ（る） とど（める） とら（える）,,,かかわる。とらわれる。　※名付けに不向き,1,1,1,要注意,
控,11,常用,コウ,ひか（える） つ（げる） のぞ（く）,,,ひかえる。とどめる。写し。　※名付けに不向き,1,1,1,要注意,
攻,7,常用,コウ,せ（める） おさ（める） みが（く）,おさむ,#飛躍,せめる。おさめる。磨く。,20,20,20,要注意,
杭,8,,コウ,くい わた（る）,,#調和,くい。柱。支え。,10,50,50,要注意,
校,10,常用,コウ キョウ,あぜ かせ かんが（える） くら（べる）,,#調和,校舎。ならう。正す。　※名付けには珍しい,10,60,60,要注意,
構,14,常用,コウ,かま（う） かま（える）,,,かまえる。つくる。　※事務的すぎて不向き,1,1,1,要注意,
溝,13,常用,コウ,みぞ どぶ,,#天空,みぞ。　※名付けに不向き,10,50,50,要注意,
硬,12,常用,コウ,かた（い）,,#勇壮,かたい。硬い。強い。　※「強情」の印象があるため慎重に,40,85,30,要注意,
稿,15,常用,コウ,したがき わら,,,わら。したがき。　※事務的すぎて不向き,1,1,1,要注意,
絞,12,常用,コウ,しぼ（る） し（まる） し（める） くび（る）,,,しぼる。しめる。　※名付けに不向き,1,1,1,要注意,
肯,8,常用,コウ,あ（えて） うなず（く） うべな（う） がえん（じる）,さき むね,,うなずく。承知する。,1,1,1,要注意,
腔,12,,クウ コウ,から からだ,,,からだのあな。　※解剖学的すぎて不適切,1,1,1,要注意,
膏,14,,コウ,あぶら うるお（す） こ（える）,,,あぶら。膏薬。　※生理的・医学的すぎて不向き,1,1,1,要注意,
荒,9,常用,コウ,あら（い） あ（らす） あ（れる） すさ（ぶ） すさ（む）,,,あらい。あれる。すさぶ。　※名付けに不向き,1,1,1,要注意,
講,17,常用,コウ,,,#知性,とく。ならう。あつまる。※事務的すぎて不向き,10,50,50,要注意,
購,17,常用,コウ,あがな（う）,,#調和,あがなう。買う。　※事務的すぎて不向き,10,50,50,要注意,
郊,9,常用,コウ,,,,こう。郊外。　※名付けには珍しい,1,1,1,要注意,
酵,14,常用,コウ,こうじ もと,,,こうじ。わく。　※科学的すぎて不向き,1,1,1,要注意,
鉱,13,常用,コウ,あらがね,かね ひろ ひろし,,あらがね。鉱石。金属の原料。　※無機質すぎて不向き,1,1,1,要注意,
閤,14,,コウ,くぐりど へや,,,くぐり戸。宮中の小門。,1,1,1,要注意,
降,10,常用,コウ ゴウ,お（りる） お（ろす） ふ（る） くだ（す） くだ（る）,,,ふる。おりる。くだる。　※名付けに不向き,1,1,1,要注意,
項,12,常用,コウ,うなじ,,,うなじ。項目。　※事務的すぎて不向き,1,1,1,要注意,
劫,7,,キョウ コウ ゴウ,おびや（かす） かす（める）,,,おびやかす。長い時間（永劫）。　※名付けには慎重に,1,1,1,要注意,
号,5,常用,ゴウ コウ,さけ（ぶ） よびな,,#調和,さけぶ。しるし。よびな。,10,50,50,要注意,
壕,17,,コウ ゴウ,ほり,,,ほり。あな。　※「防空壕」等の不穏な印象があり不適切,1,1,1,要注意,
拷,9,常用,ゴウ コウ,う（つ）,,,たたく。　※名付けに不向き,1,1,1,要注意,
轟,21,,ゴウ,とどろ（く）,こう,,とどろく。大きな音。車が多い。,1,1,1,要注意,
穀,15,,コク,,,,たね。実り。※「穀」の異体字。,1,1,1,要注意,
酷,14,常用,コク,きび（しい） はなは（だしい） ひど（い） むご（い）,あつ,,むごい。きびしい。　※名付けに不適切,1,1,1,要注意,
黒,11,常用,コク,くろ くろ（い）,,,くろ。黒い。　※名付けに不向き,1,1,1,要注意,
獄,14,常用,ゴク,うった（える） ひとや,,,ひとや。牢獄。　※名付けに不適切,1,1,1,要注意,
腰,13,常用,ヨウ,こし,,,こし。からだの部位。　※解剖学的すぎて不適切,1,1,1,要注意,
忽,8,,コツ,たちま（ち） ゆるが（せ）,,,たちまち。急に。ゆるがせ。　※名付けに不向き,1,1,1,要注意,
惚,11,,コツ,とぼ（ける） ほう（ける） ぼ（ける） ほ（れる）,,,ほれる。ぼんやりする。　※名付けに不適切,1,1,1,要注意,
骨,10,常用,コツ,ほね,,,ほね。中心。気骨。　※名付けに不向き,1,1,1,要注意,
込,5,常用,,こ（む） こ（める）,,#伝統,中に入れる。※国字（日本独自の漢字）,10,50,50,要注意,
此,6,,シ,か（く） ここ こ（の） これ,この,,これ。この。　※名付けに不向き,1,1,1,要注意,
頃,11,常用,ケイ キョウ キ,ころ かたあし しばら（く）,,,ころ。時。しばらく。　※名付けに不向き,1,1,1,要注意,
困,7,常用,コン,こま（る） くる（しむ）,,,こまる。苦しむ。行き詰まる。　※名付けに不向き,1,1,1,要注意,
墾,16,常用,コン,ひら（く）,,#調和,たがやす。ひらく。　※事務的（開墾等）すぎて不向き,10,50,50,要注意,
婚,11,常用,コン,,,,えんぐみ。よめいり。　※名付けに不向き,1,1,1,要注意,
恨,9,常用,コン,うら（む） うら（めしい）,,,うらむ。のこる。　※名付けに不向き,1,1,1,要注意,
懇,17,常用,コン,ねんご（ろ）,,#信念,ねんごろ。まこと。　※事務的すぎて不向き,10,45,70,要注意,
昏,8,,コン,くら（い） くら（む） く（れ）,,,くらい。たそがれ。目がくらむ。　※名付けに不向き,1,1,1,要注意,
昆,8,常用,コン,あに,,,あに。のち。虫。　※名付けには珍しい,1,1,1,要注意,
混,11,常用,コン,こ（む） ま（ざる） ま（じる） ま（ぜる）,,,まじる。まざる。　※名付けに不向き,1,1,1,要注意,
痕,11,常用,コン,あと,,,あと。きずあと。　※名付けに不適切,1,1,1,要注意,
魂,14,常用,コン,たましい たま,,#信念,たましい。こころ。　※「霊的」な印象が強いため慎重に,40,40,40,要注意,
些,8,,サ,いささ（か） すこ（し）,,,いささか。少し。わずか。　※名付けに不向き,1,1,1,要注意,
叉,3,,サ シャ,こまぬ（く） こまね（く） さ（す） また,,,また。交差する。二股。,1,1,1,要注意,
唆,10,常用,サ,そそのか（す）,,,そそのかす。　※名付けに不向き,1,1,1,要注意,
差,10,常用,サ サイ シ,さ（す） たが（う） つか（わす）,,,さす。ちがい。　※名付けに不向き,1,1,1,要注意,
詐,12,常用,サ,あざむ（く） いつわ（り） いつわ（る）,,,あざむく。いつわる。　※名付けに不適切,1,1,1,要注意,
鎖,18,常用,サ,くさり さ（す） とざ（す）,,,くさり。とざす。※名付けに不適切,1,1,1,要注意,
裟,13,,サ,,,#調和,けさ。※「袈」とセットで使われるため不向き,10,50,50,要注意,
坐,7,,ザ,いなが（ら） いま（す） おわ（す） すわ（る） そぞろ（に） ましま（す）,,,すわる。落ち着く。そこにいる。,1,1,1,要注意,
座,10,常用,ザ,すわ（る） いま（す）,,,すわる。場所。位。　※名付けには珍しい,1,1,1,要注意,
挫,10,常用,ザ,くじ（く） くじ（ける）,,,くじく。折る。　※名付けに不向き,1,1,1,要注意,
債,13,常用,サイ,か（し） か（り）,,,かり。借金。　※名付けに不適切,1,1,1,要注意,
催,13,常用,サイ,もよお（す） うなが（す） もよ（い）,,,もよおす。うながす。　※事務的すぎて不向き,1,1,1,要注意,
再,6,常用,サイ サ,ふたた（び）,,,ふたたび。二度。かさねる。,1,1,1,要注意,
最,12,常用,サイ,もっと（も） も,,,もっとも。一番。　※副詞的なため不向き,1,1,1,要注意,
塞,13,常用,ソク サイ,ふさ（がる） ふさ（ぐ） せ（く） とりで み（ちる）,,#飛躍,ふさぐ。とりで。　※「閉塞」等の印象が強いため不向き,10,50,50,要注意,
妻,8,常用,サイ セイ,つま めあ（わす）,,,つま。配偶者。,1,1,1,要注意,
採,11,常用,サイ,と（る）,,#調和,とる。選ぶ。摘む。,10,55,55,要注意,
災,7,常用,サイ,わざわ（い）,,,わざわい。不吉な出来事。　※名付けに不向き,1,1,1,要注意,
砕,9,常用,サイ,くだ（く） くだ（ける）,,,くだく。　※名付けに不向き,1,1,1,要注意,
砦,11,,サイ,とりで,,#自然,とりで。城。　※名付けには珍しい,40,100,20,要注意,
祭,11,常用,サイ,まつ（り） まつ（る）,,#調和,まつる。まつり。　※名付けには珍しい,10,85,30,要注意,
細,11,常用,サイ,こま（か） こま（かい） ほそ（い） ほそ（る） くわ（しい） ささ（やか）,,#調和,ほそい。こまかい。くわしい。,10,75,45,要注意,
裁,12,常用,サイ,さば（く） た（つ）,,,たつ。さばく。きめる。　※名付けに不向き,1,1,1,要注意,
際,14,常用,サイ,きわ あい まじ（わる）,,,きわ。まじわる。,1,1,1,要注意,
剤,10,常用,ザイ セイ スイ,ま（ぜる）,,,くすり。整える。　※名付けに不向き,1,1,1,要注意,
罪,13,常用,ザイ,つみ,,,つみ。あやまち。とが。　※名付けに不適切,1,1,1,要注意,
財,10,常用,ザイ サイ,たから,,#知性,たから。財産。才能。　※名付けには慎重に,10,65,50,要注意,
坂,7,常用,ハン バン,さか,,,さか。傾斜。　※苗字に多い,1,1,1,要注意,
阪,7,常用,ハン,さか,,,さか。大阪。　※苗字に多い,1,1,1,要注意,
堺,12,,カイ,さかい,,,さかい。境界。　※苗字に多いため慎重に,1,1,1,要注意,
肴,8,,コウ,さかな,,,さかな。酒の添え物。　※名付けに不向き,1,1,1,要注意,
鷺,24,,ロ,さぎ,,,さぎ。サギ（鳥）。白く清らか。,1,1,1,要注意,
削,9,常用,サク ショウ,けず（る） そ（ぐ） はつ（る）,,,けずる。そぐ。　※名付けに不向き,1,1,1,要注意,
搾,13,常用,サク,しぼ（る）,,,しぼる。　※名付けに不適切,1,1,1,要注意,
昨,9,常用,サク,きのう,,,さく。きのう。　※名付けに不向き,1,1,1,要注意,
柵,9,常用,サク,しがらみ とりで やらい,,,しがらみ。さく。　※名付けに不向き,1,1,1,要注意,
窄,10,,サク,すぼ（む） せば（まる） せま（い） つぼ（む）,,,せまい。すぼむ。　※名付けに不向き,1,1,1,要注意,
索,10,常用,サク,さが（す） つな なわ もと（める）,,#調和,なわ。たずねる。　※名付けには珍しい,10,55,55,要注意,
錯,16,常用,サク ソ シャク,あやま（る） お（く） ま（じる）,,,まじる。あやまる。　※不穏（錯乱等）なため不適切,1,1,1,要注意,
冊,5,常用,サツ サク,た（てる） ふみ,,,ふみ。書物。単位。,1,1,1,要注意,
刷,8,常用,サツ,す（る） は（く）,きよ,,する。はく。新しくする。　※名付けに不向き,1,1,1,要注意,
拶,9,常用,サツ,せま（る）,,,せまる。近づく。　※名付けに不向き,1,1,1,要注意,
撮,15,常用,サツ,と（る） つま（む）,,,とる。つまむ。　※事務的すぎて不向き,1,1,1,要注意,
擦,17,常用,サツ,す（る） す（れる） かす（れる） こす（る） さす（る） なす（る）,,,こする。すれる。　※事務的・不安定なため不向き,1,1,1,要注意,
札,5,常用,サツ,ふだ さね わかじに,,#調和,ふだ。しるし。　※名付けに不向き,10,50,50,要注意,
殺,10,常用,サツ セツ サイ,ころ（す） あや（める） けず（る） そ（ぐ） そ（げる）,,,ころす。そぐ。　※名付けに不向き,1,1,1,要注意,
薩,17,,サツ,,,,菩薩。助ける。　※宗教的・地名的なため慎重に,1,1,1,要注意,
雑,14,常用,ザツ ゾウ,ま（じる） ま（ぜる）,かず とも,,まじる。入り組む。　※名付けに不適切,1,1,1,要注意,
錆,16,,ショウ セイ,さび さ（びる）,,#調和,さび。　※名付けに不適切,10,50,50,要注意,
皿,5,常用,ベイ,さら,,,さら。器。受け止める。,1,1,1,要注意,
晒,10,,サイ,さら（す）,,,さらす。日光に当てる。　※名付けに不向き,1,1,1,要注意,
傘,12,常用,サン,かさ,,,かさ。　※事務的すぎて不向き,1,1,1,要注意,
惨,11,常用,サン ザン,みじ（め） いた（ましい） いた（む） むご（い）,,,みじめ。むごい。　※名付けに不向き,1,1,1,要注意,
撒,15,,サツ サン,ま（く）,,,まく。散らす。　※事務的・不安定なため不向き,1,1,1,要注意,
散,12,常用,サン,ち（らかす） ち（らかる） ち（らす） ち（る） ばら,,,ちる。ちらす。　※名付けに不向き,1,1,1,要注意,
桟,10,常用,サン,かけはし たな,,#自然,かけはし。棚。,10,40,75,要注意,
産,11,常用,サン,う（まれる） う（む） うぶ,ただ むすび,,うむ。生まれる。財産。　※名付けには慎重に,1,1,1,要注意,
算,14,常用,サン,かず かぞ（える）,とも はかる,,かぞえる。はかる。　※事務的（計算等）すぎて不向き,1,1,1,要注意,
纂,19,,サン,あつ（める） くみひも つ（ぐ）,,,あつめる。まとめる。編纂。※事務的すぎて不向き,1,1,1,要注意,
蚕,10,常用,サン テン,かいこ こ,,,かいこ。絹。　※名付けに不向き,1,1,1,要注意,
酸,14,常用,サン,す（い） す つら（い）,,,すい。すっぱい。　※名付けに不適切,1,1,1,要注意,
斬,11,常用,ザン サン,き（る）,,,きる。斬る。　※名付けに不適切,1,1,1,要注意,
暫,15,常用,ザン,しば（し） しばら（く）,,,しばらく。わずかの間。　※不安定なため不向き,1,1,1,要注意,
残,10,常用,ザン,のこ（す） のこ（る） そこ（なう）,,,のこる。そこなう。むごい。　※名付けに不向き,1,1,1,要注意,
仔,5,,シ,こ こま（か） た（える）,,,こ。動物の子。,1,1,1,要注意,
伺,7,常用,シ,うかが（う）,,#調和,うかがう。調べる。　※名付けには珍しい,10,50,50,要注意,
使,8,常用,シ,つか（う） つか（わす）,,,つかう。役目。使い。　※名付けには珍しい,1,1,1,要注意,
刺,8,常用,シ セキ,さ（さる） さ（す） そし（る） とげ なふだ,,,さす。そしる。　※名付けに不向き,1,1,1,要注意,
姉,8,常用,シ,あね,,,あね。年上の女性。,1,1,1,要注意,
指,9,常用,シ,さ（す） ゆび,,#調和,ゆび。さす。教える。,10,50,50,要注意,
斯,12,,シ,か（かる） か（く） こ（の） これ,,,これ。この。このように。　※代名詞のため不向き,1,1,1,要注意,
止,4,常用,シ,と（まる） と（める） さ（す） とど（まる） とど（める） や（む） や（める） よ（す）,,,とまる。とどまる。やめる。,1,1,1,要注意,
死,6,常用,シ,し（ぬ）,,,しぬ。なくなる。　※名付けに不向き,1,1,1,要注意,
氏,4,常用,シ,うじ,,,うじ。名字。家柄。,1,1,1,要注意,
祉,8,,シ,さいわ（い）,,,しあわせ。神の恵み。※「祉」の異体字。,1,1,1,要注意,
私,7,常用,シ,わたくし わたし ひそ（か）,,,わたくし。自分。ひそか。,1,1,1,要注意,
紙,10,常用,シ,かみ,,#自然,かみ。紙。　※名付けに不向き,10,50,50,要注意,
肢,8,常用,シ,てあし,,,てあし。体の部分。　※名付けに不向き,1,1,1,要注意,
脂,10,常用,シ,あぶら べに やに,,,あぶら。やに。　※名付けに不向き,1,1,1,要注意,
視,12,,シ,み（る）,,,みる。視る。見極める。※「視」の異体字。　※事務的で不向き,1,1,1,要注意,
視,11,常用,シ,み（る）,のり み みる よし,#調和,みる。視る。見極める。,5,55,55,要注意,
試,13,常用,シ,こころ（みる） ため（す）,もち,,ためす。しらべる。　※事務的すぎて不向き,1,1,1,要注意,
誌,14,常用,シ,しる（す）,ふみ,,しるす。記録。　※事務的すぎて不向き,1,1,1,要注意,
諮,16,常用,シ,はか（る） と（う）,,#調和,はかる。問う。　※事務的すぎて不向き,10,50,50,要注意,
雌,14,常用,シ,め めす めん,,,めす。　※名付けに不適切,1,1,1,要注意,
飼,13,常用,シ,か（う） やしな（う）,,,かう。養う。※動物を飼育する意が強いため不適切,1,1,1,要注意,
歯,12,常用,シ,は よわい,かた とし,,は。よわい（年齢）。　※名付けに不向き,1,1,1,要注意,
似,7,常用,ジ シ,に（る） ごと（し）,,#調和,にる。似る。　※名付けには珍しい,10,50,50,要注意,
寺,6,常用,ジ,てら,,,てら。寺院。　※名付けには珍しい,1,1,1,要注意,
爾,14,,ジ ニ,そ（の） なんじ,あきら ちか ちかし み みつる,,なんじ。その。しかり。　※代名詞のため不向き,1,1,1,要注意,
璽,19,常用,ジ,しるし,,,たま。天子の印。※重厚すぎて不向き,1,1,1,要注意,
磁,14,常用,ジ シ,やきもの,,,じしゃく。磁石。　※無機質すぎて不向き,1,1,1,要注意,
而,6,,ジ,しか（して） しか（も） しか（るに） しか（れども） なんじ,しか なお ゆき,#調和,～して。しかして。,10,55,55,要注意,
耳,6,常用,ジ ニ,みみ のみ,み,,みみ。きく。,10,10,10,要注意,
辞,13,常用,ジ,や（める） ことば ことわ（る）,,,ことば。やめる。　※事務的・不穏なため不向き,1,1,1,要注意,
執,11,常用,シツ シュウ,と（る） とら（える）,,,とる。執る。つかむ。　※名付けに不向き,1,1,1,要注意,
失,5,常用,シツ イツ,うしな（う） う（せる）,,,うしなう。あやまち。　※名付けに不向き,1,1,1,要注意,
嫉,13,常用,シツ,そね（む） にく（む） ねた（む）,,,ねたむ。そねむ。　※名付けに不適切,1,1,1,要注意,
室,9,常用,シツ,むろ いえ つま へや,,,むろ。へや。家。,1,1,1,要注意,
悉,11,,シツ,ことごと（く） つく（す） つぶさ（に）,,,ことごとく。尽くす。　※意味が強すぎて不向き,1,1,1,要注意,
湿,12,常用,シツ,しめ（す） しめ（る） うるお（い） うるお（す）,,,しめる。ぬれる。　※名付けに不向き,1,1,1,要注意,
漆,14,常用,シツ シチ,うるし,,#水景 #自然,うるし。漆器。　※事務的・物質的すぎて不向き,10,50,50,要注意,
疾,10,常用,シツ,と（く） と（し） にく（む） はや（い） やまい やま（しい） や（む）,,,はやい。病気。にくむ。　※名付けに不向き,1,1,1,要注意,
柴,10,,サイ,しば ふさ（ぐ）,,#自然,しば。薪。雑木。　※苗字に多い,10,50,50,要注意,
縞,16,,コウ,しま しろぎぬ,,,しま。しま模様。白い絹。　※事務的すぎて不向き,1,1,1,要注意,
舎,8,常用,シャ セキ,いえ お（く） やど やど（る）,,#調和,いえ。宿。とまる。　※名付けには珍しい,10,55,55,要注意,
写,5,常用,シャ,うつ（す） うつ（る）,,#調和,うつす。ありのまま。,10,65,55,要注意,
射,10,常用,シャ エキ セキ ヤ,い（る） あ（てる） う（つ） さ（す）,,#勇壮 #飛躍,いる。射る。当てる。,10,85,30,要注意,
捨,11,常用,シャ,す（てる） ほどこ（す）,,,すてる。　※名付けに不向き,1,1,1,要注意,
赦,11,常用,シャ,ゆる（す）,,,ゆるす。罪を免じる。　※事務的すぎて不向き,1,1,1,要注意,
斜,11,常用,シャ,なな（め） はす,,,ななめ。かたむく。　※名付けに不向き,1,1,1,要注意,
煮,12,常用,シャ,に（える） に（やす） に（る）,,,にる。煮る。　※名付けに不向き,1,1,1,要注意,
煮,12,,シャ,に（える） に（やす） に（る）,,,にる。たく。※「煮」の異体字。※事務的すぎて不向き,1,1,1,要注意,
社,,,,,,,,,,,要注意,
者,8,常用,シャ,もの,,,もの。人。　※名付けには珍しい,1,1,1,要注意,
者,8,,シャ,もの,,#調和,もの。人。※「者」の異体字。※名付けには珍しい,10,85,35,要注意,
謝,17,常用,シャ,あやま（る） ことわ（る） さ（る）,,#品格,あやまる。ことわる。感謝。※事務的（謝罪等）すぎて不向き,10,50,50,要注意,
遮,14,常用,シャ,さえぎ（る）,,,さえぎる。遮断する。　※名付けに不適切,1,1,1,要注意,
蛇,11,常用,ジャ ダ イ タ,へび,,,へび。　※名付けに不向き,1,1,1,要注意,
邪,8,常用,ジャ シャ ヤ,よこしま,,,よこしま。　※名付けに不向き,1,1,1,要注意,
借,10,常用,シャク シャ セキ,か（りる）,,,かりる。たすける。　※名付けに不向き,1,1,1,要注意,
勺,3,,シャク,,,,容積の単位。しゃく。,1,1,1,要注意,
尺,4,常用,シャク セキ,さし ものさし わず（か）,,#調和,ものさし。単位。,10,50,50,要注意,
灼,7,,シャク,あき（らか） あらたか やいと や（く）,,#希望 #勇壮,やく。ひかる。あざやか。,10,80,40,要注意,
爵,17,常用,シャク サク,さかずき,,#品格,さかずき。位。　※役割を限定しすぎるため不向き,10,50,50,要注意,
酌,10,常用,シャク,く（む）,,#調和,くむ。酒をつぐ。おしはかる。　※名付けには慎重に,10,5,100,要注意,
寂,11,常用,ジャク セキ,さび さび（しい） さび（れる） さ（びる） しず（か）,,#調和,しずか。さびしい。　※名付けには慎重に,10,20,100,要注意,
弱,10,常用,ジャク ニャク,よわ（い） よわ（まる） よわ（める） よわ（る）,,#慈愛,よわい。　※名付けに不向き,10,50,50,要注意,
惹,12,,ジャ ジャク,ひ（く） まね（く）,,,ひく。引き起こす。招く。　※不穏な語に多いため不向き,1,1,1,要注意,
取,8,常用,シュ,と（る）,,,とる。手に入れる。選ぶ。,1,1,1,要注意,
手,4,常用,シュ ズ,て た,,,て。た。能力。身体の一部。,1,1,1,要注意,
狩,9,常用,シュ,か（り） か（る）,,,かる。狩り。　※名付けに不向き,1,1,1,要注意,
腫,13,常用,シュ ショウ,は（らす） は（れる） はれもの,,,はれる。できもの。　※名付けに不適切,1,1,1,要注意,
酒,10,常用,シュ シュウ,さか さけ,み,#調和,さけ。　※名付けには慎重に,5,20,100,要注意,
首,9,常用,シュ,くび かしら こうべ はじ（め） もう（す）,おびと かみ さき はじめ,#品格,くび。かしら。はじめ。一番。,5,95,40,要注意,
儒,16,常用,ジュ,,,,儒教。学者。徳の高い人。,1,1,1,要注意,
呪,8,常用,ジュ シュ シュウ,のろ（う） まじな（い） まじな（う）,,,のろう。まじない。　※名付けに不向き,1,1,1,要注意,
需,14,常用,ジュ,もと（める）,まち みつ もと もとむ もとめ,,もとめる。まつ。　※事務的すぎて不向き,1,1,1,要注意,
囚,5,常用,シュウ,とら（える） とら（われる）,,,とらわれる。めしうど。,1,1,1,要注意,
就,12,常用,シュウ ジュ,つ（く） つ（ける） な（す） な（る）,,,つく。成し遂げる。　※「就職」等の事務的印象が強いため慎重に,1,1,1,要注意,
愁,13,常用,シュウ,うれ（い） うれ（える）,,#信念,うれえる。かなしみ。　※名付けに不適切,10,50,50,要注意,
拾,9,常用,シュウ ジュウ,ひろ（う） とお,,#調和,ひろう。十。収める。,10,50,50,要注意,
終,11,常用,シュウ,お（える） お（わる） しま（う） つい（に）,,,おわる。つい。　※名付けに不向き,1,1,1,要注意,
臭,10,,シュウ キュウ,くさ（い） にお（う）,,,におい。くさい。※「臭」の異体字。※名付けに不向き,1,1,1,要注意,
臭,9,常用,シュウ キュウ,くさ（い） にお（う）,,,におい。くさい。　※名付けに不向き,1,1,1,要注意,
衆,12,常用,シュウ シュ,おお（い）,あつむ とも ひろ もり もろ,,おおい。多くの人々。　※名付けに不向き,1,1,1,要注意,
襲,22,常用,シュウ,おそ（う） かさね かさ（ねる） つ（ぐ）,,,おそう。つぐ。※不穏なため不適切,1,1,1,要注意,
蹴,19,常用,シュウ シュク,け（る）,ける,,ける。ふむ。　※攻撃的なため不適切,1,1,1,要注意,
週,11,常用,シュウ,めぐ（る）,,,まわる。めぐる。　※名付けに不向き,1,1,1,要注意,
酬,13,常用,シュウ,むく（いる）,あつ,#品格,むくいる。かえす。　※事務的すぎて不向き,15,50,50,要注意,
醜,17,常用,シュウ,みにく（い） しこ たぐい にく（む）,,#調和,みにくい。はずかしめる。　※名付けに不適切,,50,50,要注意,
従,10,常用,ジュウ ジュ ショウ,したが（う） したが（える）,,,したがう。従う。伴う。※旧字「從」も同様。,1,1,1,要注意,
汁,5,常用,ジュウ シュウ,しる つゆ,,,しる。つゆ。,1,1,1,要注意,
渋,11,常用,ジュウ シュウ,しぶ しぶ（い） しぶ（る）,,,しぶい。とどこおる。　※名付けには慎重に,1,1,1,要注意,
獣,16,常用,ジュウ,けもの けだもの しし,,,けもの。動物。　※名付けに不適切,1,1,1,要注意,
縦,16,常用,ジュウ ショウ,たて はな（つ） ほしいまま ゆる（す） ゆる（める） よし（んば）,,#調和,たて。ほしいまま。　※事務的・卑俗なため不向き,10,50,50,要注意,
銃,14,常用,ジュウ,つつ,かね,,つつ。武器。　※名付けに不適切,1,1,1,要注意,
叔,8,常用,シュク,わか（い）,すえ はじめ よし,,おじ。若い。,1,1,1,要注意,
宿,11,常用,シュク スク シュウ,やど やど（す） やど（る）,,#自然,やど。とまる。前世からの縁。　※名付けには慎重に,10,85,35,要注意,
祝,10,,シュク シュウ,いわ（う） た（つ） の（る） のろ（う）,,,いわう。祝う。※「祝」の異体字。,1,1,1,要注意,
縮,17,常用,シュク,ちぢ（まる） ちぢ（む） ちぢ（める） ちぢ（らす） ちぢ（れる）,,,ちぢむ。※名付けに不適切,1,1,1,要注意,
塾,14,常用,ジュク,,,,まなびや。塾。　※事務的すぎて不向き,1,1,1,要注意,
熟,15,常用,ジュク,う（れる） う（む） こな（す） こな（れる） つくづく つらつら な（れる） に（える） に（る）,,#幸福 #飛躍,うれる。こなれる。　※事務的すぎて不向き,10,50,50,要注意,
術,11,常用,ジュツ シュツ スイ,すべ わざ,,#知性,わざ。手段。みち。,40,40,40,要注意,
循,12,常用,ジュン,したが（う） めぐ（る）,,,めぐる。したがう。　※事務的すぎて不向き,1,1,1,要注意,
殉,10,常用,ジュン,したが（う）,,,したがう。命を捧げる。　※名付けに不向き,1,1,1,要注意,
盾,9,常用,ジュン,たて,,,たて。まもる。　※名付けには慎重に,1,1,1,要注意,
処,5,常用,ショ ソ,お（く） お（る） ところ,,,ところ。おる。定める。さばく。,1,1,1,要注意,
所,8,常用,ショ ソ,ところ,,,ところ。場所。ゆえ。,1,1,1,要注意,
暑,12,常用,ショ,あつ（い）,,,あつい。　※名付けに不向き,1,1,1,要注意,
暑,13,,ショ,あつ（い）,,,あつい。なつ。※「暑」の異体字。※名付けに不向き,1,1,1,要注意,
庶,11,常用,ショ,おお（い） こいねが（う） もろもろ,,#飛躍,もろもろ。多くの。ちかい。　※名付けには珍しい,10,50,50,要注意,
署,13,常用,ショ,しる（す） やくわり,,#調和,しるす。役所。　※事務的すぎて不向き,10,50,50,要注意,
署,14,,ショ,しる（す） やくわり,,#調和,しるす。役所。※「署」の異体字。※事務的すぎて不向き,10,50,50,要注意,
諸,16,,ショ,もろ もろもろ,,,もろもろ。※「諸」の異体字。※事務的すぎて不向き,1,1,1,要注意,
諸,15,常用,ショ,もろ もろもろ,つら もり,,もろもろ。多くの。　※事務的すぎて不向き,1,1,1,要注意,
除,10,常用,ジョ ジ,のぞ（く） つ（きる） の（ける） はら（う） よ（ける）,きよ さる のき,,のぞく。はらう。　※名付けに不向き,1,1,1,要注意,
傷,13,常用,ショウ,きず いた（む） いた（める） そこ（なう）,,,きず。いたむ。そこなう。　※名付けに不適切,1,1,1,要注意,
償,17,常用,ショウ,つぐな（う）,,,つぐなう。かえす。　※法律的（賠償等）すぎて不適切,1,1,1,要注意,
召,5,常用,ショウ,め（す）,,,よぶ。招く。召し出す。,1,1,1,要注意,
哨,10,,ショウ,みはり,,,みはり。見張る。　※名付けに不向き,1,1,1,要注意,
商,11,常用,ショウ,あきな（う） あきな（い） はか（る）,,#知性,あきなう。はかる。　※名付けには珍しい,10,50,50,要注意,
嘗,14,,ショウ ジョウ,かつ（て） こころ（みる） な（める）,,,かつて。なめる。　※事務的・生理的で不向き,1,1,1,要注意,
庄,6,,ショウ ソウ,いなか むらざと,まさ,#調和,荘園。村。いなか。　※苗字に多い,5,50,50,要注意,
床,7,常用,ショウ,とこ ゆか,,,とこ。ゆか。落ち着く所。,1,1,1,要注意,
抄,7,常用,ショウ ソウ,うつ（す） かすめ（る） す（く） すく（う）,,,書き写す。抜き出す。かすめる。,1,1,1,要注意,
沼,8,常用,ショウ,ぬま,,,ぬま。水辺。　※名付けに不向き,1,1,1,要注意,
消,10,常用,ショウ,き（える） け（す）,,,きえる。けす。ついやす。　※名付けに不向き,1,1,1,要注意,
焼,12,常用,ショウ,や（く） や（ける） く（べる）,,,やく。焼く。　※名付けに不向き,1,1,1,要注意,
焦,12,常用,ショウ,こ（がす） こ（がれる） こ（げる） あせ（る） じ（らす） じ（れる） や（く）,,,こげる。あせる。じらす。　※名付けに不適切,1,1,1,要注意,
症,10,常用,ショウ,しるし,,,やまい。しるし。　※名付けに不向き,1,1,1,要注意,
硝,12,常用,ショウ,,,,硝石。硝子。　※「硝煙」などの印象が強いため不向き,1,1,1,要注意,
祥,,,,,,,,,,,要注意,
粧,12,常用,ショウ ソウ,めか（す） よそお（う）,,,よそおう。化粧する。　※事務的すぎて不向き,1,1,1,要注意,
肖,7,常用,ショウ,あやか（る） かたど（る） に（る）,あえ あゆ あれ すえ たか のり ゆき,#調和,にる。あやかる。かたどる。,5,50,50,要注意,
蕉,15,,ショウ,,,#水景 #自然,ばしょう。植物の名。　※「はかない」意があるため慎重に,70,70,70,要注意,
衝,15,常用,ショウ,つ（く）,つぎ みち,,つく。あたる。要所。　※「衝突」等の不穏な印象があり不向き,1,1,1,要注意,
裳,14,,ショウ,も もすそ,,,も。衣服。はかま。　※事務的・古風すぎて不向き,1,1,1,要注意,
訟,11,常用,ショウ ジュ,うった（え） うった（える）,,,うったえる。裁判。　※名付けに不適切,1,1,1,要注意,
障,14,常用,ショウ,さわ（る） ふせ（ぐ） へだ（てる）,,,さわる。ふせぐ。さまたげる。　※名付けに不適切,1,1,1,要注意,
鞘,16,,ショウ ソウ,さや,,#調和,さや。刀の入れ物。　※刃物を連想させ不向き,10,50,50,要注意,
冗,4,常用,ジョウ,むだ,,,むだ。余計な。　※名付けに不向き,1,1,1,要注意,
剰,11,常用,ジョウ,あま（す） あまつさ（え） あま（る）,,,あまる。余計。　※名付けに不向き,1,1,1,要注意,
場,12,常用,ジョウ,ば,,,ば。場所。　※名付けに不向き,1,1,1,要注意,
壌,16,常用,ジョウ,つち,,,つち。大地。肥えた土。,1,1,1,要注意,
嬢,16,常用,ジョウ,むすめ,,#調和,むすめ。お嬢さん。　※役割を限定しすぎるため不向き,10,50,50,要注意,
杖,7,,ジョウ,つえ,,#調和,つえ。支え。助ける。,10,75,40,要注意,
状,7,常用,ジョウ,かきつけ かたち,,#調和,ありさま。かたち。手紙。,10,50,50,要注意,
畳,12,常用,ジョウ チョウ,たたみ たた（む） かさ（なる） かさ（ねる）,,,たたみ。かさなる。　※事務的すぎて不向き,1,1,1,要注意,
蒸,13,常用,ジョウ,む（す） む（らす） む（れる） おお（い） ふ（かす） ふ（ける）,すすむ つぐ つまき,,むす。むれる。あつい。　※生理的・不穏なため不向き,1,1,1,要注意,
醸,20,常用,ジョウ,かも（す）,,,かもす。酒を作る。※機能的（醸造等）すぎて不向き,1,1,1,要注意,
錠,16,常用,ジョウ テイ,,,#調和,じょう。かぎ。くすり。　※事務的・物質的すぎて不向き,10,50,50,要注意,
嘱,15,常用,ショク,たの（む）,,,たのむ。まかせる。　※事務的すぎて不向き,1,1,1,要注意,
埴,11,,ショク,はに,,,はに。粘土。きめ細かい土。,1,1,1,要注意,
飾,13,常用,ショク,かざ（る） かざ（り）,,,かざる。　※事務的すぎて不向き,1,1,1,要注意,
拭,9,常用,ショク シキ,ぬぐ（う） ふ（く）,,#調和,ふく。ぬぐう。清める。,10,50,50,要注意,
殖,12,常用,ショク,ふ（える） ふ（やす）,,,ふえる。ふやす。うめる。,1,65,45,要注意,
燭,17,,ショク ソク,ともしび,,,ともしび。ろうそく。※事務的・物質的すぎて不向き,1,1,1,要注意,
職,18,常用,ショク シキ トク,つかさ つかさど（る） つと（め）,,,つかさ。しごと。※事務的すぎて不向き,1,1,1,要注意,
触,13,常用,ショク ソク,さわ（る） ふ（れる）,,,ふれる。さわる。　※生理的すぎて不向き,1,1,1,要注意,
食,9,常用,ショク ジキ イ シ,く（う） た（べる） く（らう） は（む）,あき あきら うけ くら け みけ,,たべる。やしなう。　※名付けには珍しい,1,1,1,要注意,
辱,10,常用,ジョク ニク,はずかし（める） かたじけな（い） はじ はずかし（め）,,,はずかしめる。はじ。　※名付けに不向き,1,1,1,要注意,
尻,5,常用,コウ,しり けつ,,,しり。後ろ。　※名付けに不向き,1,1,1,要注意,
侵,9,常用,シン,おか（す） みにく（い）,,,おかす。せまる。　※名付けに不向き,1,1,1,要注意,
唇,10,常用,シン,くちびる,,,くちびる。　※名付けに不向き,1,1,1,要注意,
娠,10,常用,シン,はら（む） みごも（る）,,,みごもる。はらむ。　※名付けには珍しい,1,1,1,要注意,
寝,13,常用,シン,ね（かす） ね（る） みたまや みにく（い） や（める）,,,ねる。　※名付けに不適切,1,1,1,要注意,
審,15,常用,シン,つまび（らか）,あき あきら,,あきらか。しらべる。　※事務的（審判等）すぎて不向き,1,1,1,要注意,
浸,10,常用,シン,ひた（す） ひた（る） し（みる） つ（かる） つ（く）,,,ひたす。うるおす。　※名付けに不向き,1,1,1,要注意,
神,10,,シン ジン,かみ かん こう たましい,,,かみ。尊い。※「神」の異体字。,1,1,1,要注意,
薪,16,常用,シン,たきぎ まき,し たき,#調和,たきぎ。まき。　※事務的・物質的すぎて不向き,15,50,50,要注意,
診,12,常用,シン,み（る）,,,みる。診察する。　※事務的すぎて不向き,1,1,1,要注意,
辛,7,常用,シン,から（い） かのと つら（い）,,,からい。つらい。十干の第八。,1,1,1,要注意,
針,10,常用,シン,はり,,,はり。指針。　※名付けに不向き,1,1,1,要注意,
震,15,常用,シン,ふる（う） ふる（える）,おと なり なる のぶ,,ふるえる。ふるわす。　※名付けに不適切,1,1,1,要注意,
刃,3,常用,ジン ニン,は き（る） やいば,,,は。刃物。鋭い道具。,1,1,1,要注意,
尽,6,常用,ジン,つ（かす） つ（きる） つ（くす） ことごと（く） すが（れる）,,,つくす。尽くす。極める。,1,1,1,要注意,
腎,13,常用,ジン シン,,,,からだの部位（腎臓）。　※解剖学的すぎて不適切,1,1,1,要注意,
訊,10,,シン ジン,き（く） たず（ねる） たよ（り） と（う）,,,きく。問う。調べる。　※名付けに不向き,1,1,1,要注意,
諏,15,,シュ ス,と（う） はか（る）,,#調和,問う。はかる。相談する。,80,80,80,要注意,
酢,12,常用,サク ソ,す す（い）,,,す。す。　※名付けに不向き,1,1,1,要注意,
厨,12,,ズ チュウ,くりや,,,くりや。台所。　※名付けに不向き,1,1,1,要注意,
逗,11,,ズ トウ,とど（まる）,すみ,,とまる。とどまる。※地名（逗子）の印象が強いため慎重に,1,1,1,要注意,
吹,7,常用,スイ,ふ（く）,かぜ ふき ふく,,ふく。吹く。　※名付けには珍しい,1,1,1,要注意,
垂,8,常用,スイ,た（らす） た（れる） しだ（れる） しで なんなん（とする）,,#幸福,たれる。なごり。後世に残す。,10,55,55,要注意,
推,11,常用,スイ,お（す）,,#知性,おす。おしはかる。すすめる。,40,40,40,要注意,
炊,8,常用,スイ,た（く） かし（ぐ）,,,たく。炊事。　※名付けには珍しい,1,1,1,要注意,
睡,13,常用,スイ,ねむ（る）,,,ねむる。ねむけ。　※「居眠り」等の印象が強いため不向き,1,1,1,要注意,
衰,10,常用,スイ サイ シ,おとろ（える）,,,おとろえる。　※名付けに不向き,1,1,1,要注意,
酔,11,常用,スイ,よ（う）,,,よう。酒に酔う。　※名付けに不向き,1,1,1,要注意,
錐,16,,スイ,きり,,#調和,きり。穴を開ける道具。　※事務的・鋭利なため不向き,10,50,50,要注意,
錘,16,,スイ,おもり つむ,,#調和,つむ。おもり。　※事務的・無機質なため不向き,10,50,50,要注意,
髄,19,常用,ズイ,,,,はね。しん。※解剖学的すぎて不適切,1,1,1,要注意,
数,13,常用,スウ ス サク シュ ソク,かず かぞ（える） しばしば,のり ひら や,,かず。しばしば。　※事務的すぎて不向き,1,1,1,要注意,
据,11,常用,キョ,す（える） す（わる）,,,すえる。すわる。　※名付けに不向き,1,1,1,要注意,
頗,14,,ハ,かたよ（る） すこぶ（る）,,,すこぶる。かたよる。　※事務的すぎて不向き,1,1,1,要注意,
雀,11,,ジャク,すずめ,す すず わか,,すずめ。　※名付けに不向き,1,1,1,要注意,
裾,13,常用,キョ,すそ,,,すそ。着物の端。　※事務的・卑俗なため不向き,1,1,1,要注意,
摺,14,,ショウ ロウ,くじ（く） す（る） たた（む） ひだ,,,する。刷る。　※事務的すぎて不向き,1,1,1,要注意,
畝,10,常用,ホ ボウ,うね せ,,#調和,うね。面積の単位。　※名付けには珍しい,10,50,50,要注意,
是,9,常用,ゼ シ,こ（の） これ ただ（しい）,すなお ただし つな ゆき よし,#品格,これ。正しい。　※名付けには珍しい,10,10,10,要注意,
凄,10,常用,セイ,さむ（い） すご（い） すご（む） すさ（まじい）,,,すさまじい。さむい。　※名付けには不適切,1,1,1,要注意,
制,8,常用,セイ,おさ（える）,,,おさえる。定める。決まり。　※名付けには珍しい,1,1,1,要注意,
姓,8,常用,ショウ セイ,かばね,,#品格,かばね。名字。生まれ。,10,50,50,要注意,
性,8,常用,セイ ショウ,さが たち,,,さが。生まれつき。心。,1,1,1,要注意,
棲,12,,セイ,す すみか す（む）,,,すむ。住む。　※動物の住処の意が強いため不向き,1,1,1,要注意,
牲,9,常用,セイ,いけにえ,,,いけにえ。　※名付けに不向き,1,1,1,要注意,
製,14,常用,セイ,つく（る）,,,つくる。こしらえる。　※職業的すぎて不向き,1,1,1,要注意,
請,15,常用,セイ シン ショウ,う（ける） こ（う）,うけ もとむ,,こう。うける。　※事務的すぎて不向き,1,1,1,要注意,
逝,10,常用,セイ,い（く） ゆ（く）,ゆき,,ゆく。死ぬ。　※名付けに不向き,1,1,1,要注意,
隻,10,常用,セキ,ひと（つ）,うく たか,#調和,ひとつ。鳥の一羽。　※名付けには珍しい,10,10,10,要注意,
席,10,常用,セキ,むしろ,,,むしろ。座席。場所。　※名付けには珍しい,1,1,1,要注意,
惜,11,常用,セキ シャク,お（しい） お（しむ）,,,おしむ。大切にする。　※名付けには不向き,1,1,1,要注意,
戚,11,常用,セキ,いた（む） うれ（える） みうち,,,みうち。いたむ。　※名付けに不向き,1,1,1,要注意,
斥,5,常用,セキ,うかが（う） しりぞ（ける）,,,しりぞける。うかがう。,1,1,1,要注意,
昔,8,常用,シャク セキ,むかし,,,むかし。古。,1,1,1,要注意,
籍,20,常用,セキ ジャク シャ,し（く） ふみ ふ（む）,,,ふだ。書物。戸籍。※事務的すぎて不向き,1,1,1,要注意,
脊,10,常用,セキ,せ せい,,,せなか。背骨。　※名付けに不向き,1,1,1,要注意,
責,11,常用,セキ サイ シャク,せ（める）,,,せめる。つとめ。　※名付けに不向き,1,1,1,要注意,
跡,13,常用,セキ シャク,あと あとかた,,,あと。しるし。　※事務的すぎて不向き,1,1,1,要注意,
蹟,18,,シャク セキ,あと,,,あと。足跡。　※事務的すぎて不向き,1,1,1,要注意,
切,4,常用,セツ サイ,き（る） き（れる）,,,きる。鋭い。熱心な。,1,1,1,要注意,
拙,8,常用,セツ,つたな（い） まず（い）,,,つたない。飾らない。　※名付けに不向き,1,1,1,要注意,
接,11,常用,セツ ショウ,つ（ぐ） は（ぐ） まじ（わる） もてな（す）,,,つぐ。まじわる。ちかい。　※名付けに不向き,1,1,1,要注意,
摂,13,常用,セツ ショウ,か（ねる） か（わる） と（る）,,#調和,おさめる。かねる。とる。　※事務的・生理的で不向き,10,50,50,要注意,
折,7,常用,セツ シャク,おり お（る） お（れる） くじ（ける） さだ（める）,,#信念,おる。くじけない。,10,85,30,要注意,
設,11,常用,セツ セチ,もう（ける） しつら（える） たと（い） も（し）,,#調和,もうける。つくる。しつらえる。　※名付けには珍しい,10,60,60,要注意,
窃,9,常用,セツ,ぬす（む） ひそ（かに）,,,ぬすむ。ひそか。　※名付けに不向き,1,1,1,要注意,
説,14,常用,セツ ゼイ エツ,と（く） よろこ（ぶ）,,,とく。話す。教え。　※事務的すぎて不向き,1,1,1,要注意,
絶,12,常用,ゼツ ゼチ セツ,た（える） た（つ） た（やす） はなは（だ） わた（る）,,,たえる。たつ。きわめる。　※名付けに不適切,1,1,1,要注意,
舌,6,常用,ゼツ セツ,した ことば,,,した。言葉。しゃべる。　※名付けに不向き,1,1,1,要注意,
占,5,常用,セン,うらな（う） し（める）,,#知性,うらなう。しめる。さきぶれ。,10,50,75,要注意,
尖,6,,セン,さき するど（い） とが（る）,,,とがる。鋭い。　※名付けに不向き,1,1,1,要注意,
戦,13,常用,セン,たたか（う） いくさ おのの（く） そよ（ぐ）,,,たたかう。あらそう。　※名付けに不適切,1,1,1,要注意,
栓,10,常用,セン,,,#自然,せん。ふた。　※名付けに不向き,10,50,50,要注意,
浅,9,常用,セン,あさ（い）,,,あさい。　※名付けに不向き,1,1,1,要注意,
洗,9,常用,セン セイ,あら（う）,,,あらう。清める。　※名付けには珍しい,1,1,1,要注意,
染,9,常用,セン ゼン,そ（まる） そ（める） し（み） し（みる）,,,そめる。そまる。　※名付けには慎重に,1,1,1,要注意,
潜,15,常用,セン,ひそ（む） もぐ（る） くぐ（る）,すみ ひそみ ひそむ,,ひそむ。もぐる。　※不穏な印象があり不適切,1,1,1,要注意,
煎,13,常用,セン,い（る） に（る）,,,いる。にる。煎じる。　※事務的すぎて不向き,1,1,1,要注意,
穿,9,,セン,うが（つ） つらぬ（く） は（く） ほじく（る） ほじ（る）,,,うがつ。穴をあける。貫く。,1,1,1,要注意,
線,15,常用,セン,いと すじ,,,すじ。いと。線。※事務的（数学等）すぎて不向き,1,1,1,要注意,
繊,17,常用,セン チン,しな（やか） ちい（さい） ほそ（い）,,#慈愛,こまかい。ほそい。　※「繊細」等、脆い印象があり慎重に,10,50,50,要注意,
羨,13,常用,セン エン ゼン,うらや（ましい） うらや（む） あま（る） はかみち,,#慈愛,うらやむ。墓の道。　※名付けに不適切,10,50,50,要注意,
腺,13,常用,セン,すじ,,,からだの分泌器官。　※解剖学的すぎて不適切,1,1,1,要注意,
薦,16,常用,セン,すす（める） こも しき（りに） し（く）,,#調和,すすめる。しきもの。　※事務的すぎて不向き,10,50,50,要注意,
詮,13,常用,セン,あきらか えら（ぶ） しら（べる） そな（わる）,,#知性,あきらかにする。しらべる。　※事務的すぎて不向き,10,50,50,要注意,
遷,15,常用,セン,うつ（す） うつ（る）,,,うつる。うつす。　※事務特異すぎて不向き,1,1,1,要注意,
銭,14,常用,セン ゼン,ぜに すき,,,ぜに。おかね。　※名付けに不適切,1,1,1,要注意,
銑,14,,セン,ずく,さね てつ,,ずく。銑鉄。金属を磨く。　※無機質すぎて不向き,1,1,1,要注意,
漸,14,常用,ゼン ザン セン,すす（む） やや ようや（く）,,,ようやく。すすむ。しみる。　※事務的・不安定で不向き,1,1,1,要注意,
繕,18,常用,ゼン セン,つくろ（う）,おさむ つよし よし,,つくろう。整える。※事務的すぎて不向き,1,1,1,要注意,
膳,16,常用,ゼン セン,かしわ そな（える）,,#調和,そなえる。膳。食卓。　※事務的すぎて不向き,10,50,50,要注意,
噌,15,,ソ ソウ,かまびす（しい）,,,かしましい。　※「味噌」以外に使われず不向き,1,1,1,要注意,
塑,13,常用,ソ,でく,,,つちびな。かたどる。　※事務的（彫塑等）すぎて不向き,1,1,1,要注意,
措,11,常用,ソ サク,お（く） はか（らう）,,,おく。処理する。　※事務的すぎて不向き,1,1,1,要注意,
曾,12,,ゾ ソウ ソ ゾウ,かさ（なる） かつ（て） すなわ（ち） ま（す）,,#調和,かつて。重ねる。※「曽」の旧字体。,10,35,70,要注意,
狙,8,常用,ソ,ねら（う） さる,,,ねらう。目指す。,1,1,1,要注意,
疏,12,,ショ ソ,あら（い） うと（い） うと（む） おろそ（か） とお（す） とお（る） まば（ら）,,,うとい。まばら。通じる。　※不穏な意を含むため不向き,1,1,1,要注意,
疎,12,常用,ソ ショ,うと（い） うと（む） うろ おろ おろ（か） おろそ（か） とお（す） とお（る） まば（ら）,,,うとい。まばら。　※名付けに不適切,1,1,1,要注意,
祖,9,常用,ソ,おや じじ はじ（め）,,,はじめ。おや。先祖。　※名付けには珍しい,1,1,1,要注意,
祖,10,,ソ,おや じじ はじ（め）,,#調和,はじめ。おや。先祖。※「祖」の異体字。,10,50,55,要注意,
租,10,常用,ソ,ちんが（り） みつぎ,,,みつぎ。税。　※名付けに不向き,1,1,1,要注意,
粗,11,常用,ソ,あら（い） ほぼ,,,あらい。粗末。　※名付けに不向き,1,1,1,要注意,
組,11,常用,ソ,くみ く（む） くみひも,,#天空 #調和,くむ。くみ。あむ。　※名付けには珍しい,40,40,40,要注意,
訴,12,常用,ソ,うった（える）,,#勇壮 #天空,うったえる。　※名付けに不適切,10,50,50,要注意,
阻,8,常用,ソ,はば（む） けわ（しい） へだ（たる）,,,はばむ。　※名付けに不向き,1,1,1,要注意,
遡,14,常用,ソ,さかのぼ（る） む（かう）,,,さかのぼる。　※事務的すぎて不向き,1,1,1,要注意,
僧,13,常用,ソウ,,,,ぼうさん。　※宗教的すぎて不向き,1,1,1,要注意,
僧,14,,ソウ,,,#調和,ぼうさん。※「僧」の異体字。※宗教的すぎて不向き,10,50,50,要注意,
叢,18,,ソウ,くさむら むら（がる）,しげ むら,,くさむら。むらがる。　※事務的・卑俗なため不向き,1,1,1,要注意,
喪,12,常用,ソウ,も うしな（う） ほろ（びる） ほろ（ぼす）,,,も。うしなう。　※名付けに不適切,1,1,1,要注意,
宋,7,,ソウ,,おき くに,#調和,おさめる。宋（中国の国名）。　※苗字に多い,10,55,55,要注意,
層,14,常用,ソウ,かさ（なる）,,,かさなり。重なり。　※事務的すぎて不向き,1,1,1,要注意,
層,15,,ソウ,かさ（なる）,,#調和,かさなり。※「層」の異体字。※事務的すぎて不向き,10,50,50,要注意,
捜,10,常用,ソウ,さが（す）,,,さがす。たずねる。　※名付けに不向き,1,1,1,要注意,
掃,11,常用,ソウ,は（く） はら（う）,,,はく。掃除する。　※名付けに不向き,1,1,1,要注意,
挿,10,常用,ソウ,さ（す） さしはさ（む） す（げる） はさ（む）,,,さす。はさむ。　※名付けに不向き,1,1,1,要注意,
曹,11,常用,ソウ ゾウ,つかさ ともがら,,#調和,なかま。つかさ。　※名付けには珍しい,40,40,40,要注意,
巣,11,常用,ソウ,す,,,す。すくう。※旧字「巢」も同様。※名付けに不向き,1,1,1,要注意,
槍,14,,ソウ,やり,しょう,,やり。武器の名。　※名付けに不適切,1,1,1,要注意,
槽,15,常用,ソウ,おけ かいばおけ ふね,,,おけ。ふね。入れ物。　※事務的・無機質で不向き,1,1,1,要注意,
漕,14,,ソウ,こ（ぐ） はこ（ぶ）,,,ふねをこぐ。　,1,1,1,要注意,
燥,17,常用,ソウ,かわ（く） はしゃ（ぐ）,,,かわく。ひあがる。　※「乾燥」の印象があり不向き,1,1,1,要注意,
争,6,常用,ソウ,あらそ（う） いさ（める）,,,あらそう。きそう。　※名付けに不向き,1,1,1,要注意,
痩,12,常用,ソウ シュウ,や（せる） こ（ける） ほそ（い）,,,やせる。　※名付けに不適切,1,1,1,要注意,
窓,11,常用,ソウ,まど,,#調和,まど。窓。　※名付けには珍しい,10,55,60,要注意,
葬,12,常用,ソウ,ほうむ（る）,,,ほうむる。　※名付けに不適切,1,1,1,要注意,
藻,19,常用,ソウ,も あや,,,も。水草。あや。　※「藻屑」等の印象があり慎重に,1,1,1,要注意,
装,12,常用,ソウ ショウ,よそお（う） よそ（う）,,,よそおう。飾る。　※名付けに不向き,1,1,1,要注意,
送,9,常用,ソウ,おく（る）,,#調和,おくる。　※名付けには珍しい,10,50,50,要注意,
遭,14,常用,ソウ,あ（う）,,,あう。災いにあう。　※名付けに不適切,1,1,1,要注意,
騒,18,常用,ソウ,さわ（ぐ） うれ（い） ざわ（つく） ぞめ（く）,,,さわぐ。※名付けに不適切,1,1,1,要注意,
像,14,常用,ゾウ ショウ,かたち かたど（る）,,,かたち。すがた。　※事務的すぎて不向き,1,1,1,要注意,
憎,14,常用,ゾウ ソウ,にく（い） にく（しみ） にく（む） にく（らしい）,,,にくむ。うらむ。　※名付けに不適切,1,1,1,要注意,
憎,15,,ゾウ ソウ,にく（い） にく（しみ） にく（む） にく（らしい）,,,にくむ。※「憎」の異体字。※名付けに不適切,1,1,1,要注意,
臓,19,常用,ゾウ ソウ,はらわた,,,はらわた。※解剖学的すぎて不適切,1,1,1,要注意,
贈,18,常用,ソウ ゾウ,おく（る）,たま ます,,おくる。ほうび。※事務的すぎて不向き,1,1,1,要注意,
贈,19,,ソウ ゾウ,おく（る）,,,おくる。※「贈」の異体字。※事務的すぎて不向き,1,1,1,要注意,
促,9,常用,ソク,うなが（す） せま（る）,,,うながす。せまる。はやめる。,1,1,1,要注意,
側,11,常用,ソク ショク,がわ かたわ（ら） かわ そば はた,,,かたわら。そば。わき。　※名付けには珍しい,1,1,1,要注意,
即,7,常用,ソク ショク,すなわ（ち） つ（く）,,,すぐ。そのまま。つく。,1,1,1,要注意,
息,10,常用,ソク,いき いこ（う） やす（む） や（む）,,#調和,いき。むすこ。休む。,10,95,30,要注意,
捉,10,常用,ソク,とら（える） つか（まえる） と（る）,,,とらえる。つかまえる。　※名付けに不向き,1,1,1,要注意,
束,7,常用,ソク,たば つか つか（ねる）,,#調和,たば。教え。引き締める。,10,60,55,要注意,
測,12,常用,ソク,はか（る）,ひろ ひろし,#信念,はかる。測る。推し量る。,40,55,55,要注意,
俗,9,常用,ゾク,いや（しい） なら（わし）,,,ならわし。世の中。　※名付けに不向き,1,1,1,要注意,
属,12,常用,ゾク ショク,つ（く） やから,,,つく。したがう。なかま。　※事務的すぎて不向き,1,1,1,要注意,
賊,13,常用,ゾク,そこ（なう） わるもの,,,ぬすみ。そこなう。　※名付けに不適切,1,1,1,要注意,
族,11,常用,ゾク,やから,,,なかま。やから。　※名付けに不向き,1,1,1,要注意,
続,13,常用,ゾク ショク,つづ（く） つづ（ける） つ（ぐ）,,,つづく。つらなる。　※事務的すぎて不向き,1,1,1,要注意,
卒,8,常用,ソツ シュツ,お（える） お（わる） しもべ つい（に） にわ（かに）,たか,,おわる。にわか。兵士。　※名付けに不向き,1,1,1,要注意,
袖,10,常用,シュウ,そで,,,そで。わき。　※名付けには珍しい,1,1,1,要注意,
其,8,,キ,そ（の） それ,その とき もと,#調和,それ。その。　※名付けには珍しい,10,10,10,要注意,
揃,12,,セン,そろ（い） そろ（う） そろ（える）,,,そろう。整う。　※事務的すぎて不向き,1,1,1,要注意,
孫,10,常用,ソン,まご,,#自然,まご。子孫。続く。,40,40,40,要注意,
損,13,常用,ソン,そこ（なう） そこ（ねる） へ（る）,,,へらす。そこなう。失う。　※名付けに不適切,1,1,1,要注意,
遜,14,常用,ソン,のが（れる） へりくだ（る） ゆず（る）,,,へりくだる。したがう。　※「謙遜」はあるが名付けには地味,1,1,1,要注意,
他,5,常用,タ,ほか,ひと,,ほか。別の。自分以外。,1,1,1,要注意,
汰,7,常用,タ タイ,おご（る） にご（る） よな（げる）,,#調和,よなげる。選り分ける。贅沢。,10,50,50,要注意,
唾,11,常用,ダ タ,つば つばき,,,つば。　※名付けに不適切,1,1,1,要注意,
堕,12,常用,ダ キ,お（ちる） お（とす） お（ろす） こぼ（つ）,,,おちる。くずれる。　※名付けに不適切,1,1,1,要注意,
妥,7,常用,ダ タ,おだ（やか） やす（らか）,,#慈愛,おだやか。安らか。落ち着く。,10,65,55,要注意,
惰,12,常用,ダ タ,おこた（る）,,,おこたる。なまける。　※名付けに不適切,1,1,1,要注意,
打,5,常用,ダ チョウ テイ,う（つ） ダース ぶ（つ）,,#調和,うつ。たたく。働きかける。,10,85,30,要注意,
楕,13,,ダ タ,,,,だえん。　※無機質すぎて不向き,1,1,1,要注意,
陀,8,,タ ダ,,,,けわしい。ななめ。阿弥陀。,1,1,1,要注意,
駄,14,常用,ダ タ,の（せる）,,,荷物を負う馬。つまらない。　※名付けに不適切,1,1,1,要注意,
体,7,常用,タイ テイ,からだ,なり み みる もと,,からだ。身。かたち。本質。,1,1,1,要注意,
堆,11,常用,タイ ツイ,うずたか（い）,,,うずたかい。土が積もる。　※名付けに不向き,1,1,1,要注意,
対,7,常用,タイ ツイ,こた（える） そろ（い） つれあい む（かう）,,#調和,むかう。ならぶ。こたえる。,10,55,55,要注意,
耐,9,常用,タイ ダイ ドウ ナイ ノウ,た（える）,しのぶ たゆる つよし とう とおる,,たえる。持ちこたえる。,1,1,1,要注意,
帯,10,常用,タイ,おび お（びる）,,#調和,おび。おびる。つなぐ。※旧字「帶」も同様。,10,55,55,要注意,
待,9,常用,タイ,ま（つ）,,,まつ。待つ。もてなす。,1,1,1,要注意,
怠,9,常用,タイ,おこた（る） なま（ける） だる（い）,,,おこたる。なまける。　※名付けに不向き,1,1,1,要注意,
態,14,常用,タイ テイ,さま わざ（と）,,,すがた。ありさま。　※事務的すぎて不向き,1,1,1,要注意,
戴,17,常用,タイ,いただ（く）,,,いただく。のせる。うやまう。,1,1,1,要注意,
替,12,常用,タイ テイ,か（える） か（わる）,,,かえる。かわる。　※名付けに不向き,1,1,1,要注意,
滞,13,常用,タイ,とどこお（る）,,,とどこおる。とまる。　※名付けに不適切,1,1,1,要注意,
胎,9,常用,タイ,はら（む）,,,はら。はらむ。もと。　※名付けには珍しい,1,1,1,要注意,
苔,8,,タイ,こけ,,,こけ。コケ植物。,1,1,1,要注意,
袋,11,常用,タイ テイ,ふくろ,,,ふくろ。　※名付けに不向き,1,1,1,要注意,
貸,12,常用,タイ,か（す）,,,かす。貸す。　※名付けに不適切,1,1,1,要注意,
退,9,常用,タイ,しりぞ（く） しりぞ（ける） しさ（る） すさ（る） の（く） の（ける） ひ（く）,のく,,しりぞく。のく。　※名付けに不向き,1,1,1,要注意,
逮,11,常用,タイ テイ,およ（ぶ） とら（える）,,,およぶ。とらえる。　※名付けに不適切,1,1,1,要注意,
隊,12,常用,タイ ツイ,お（ちる） くみ,,,なかま。列。　※軍事的なため不向き,1,1,1,要注意,
黛,16,,タイ,かきまゆ まゆ まゆずみ,,#自然,まゆずみ。黒色。,10,25,85,要注意,
鯛,19,,チョウ,たい,,,たい。めでたい魚。　※日常的・物質的すぎて不向き,1,1,1,要注意,
台,5,常用,タイ ダイ イ,うてな しもべ,,,うてな。高い建物。基盤。,10,10,10,要注意,
第,11,常用,ダイ テイ,つい（で） やしき,,,ついで。屋敷。　※名付けに不向き,1,1,1,要注意,
醍,16,,ダイ テイ,,,,醍醐。最高の知恵。,1,1,1,要注意,
題,18,常用,ダイ テイ,ひたい,,,だい。しるし。※事務的すぎて不向き,1,1,1,要注意,
宅,6,常用,タク,いえ やけ,,#調和,いえ。すまい。落ち着く所。,10,40,75,要注意,
托,6,,タク,お（く） お（す） たの（む）,ひろ もり,#調和,たくす。あずける。,5,50,55,要注意,
託,10,常用,タク,かこ（つ） かこつ（ける） ことづ（かる） まか（せる）,,#調和,たくす。あずける。寄せる。,10,60,50,要注意,
濁,16,常用,ダク ジョク,にご（す） にご（る）,,#調和,にごる。けがれる。　※名付けに不適切,10,50,50,要注意,
諾,15,常用,ダク,うべな（う）,,,うべなう。承知。　※事務的すぎて不向き,1,1,1,要注意,
茸,9,,ジョウ,きのこ しげ（る） たけ ふくろづの,,,きのこ。しげる。　※名付けに不向き,1,1,1,要注意,
凧,5,,,いかのぼり たこ,,#飛躍,たこ。揚げ物。,10,55,55,要注意,
只,5,,シ,ただ,,#調和,ただ。のみ。,10,50,50,要注意,
但,7,常用,タン ダン,ただ（し） ただ,,,ただし。～ではあるが。　※名付けに不向き,1,1,1,要注意,
奪,14,常用,ダツ タツ,うば（う）,,,うばう。取り去る。　※名付けに不適切,1,1,1,要注意,
脱,11,常用,ダツ タイ タツ,ぬ（ぐ） ぬ（げる）,,,ぬぐ。ぬける。　※名付けに不向き,1,1,1,要注意,
辿,7,,テン,たど（る）,,#調和,たどる。行き着く。,80,80,80,要注意,
棚,12,常用,ホウ,たな,,,たな。　※事務的すぎて不向き,1,1,1,要注意,
樽,16,,ソン,たる,,,たる。酒樽。　※事務的・卑俗なため不向き,1,1,1,要注意,
誰,15,常用,スイ,だれ た たれ,,,だれ。なに。※代名詞のため不向き,1,1,1,要注意,
単,9,常用,タン ゼン,ひとえ ひと（つ）,いち ただ,,ひとつ。単独。まこと。,1,1,1,要注意,
嘆,13,常用,タン,なげ（かわしい） なげ（く）,,,なげく。　※名付けに不適切,1,1,1,要注意,
嘆,14,,タン,なげ（かわしい） なげ（く）,,#調和,なげく。※「嘆」の異体字。※名付けに不適切,10,50,50,要注意,
坦,8,,タン,たい（ら）,たいら ひと ひろ,,たいら。平ら。おだやか。,1,1,1,要注意,
担,8,常用,タン ケツ,かつ（ぐ） にな（う）,,,かつぐ。になう。引き受ける。,1,1,1,要注意,
歎,15,,タン,たた（える） なげ（く）,,,なげく。ため息。　※名付けに不適切,1,1,1,要注意,
炭,9,常用,タン,すみ,,,すみ。石炭。火。　※名付けには珍しい,1,1,1,要注意,
短,12,常用,タン,みじか（い）,,,みじかい。　※名付けに不向き,1,1,1,要注意,
綻,14,常用,タン,ほころ（びる） ほころ（ぶ）,,,ほころびる。とける。　※名付けに不適切,1,1,1,要注意,
耽,10,,タン,ふけ（る）,,#幸福,ふける。楽しむ。聞き入る。　※名付けには慎重に,10,20,100,要注意,
壇,16,常用,タン ダン,,,,だん。つちもり。　※事務的・場所を指すため不向き,1,1,1,要注意,
断,11,常用,ダン タン,ことわ（る） た（つ） さだ（める）,,,たつ。きめる。きっぱり。,1,1,1,要注意,
段,9,常用,ダン タン,きざはし,,#調和,きざはし。一段。区切り。　※名付けには珍しい,10,50,50,要注意,
談,15,常用,ダン タン,かた（る）,,,かたる。はなし。※事務的すぎて不向き,1,1,1,要注意,
値,10,常用,チ チョク,ね あたい あ（う）,あき あきら,,あたい。ねうち。　※名付けに不向き,1,1,1,要注意,
弛,6,,シ チ,たゆ（む） たる（む） ゆる（む）,,,ゆるむ。ゆるめる。　※名付けに不向き,1,1,1,要注意,
恥,10,常用,チ,はじ は（じらう） は（じる） は（ずかしい）,,,はじ。はずかしい。　※名付けに不向き,1,1,1,要注意,
痴,13,常用,チ,おこ おろ（か） し（れる）,,,おろか。しれる。まよう。　※名付けに不適切,1,1,1,要注意,
置,13,常用,チ,お（く）,,,おく。すえる。　※名付けに不向き,1,1,1,要注意,
遅,12,常用,チ,おく（らす） おく（れる） おそ（い）,,,おそい。　※名付けに不向き,1,1,1,要注意,
畜,10,常用,チク キク,か（う） たくわ（える） やしな（う）,,,かう。たくわえる。家畜。　※名付けに不向き,1,1,1,要注意,
蓄,13,常用,チク,たくわ（える）,おき,,たくわえる。あつめる。　※事務的すぎて不向き,1,1,1,要注意,
逐,10,常用,チク ジク,お（う）,,,おう。追い払う。順を追う。　※名付けに不向き,1,1,1,要注意,
秩,10,常用,チツ,つい（で） ふち,,#調和,のり。きまり。順序。,10,65,55,要注意,
窒,11,常用,チツ,ふさ（がる）,,,ふさがる。　※名付けに不適切,1,1,1,要注意,
嫡,14,常用,チャク テキ,よつぎ,,,あとつぎ。正統。　※役割を限定しすぎるため不向き,1,1,1,要注意,
着,12,常用,チャク ジャク,き（せる） き（る） つ（く） つ（ける）,,,きる。つく。　※事務的すぎて不向き,1,1,1,要注意,
抽,8,常用,チュウ,ぬ（く） ひ（く）,,#調和,ぬく。ひき出す。　※名付けには珍しい,10,50,50,要注意,
虫,6,常用,チュウ キ,むし,,,むし。　※名付けに不向き,1,1,1,要注意,
註,12,,チュウ,ときあか（す）,,,しるし。説明。　※事務的すぎて不向き,1,1,1,要注意,
酎,10,常用,チュウ,,,,ちゅう。焼酎。三度醸した酒。　※名付けに不向き,1,1,1,要注意,
鋳,15,常用,チュウ シュ,い（る）,い,,いる。型に入れる。　※無機質・職業的で不向き,1,1,1,要注意,
駐,15,常用,チュウ チュ,とど（まる）,,,とどまる。とめる。　※事務的すぎて不向き,1,1,1,要注意,
猪,11,,チョ,い いのしし,,,いのしし。干支。勇猛。,1,1,1,要注意,
猪,12,,チョ,い いのしし,,,いのしし。干支。勇猛。※「猪」の異体字。,1,1,1,要注意,
著,12,,チョ ジャク チャク,あらわ（す） いちじる（しい） き（る） つ（く）,,,あらわす。あきらか。目立つ。※「著」の異体字。,1,1,1,要注意,
貯,12,常用,チョ,たくわ（える）,,,ためる。貯める。　※事務的すぎて不向き,1,1,1,要注意,
喋,12,,チョウ トウ,しゃべ（る） ふ（む）,,,しゃべる。ついばむ。　※名付けに不適切,1,1,1,要注意,
帖,8,,ジョウ チョウ,かきもの た（れる）,,,ふだ。手帳。びょうぶ。,1,1,1,要注意,
帳,11,常用,チョウ,とばり はり,,,とばり。手帳。　※名付けに不向き,1,1,1,要注意,
庁,5,常用,チョウ テイ,,,#調和,役所。役目。,10,50,50,要注意,
弔,4,常用,チョウ,とむら（う）,,,とむらう。あわれむ。　※名付けに不向き,1,1,1,要注意,
張,11,常用,チョウ,は（る）,つよ とも はる,#調和,はる。広がる。,5,100,20,要注意,
彫,11,常用,チョウ,ほ（る）,,#調和,ほる。きざむ。飾る。,10,55,55,要注意,
徴,14,常用,チョウ チ,しるし め（す）,,,しるし。きざし。めす。,1,1,1,要注意,
懲,18,常用,チョウ,こ（らしめる） こ（らす） こ（りる）,,,こらしめる。こりる。　※名付けに不適切,1,1,1,要注意,
懲,19,,チョウ,こ（らしめる） こ（らす） こ（りる）,,,いのる。※「祈」の異体字。画数が多すぎ慎重に,1,1,1,要注意,
牒,13,,ジョウ チョウ,ふだ,,,ふだ。しるす。　※事務的すぎて不向き,1,1,1,要注意,
町,7,常用,チョウ テイ,まち あぜみち,,#調和,まち。区画。通り。　※名付けには珍しい,10,50,50,要注意,
眺,11,常用,チョウ,なが（める）,,#自然,ながめる。遠くを見る。,10,75,45,要注意,
脹,12,,チョウ,は（れる） ふく（よか） ふく（れる）,はる,,ふくらむ。はれる。　※解剖学的・生理的で不向き,1,1,1,要注意,
腸,13,常用,チョウ,はらわた わた,,,はらわた。　※解剖学的すぎて不適切,1,1,1,要注意,
蝶,15,,チョウ,,,,ちょう。昆虫の名。　※「はかない」印象があり慎重に,1,1,1,要注意,
鳥,11,常用,チョウ,とり,と,#調和,とり。鳥。　※名付けには珍しい,5,50,55,要注意,
朕,10,常用,チン,きざ（し） われ,,,われ。天皇の自称。　※名付けには不適切,1,1,1,要注意,
沈,7,常用,チン ジン,しず（む） しず（める）,,#調和 #信念,しずむ。落ち着く。深い。,10,55,60,要注意,
賃,13,常用,チン ジン,やと（う）,,,やとい。代金。　※名付けに不適切,1,1,1,要注意,
陳,11,常用,チン ジン,つら（ねる） の（べる） ひ（ねる） ふる（い）,,#勇壮 #調和,ならべる。古い。　※名付けに不向き,1,1,1,要注意,
墜,15,常用,ツイ,お（ちる） お（とす）,,,おちる。くずれる。　※名付けに不適切,1,1,1,要注意,
槌,14,,ツイ,う（つ） つち,,,つち。ハンマー。　※事務的・無機質すぎて不向き,1,1,1,要注意,
追,9,常用,ツイ,お（う）,,#信念 #飛躍,おう。追い求める。のち。,10,65,45,要注意,
痛,12,常用,ツウ トウ,いた（い） いた（む） いた（める） いた（わしい） や（める）,,,いたい。　※名付けに不適切,1,1,1,要注意,
塚,13,常用,チョウ,つか,,,つか。土盛り。※苗字に多いため慎重に,1,1,1,要注意,
佃,7,,テン デン,か（り） たがや（す） つくだ,,#自然,つくだ。田を作る。耕す。　※苗字に多い,10,65,45,要注意,
漬,14,常用,シ ジ,つ（かる） つ（ける）,,,つける。ひたす。　※事務的すぎて不向き,1,1,1,要注意,
辻,6,,,つじ,,#調和,つじ。十字路。道。※国字,10,50,50,要注意,
潰,15,常用,カイ,つぶ（す） つぶ（れる） つい（える） みだ（れる）,,,つぶれる。ついえる。※名付けに不適切,1,1,1,要注意,
坪,8,常用,ヘイ,つぼ,,,つぼ。面積の単位。,1,1,1,要注意,
爪,4,常用,ソウ,つま つめ,,#調和,つめ。つま。,10,50,50,要注意,
釣,11,常用,チョウ,つ（る）,,,つる。魚を釣る。　※名付けに不向き,1,1,1,要注意,
低,7,常用,テイ,ひく（い） ひく（まる） ひく（める） た（れる）,,,ひくい。うやまう。　※名付けに不向き,1,1,1,要注意,
停,11,常用,テイ,とど（まる） と（まる）,とどむ,,とまる。とどまる。　※名付けに不向き,1,1,1,要注意,
偵,11,常用,テイ,うかが（う）,,,うかがう。探る。　※名付けに不向き,1,1,1,要注意,
堤,12,常用,テイ,つつみ,,,つつみ。土手。防ぐ。,1,1,1,要注意,
底,8,常用,テイ,そこ,,,そこ。根底。きわめる。　※名付けには珍しい,1,1,1,要注意,
廷,7,常用,テイ,にわ,,,てい。役所。朝廷。まつりごと。,1,1,1,要注意,
弟,7,常用,ダイ デ テイ,おとうと,,,おとうと。年少の男子。,1,1,1,要注意,
抵,8,常用,テイ シ,あ（たる） う（つ） ふ（れる）,,,あたる。さからう。　※名付けに不向き,1,1,1,要注意,
提,12,常用,テイ ダイ チョウ,さ（げる） ひさげ ひっさ（げる）,,,さげる。手に持つ。示す。　※名付けには珍しい,1,1,1,要注意,
締,15,常用,テイ,し（まる） し（める） むす（ぶ）,,,しめる。結ぶ。　※事務的すぎて不向き,1,1,1,要注意,
艇,13,常用,テイ,こぶね,,,小舟。ボート。　※事務的・無機質すぎて不向き,1,1,1,要注意,
訂,9,常用,テイ,さだ（める） ただ（す）,,,ただす。正す。　※名付けには珍しい,1,1,1,要注意,
諦,16,常用,テイ タイ,あきら（める） つまび（らか） まこと,,,あきらめる。さとり。　※名付けに不適切,1,1,1,要注意,
蹄,16,,テイ,ひづめ わな,,#調和,ひずめ。　※解剖学的すぎて不適切,10,50,50,要注意,
逓,10,常用,テイ ダイ,か（わる） たが（いに）,,,かわる。順に送る。　※名付けに不向き,1,1,1,要注意,
邸,8,常用,テイ,やしき,,#品格,やしき。すまい。,10,55,55,要注意,
鄭,15,,ジョウ テイ,ねんご（ろ）,,,ねんごろ。丁寧。　※事務的すぎて不向き,1,1,1,要注意,
釘,10,,チョウ テイ,くぎ,,,くぎ。　※名付けに不向き,1,1,1,要注意,
泥,8,常用,デイ,どろ なず（む）,,,どろ。ぬかる。　※名付けに不向き,1,1,1,要注意,
摘,14,常用,テキ,つ（む） つま（む）,つみ つむ づみ づむ,,つむ。つまみだす。　※事務的すぎて不向き,1,1,1,要注意,
敵,15,常用,テキ,かたき あだ かな（う）,,,かたき。あいて。※名付けに不適切,1,1,1,要注意,
的,8,,テキ,まと あき（らか）,,#調和,まと。ねらい。目当て。 あきらかな。あざやかな。はっきりとした。 明らかに。確かに。はっきりと。 英語の「～tic」の音訳字。「～のような性質」という意味。,10,50,50,要注意,
溺,13,常用,デキ ジョウ ニョウ,おぼ（れる） いばり ゆばり,,,おぼれる。沈む。　※名付けに不適切,1,1,1,要注意,
撤,15,常用,テツ,す（てる）,,,取り去る。しりぞく。　※不穏・事務的で不向き,1,1,1,要注意,
迭,8,常用,テツ,か（わる） たが（いに）,,,かわる。交互に。　※名付けには珍しい,1,1,1,要注意,
店,8,常用,テン,みせ たな,,,みせ。店。　※名付けには珍しい,1,1,1,要注意,
添,11,常用,テン,そ（う） そ（える）,,,そえる。そう。　※名付けには珍しい,1,1,1,要注意,
貼,12,常用,チョウ テン,は（る） つ（ける）,,,はる。　※事務的すぎて不向き,1,1,1,要注意,
転,11,常用,テン,ころ（がす） ころ（がる） ころ（げる） ころ（ぶ） うた（た） うつ（る） くるり こ（ける） まろ（ぶ）,ひろ,,ころがる。かわる。　※名付けに不向き,1,1,1,要注意,
点,9,常用,テン,た（てる） つ（ける） とぼ（す） とぼ（る） とも（る）,,,てん。ともす。しるし。,1,1,1,要注意,
殿,13,常用,テン デン,との どの しんがり,,,との。やかた。尊称。　※名付けには重すぎる,1,1,1,要注意,
吐,6,常用,ト,は（く） つ（く） ぬ（かす）,,,はく。のべる。　※名付けに不向き,1,1,1,要注意,
塗,13,常用,ト,ぬ（る） どろ まぶ（す） まみ（れる） みち,,,ぬる。まみれる。　※事務的すぎて不向き,1,1,1,要注意,
妬,8,常用,ト ツ,ねた（む） そね（む） や（く）,,,ねたむ。そねむ。　※名付けに不向き,1,1,1,要注意,
徒,10,常用,ト ズ,あだ いたずら（に） かち ただ ともがら むだ,,,ともがら。かち。むなしい。　※名付けに不向き,1,1,1,要注意,
賭,16,常用,ト,か（ける） かけ,,#調和,かける。かけごと。　※名付けに不適切,10,50,50,要注意,
奴,5,常用,ド ヌ,め やつ やっこ,,,やつ。召使い。男性の卑称。,1,1,1,要注意,
怒,9,常用,ド ヌ,いか（る） おこ（る）,,,おこる。いかる。　※名付けに不向き,1,1,1,要注意,
倒,10,常用,トウ,たお（す） たお（れる） こ（ける） さかさま,,,たおれる。さかさま。　※名付けに不向き,1,1,1,要注意,
党,10,常用,トウ,なかま むら,,,なかま。集まり。　※名付けに不向き,1,1,1,要注意,
凍,10,常用,トウ,こお（る） こご（える） い（てる） し（みる）,,,こおる。こごえる。　※名付けに不向き,1,1,1,要注意,
唐,10,常用,トウ,から もろこし,,#飛躍,から。中国。突然。大きい。,10,75,40,要注意,
套,10,,トウ,おお（い） かさ（ねる）,,,かぶせる。重なる。　※名付けに不向き,1,1,1,要注意,
嶋,14,,トウ,しま,と,#水景,しま。※「島」の異体字。,90,90,90,要注意,
悼,11,常用,トウ,いた（む）,,,いたむ。死を悲しむ。　※名付けに不適切,1,1,1,要注意,
搭,13,常用,トウ,の（せる） の（る）,,,のせる。積み込む。　※事務的すぎて不向き,1,1,1,要注意,
盗,11,常用,トウ,ぬす（む） と（る）,,,ぬすむ。ぬすみ。　※名付けに不向き,1,1,1,要注意,
湯,12,常用,トウ ショウ,ゆ,,#水景,ゆ。お湯。温泉。　※名付けには珍しい,40,50,50,要注意,
痘,12,常用,トウ,もがさ,,,もがさ。天然痘。　※名付けに不適切,1,1,1,要注意,
答,12,常用,トウ,こた（え） こた（える）,さと とし とみ とも のり,,こたえる。答え。報いる。　※事務的すぎて不向き,1,1,1,要注意,
筒,12,常用,トウ,つつ,まる,#自然,つつ。竹の管。　※名付けには珍しい,5,50,50,要注意,
糖,16,常用,トウ,あめ,,#調和,あめ。さとう。　※名付けに不適切,10,50,50,要注意,
討,10,常用,トウ,う（つ） たず（ねる）,,,うつ。調べる。　※名付けに不向き,1,1,1,要注意,
謄,17,常用,トウ,うつ（す）,,,うつす。のせる。　※事務的（謄本等）すぎて不向き,1,1,1,要注意,
踏,15,常用,トウ,ふ（まえる） ふ（む）,,,ふむ。実践する。　※事務的すぎて不向き,1,1,1,要注意,
逃,9,常用,トウ,に（がす） に（げる） のが（す） のが（れる）,,,にげる。のがれる。　※名付けに不向き,1,1,1,要注意,
頭,16,常用,ズ トウ ト ジュウ,あたま かしら かぶり かみ こうべ ほとり,あき あきら はじめ,,あたま。かしら。第一。※解剖学的・事務的で不向き,1,1,1,要注意,
闘,18,常用,トウ,たたか（う） たたか（い）,,,たたかう。争う。※名付けには強すぎるため不向き,1,1,1,要注意,
働,13,常用,ドウ,はたら（く）,,,はたらく。動く。　※職業的すぎて不向き,1,1,1,要注意,
動,11,常用,ドウ トウ,うご（かす） うご（く） やや（もすれば）,いつ,#調和,うごく。はたらく。感動。,5,85,30,要注意,
撞,15,,シュ トウ ドウ,つ（く）,,,つく。あたる。　※不穏な印象があるため不向き,1,1,1,要注意,
洞,9,常用,ドウ トウ,ほら うつろ うろ つらぬ（く） ふか（い）,,,ほら。うろ。深く見通す。,1,1,1,要注意,
胴,10,常用,ドウ トウ,,,,からだ。胴体。　※名付けに不向き,1,1,1,要注意,
萄,11,,トウ ドウ,,,,ぶどう。※「葡」とセットで使われるため単品では不向き,1,1,1,要注意,
銅,14,常用,ドウ,あかがね,かね,,あかがね。金属の名。　※無機質すぎて不向き,1,1,1,要注意,
峠,9,常用,,とうげ,,#調和,とうげ。山の頂。　※名付けには珍しい,10,50,50,要注意,
匿,10,常用,トク ジョク,かくま（う） かく（れる）,のく,,かくす。ひそめる。　※名付けに不向き,1,1,1,要注意,
毒,8,常用,ドク,そこ（なう） わる（い）,,,どく。害。　※名付けに不向き,1,1,1,要注意,
独,9,常用,ドク トク,ひと（り）,,,ひとり。自立。　※名付けには慎重に,1,1,1,要注意,
読,14,常用,トウ トク ドク,よ（む）,,,よむ。しらべる。　※事務的すぎて不向き,1,1,1,要注意,
凸,5,常用,トツ,でこ つばく（む）,,,突き出る。　※名付けに不向き,1,1,1,要注意,
突,8,常用,トツ,つ（く）,,#信念,つく。突き進む。にわか。,10,85,30,要注意,
突,8,,トツ,つ（く）,,,つく。突き進む。※「突」の異体字。,1,1,1,要注意,
届,8,常用,カイ,とど（く） とど（ける）,,#飛躍,とどける。至る。　※名付けには珍しい,10,50,50,要注意,
鳶,14,,エン,とび とんび,,,とび。鳥の名。　※職業的・動物的すぎて不向き,1,1,1,要注意,
酉,7,,ユウ,とり ひよみのとり,,,とり。十二支の第十。西。酒。,1,1,1,要注意,
屯,4,常用,トン チュン,たむろ なや（む）,,#調和,たむろ。あつまる。,10,50,50,要注意,
沌,7,,トン,ふさ（がる）,,,とん。渾沌。混じり合う。　※名付けに不向き,1,1,1,要注意,
豚,11,常用,トン,ぶた,,,ぶた。イノシシ科の動物。　※名付けに不向き,1,1,1,要注意,
遁,13,,シュン ジュン トン,しりご（みする） のが（れる）,,,のがれる。しりぞく。　※名付けに不適切,1,1,1,要注意,
頓,13,常用,トン トツ,くる（しむ） つか（れる） つまず（く） とど（まる） とみ（に） ぬか（ずく） ひたぶる,,,ぬかずく。にわかに。　※「頓死」等の不穏な印象があり不向き,1,1,1,要注意,
曇,16,常用,ドン タン,くも（る）,,,くもる。　※不安定なため不向き,1,1,1,要注意,
鈍,12,常用,ドン トン,にぶ（い） にぶ（る） なま（る） にび のろ（い）,,,にぶい。　※名付けに不適切,1,1,1,要注意,
薙,16,,チ テイ,か（る） そ（る） な（ぐ）,なぎ,#調和,なぐ。刈る。　※「刈る」の意があり不向き,15,50,50,要注意,
謎,17,常用,ベイ メイ,なぞ,,,なぞ。　※不安定なため不適切,1,1,1,要注意,
捺,11,,ダツ ナツ,お（す）,とし,,おす。判を押す。　※事務的すぎて不向き,1,1,1,要注意,
鍋,17,常用,カ,なべ,,,なべ。　※日常的すぎて不向き,1,1,1,要注意,
馴,13,,クン シュン ジュン,おし（え） な（らす） な（れる） よ（い）,すなお よし,#品格,なれる。なじむ。したがう。　※名付けには珍しい,15,50,50,要注意,
縄,15,常用,ジョウ,なわ ただ（す）,,#調和,なわ。きまり。　※事務的・物質的で不向き,10,50,50,要注意,
軟,11,常用,ナン ゼン ネン,やわ（らか） やわ（らかい）,,,やわらかい。　※名付けに不向き,1,1,1,要注意,
難,18,常用,ナン ダ ダン ナ,むずか（しい） かた（い） にく（い） むつか（しい）,,,むずかしい。わざわい。※名付けに不適切,1,1,1,要注意,
難,19,,ナン ダ ダン ナ,むずか（しい） かた（い） にく（い） むつか（しい）,,,むずかしい。※「難」の異体字。※名付けに不適切,1,1,1,要注意,
汝,6,,ジョ,なんじ,,,なんじ。あなた。　※名付けに不向き,1,1,1,要注意,
尼,5,常用,ニ ジ,あま,,,あま。尼僧。　※名付けに不向き,1,1,1,要注意,
弐,6,常用,ニ ジ,ふた ふた（つ）,すけ,#調和,ふたつ。二の旧字体。,5,50,50,要注意,
肉,6,常用,ニク ジク,しし,,,肉。体。　※名付けに不向き,1,1,1,要注意,
廿,4,,ジュウ,にじゅう,,,にじゅう。二十。,1,1,1,要注意,
乳,8,常用,ニュウ ジュ ニュ,ちち ち,,#調和,ち。ちち。はぐくむ。,10,10,10,要注意,
入,2,常用,ニュウ ジュ ジュウ,い（る） い（れる） はい（る） しお,,,はいる。仲間になる。中に入れる。,1,1,1,要注意,
尿,7,常用,ニョウ,いばり しと ゆばり,,,いばり。　※名付けに不向き,1,1,1,要注意,
妊,7,常用,ニン ジン,はら（む） みごも（る）,,,みもだえる。身ごもる。　※名付けに不向き,1,1,1,要注意,
認,14,常用,ニン ジン,みと（める） したた（める）,,,みとめる。したためる。　※事務的すぎて不向き,1,1,1,要注意,
濡,17,,ジュ,うるお（う） とどこお（る） ぬ（れる）,,#慈愛 #水景,ぬれる。うるおう。　※不安定なため不向き,10,50,50,要注意,
禰,19,,デイ ネ,かたしろ みたまや,,,みたまや。父の廟。※宗教的・事務的すぎて不向き,1,1,1,要注意,
祢,9,,デイ ネ,かたしろ みたまや,,#品格,ね。みたまや。あなた。　※名付けには珍しい,10,45,70,要注意,
猫,11,常用,ビョウ ミョウ,ねこ,,,ねこ。　※名付けに不向き,1,1,1,要注意,
捻,11,常用,ネン デン,ねじ（る） ひね（る）,,,ねじる。ひねる。　※名付けに不向き,1,1,1,要注意,
燃,16,常用,ネン ゼン,も（える） も（す） も（やす）,,#調和,もえる。火がつく。　※不穏・不安定なため不向き,10,50,50,要注意,
粘,11,常用,ネン デン,ねば（る）,,,ねばる。ねばり強い。,1,1,1,要注意,
悩,10,常用,ノウ ドウ,なや（ます） なや（む）,,,なやむ。くるしむ。　※名付けに不向き,1,1,1,要注意,
濃,16,常用,ノウ ジョウ,こ（い） こま（やか）,あつ あつし,#調和,こい。おおい。　※名付けには珍しい,15,50,50,要注意,
脳,11,常用,ノウ ドウ,,,,のう。あたま。　※名付けに不向き,1,1,1,要注意,
農,13,常用,ノウ ドウ,たがや（す）,あつ あつし たか たみ つとむ とき とよ みのり みのる,,たがやす。つくる。　※職業的すぎて不向き,1,1,1,要注意,
把,7,常用,ハ,と（る） にぎ（る）,,,にぎる。とる。束ねる。,1,1,1,要注意,
播,15,,ハ バン,し（く） ま（く）,はん ひろ まき,,まく。広める。　※事務的すぎて不向き,1,1,1,要注意,
派,9,常用,ハ ハイ,つか（わす） わ（かれる）,,#調和,わかれる。流れ。　※名付けに不向き,10,50,50,要注意,
琶,12,,ハ,,,,楽器の名。※「琵」とセットで不向き,1,1,1,要注意,
破,10,常用,ハ,やぶ（る） やぶ（れる） わ（れる）,,,やぶる。破る。壊す。　※名付けに不向き,1,1,1,要注意,
婆,11,常用,バ,ばば,,,おばあさん。老婆。　※名付けに不向き,1,1,1,要注意,
罵,15,常用,バ,ののし（る）,,,ののしる。※名付けに不適切,1,1,1,要注意,
廃,12,常用,ハイ,すた（る） すた（れる） や（める）,,,すたれる。やめる。　※名付けに不適切,1,1,1,要注意,
排,11,常用,ハイ,おしの（ける） つら（ねる）,,,おしのける。排泄。　※名付けに不向き,1,1,1,要注意,
敗,11,常用,ハイ,やぶ（れる） ま（ける） やぶ（る）,,,やぶれる。負ける。腐る。　※名付けに不向き,1,1,1,要注意,
杯,8,常用,ハイ,さかずき,,,さかずき。器。　※名付けには珍しい,1,1,1,要注意,
盃,9,,ハイ,さかずき,,#調和,さかずき。器。　※「杯」の異体字。,10,20,100,要注意,
背,9,常用,ハイ,せ せい そむ（く） そむ（ける） うしろ,しろ のり,,せ。うしろ。そむく。　※名付けに不向き,1,1,1,要注意,
肺,9,常用,ハイ,,,,はい。呼吸器。こころ。　※名付けに不向き,1,1,1,要注意,
輩,15,常用,ハイ,ともがら やから,,#調和,ともがら。なかま。　※事務的すぎて不向き,10,50,50,要注意,
配,10,常用,ハイ,くば（る） つれあい なが（す） なら（ぶ）,あつ とも,#調和,くばる。あわせる。つれあい。,40,40,40,要注意,
倍,10,常用,バイ ハイ,そむ（く） ま（す）,,,ます。そむく。　※名付けに不向き,1,1,1,要注意,
媒,12,常用,バイ,なかだち,,,なかだち。　※事務的すぎて不向き,1,1,1,要注意,
梅,,,,,,,,,,,要注意,
煤,13,,バイ,すす すす（ける）,,,すす。けむり。　※名付けに不適切,1,1,1,要注意,
買,12,常用,バイ,か（う）,,,かう。買う。　※名付けに不向き,1,1,1,要注意,
売,7,常用,バイ,う（る） う（れる）,,,うる。名を広める。　※名付けに不向き,1,1,1,要注意,
賠,15,常用,バイ,つぐな（う）,,,つぐなう。　※法律的（賠償等）すぎて不適切,1,1,1,要注意,
陪,11,常用,バイ,したが（う）,,,したがう。お供。　※事務的すぎて不向き,1,1,1,要注意,
這,11,,シャ,こ（の） これ は（う）,,,はう。　※名付けに不適切,1,1,1,要注意,
秤,10,,ショウ ビン,はかり,,#調和,はかり。重さを量る。　※名付けには珍しい,10,65,55,要注意,
泊,8,常用,ハク,と（まる） と（める）,,#水景,とまる。宿る。静か。,10,55,60,要注意,
箔,14,,ハク,すだれ のべがね,,,はく。薄い金。　※事務的・無機質すぎて不向き,1,1,1,要注意,
薄,16,常用,ハク,うす（い） うす（まる） うす（める） うす（らぐ） うす（れる） すすき せま（る）,,,うすい。なさけがない。　※名付けに不適切,1,1,1,要注意,
迫,8,常用,ハク,せま（る） せ（る）,とお,,せまる。押し寄せる。　※名付けに不向き,1,1,1,要注意,
曝,19,,バク ホク,さら（ける） さら（す） さらば（える）,,,さらす。あばく。　※不穏なため不適切,1,1,1,要注意,
漠,13,常用,バク マク,すなはら ひろ（い）,,#自然 #飛躍,ひろい。すなはら。とりとめがない。　※名付けに不向き,10,50,50,要注意,
爆,19,常用,バク ハク ホウ,さ（ける） は（ぜる）,,,はぜる。やく。※不穏・破壊的なため不適切,1,1,1,要注意,
縛,16,常用,バク ハク,しば（る） いまし（める）,,#調和,しばる。くくる。　※名付けに不適切,10,50,50,要注意,
莫,10,,ボ モ バク マク,く（れ） さび（しい） な（い） なかれ,,,～なかれ。ない。大きい。　※名付けに不向き,1,1,1,要注意,
函,8,,カン,い（れる） はこ よろい,,,はこ。入れる。包む。,1,1,1,要注意,
箱,15,常用,ショウ ソウ,はこ,,#幸福 #自然,はこ。器。※事務的すぎて不向き,10,50,50,要注意,
箸,15,常用,チョ,はし,あき あきら つく,,はし。食器の名。※事務的・物質的すぎて不向き,1,1,1,要注意,
筈,12,,カツ,はず やはず,,,はず。矢筈。　※事務的すぎて不向き,1,1,1,要注意,
肌,6,常用,キ,はだ はだえ,,,はだ。きめ。　※名付けには慎重に,1,1,1,要注意,
畑,9,常用,,はた はたけ,,,はたけ。耕した地。※国字。,1,1,1,要注意,
鉢,13,常用,ハチ ハツ,,,,はち。器。入れ物。　※事務的すぎて不向き,1,1,1,要注意,
発,9,常用,ハツ ホツ,あば（く） た（つ） はな（つ） ひら（く）,,,たつ。ひらく。おこす。放つ。,1,1,1,要注意,
髪,14,常用,ハツ ホツ,かみ,,,かみ。頭髪。　※解剖学的すぎて不適切,1,1,1,要注意,
伐,6,常用,バツ ハツ,う（つ） き（る） ほこ（る）,,,うつ。きる。ほこる。,1,1,1,要注意,
罰,14,常用,バチ バツ ハツ,,,,ばつ。罪に対する処罰。　※名付けに不適切,1,1,1,要注意,
閥,14,常用,バツ ハツ,いえがら いさお,,,功績。家柄。閥。　※事務的すぎて不向き,1,1,1,要注意,
塙,13,,カク コウ,かた（い） はなわ,,,はなわ。かたい土。　※苗字（地名）の印象が強く不向き,1,1,1,要注意,
判,7,常用,ハン バン ホウ,わか（る） わ（ける）,,,わかれる。定める。判明。　※名付けに不向き,1,1,1,要注意,
半,5,常用,ハン,なか（ば）,なか なからい,#幸福,なかば。半分。,30,50,50,要注意,
反,4,常用,ハン タン ホン,そ（らす） そ（る） かえ（す） かえ（る） そむ（く）,,,そる。かえす。反対。,1,1,1,要注意,
搬,13,常用,ハン,はこ（ぶ）,,,はこぶ。うつす。　※事務的（搬送等）すぎて不向き,1,1,1,要注意,
斑,12,常用,ハン,ふ ぶち まだら,,,まだら。斑点。　※名付けに不適切,1,1,1,要注意,
板,8,常用,ハン バン,いた,,,いた。板。　※名付けに不向き,1,1,1,要注意,
氾,5,常用,ハン,あふ（れる） ひろ（がる）,,#飛躍,ひろがる。あふれる。,10,50,50,要注意,
版,8,常用,ハン,いた ふだ,,,いた。ふだ。版画。　※名付けに不向き,1,1,1,要注意,
犯,5,常用,ハン ボン,おか（す）,,,おかす。さからう。　※名付けに不向き,1,1,1,要注意,
班,10,常用,ハン,かえ（す） わ（ける）,つら なか ひとし,,わける。列。なかま。　※名付けには珍しい,1,1,1,要注意,
畔,10,常用,ハン,あぜ くろ そむ（く） ほとり,,#調和,ほとり。あぜみち。境。,10,50,50,要注意,
般,10,常用,ハン,たぐい めぐ（る）,,#幸福,めぐる。種類。一般。　※名付けには珍しい,10,50,50,要注意,
藩,18,常用,ハン,まがき,,,まがき。領地。※事務的すぎて不向き,1,1,1,要注意,
販,11,常用,ハン,あきな（う） ひさ（ぐ）,,,あきなう。売る。　※名付けに不向き,1,1,1,要注意,
煩,13,常用,ハン ボン,わずら（う） わずら（わす） うるさ（い）,,#信念,わずらう。なやむ。おおい。　※名付けに不適切,10,50,50,要注意,
頒,13,常用,ハン フン,し（く） まだら わ（ける）,,#慈愛,わかつ。くばる。あまねく。　※事務的すぎて不向き,10,50,50,要注意,
飯,12,常用,ハン,めし いい くら（う） まま,,,めし。ごはん。　※名付けに不向き,1,1,1,要注意,
挽,10,,バン,ひ（く）,,,ひく。車を引く。　※名付けに不向き,1,1,1,要注意,
晩,12,常用,バン,おそ（い） く（れ）,,,おそい。夕暮れ。　※名付けに不向き（再掲）,10,50,50,要注意,
番,12,常用,バン ハ ハン,つが（い） つが（う） つが（える）,,,順番。番をする。　※事務的すぎて不向き,1,1,1,要注意,
盤,15,常用,バン ハン,おおざら ま（がる） めぐ（る） わだかま（る）,,,さら。台座。基盤。　※事務的・無機質すぎて不向き,1,1,1,要注意,
蛮,12,常用,バン,えびす,,,えびす。あらあらしい。　※名付けに不適切,1,1,1,要注意,
卑,9,常用,ヒ,いや（しい） いや（しむ） いや（しめる） ひく（い）,,,いやしい。ひくい。　※名付けに不向き,1,1,1,要注意,
卑,,,,,,,,,,,要注意,
否,7,常用,ヒ フ,いな いや わる（い）,,,いな。～でない。拒む。　※名付けに不向き,1,1,1,要注意,
庇,7,,ヒ,かば（う） ひさし,,#慈愛 #水景,ひさし。かばう。守る。,10,80,45,要注意,
悲,12,常用,ヒ,かな（しい） かな（しむ）,,,かなしい。悲しむ。　※名付けに不適切,1,1,1,要注意,
批,7,常用,ヒ,う（つ） ただ（す）,,,うつ。批判する。正す。　※名付けに不向き,1,1,1,要注意,
披,8,常用,ヒ,ひら（く）,,,ひらく。ひろげる。,1,1,1,要注意,
泌,8,常用,ヒツ ヒ,にじ（む）,,,しみ出る。　※名付けに不向き,1,1,1,要注意,
疲,10,常用,ヒ,つか（れる） つか（らす）,,,つかれる。　※名付けに不向き,1,1,1,要注意,
皮,5,常用,ヒ,かわ,,,かわ。うわべ。　※名付けに不向き,1,1,1,要注意,
碑,13,,ヒ,いしぶみ,,,いしぶみ。※「碑」の異体字。※墓石等を連想させ不向き,1,1,1,要注意,
碑,14,常用,ヒ,いしぶみ,,,いしぶみ。石碑。　※「墓碑」の印象があり不向き,1,1,1,要注意,
秘,10,常用,ヒ,ひ（める） かく（す） ひそ（か）,,,ひめる。隠す。ふしぎ。　※名付けに不向き,1,1,1,要注意,
罷,15,常用,ヒ,つか（れる） まか（る） や（める）,,,やめる。しりぞける。　※名付けに不適切,1,1,1,要注意,
肥,8,常用,ヒ,こえ こ（える） こ（やし） こ（やす） ふと（る）,うま くま とし とみ とも ふとる みつ ゆたか,#幸福 #飛躍,こえる。肥沃。豊か。　※名付けには慎重に,10,10,10,要注意,
被,10,常用,ヒ,こうむ（る） おお（う） かず（ける） かぶ（せる） かぶ（る）,かず けさ まつ,,こうむる。おおう。　※名付けに不向き,1,1,1,要注意,
費,12,常用,ヒ,つい（える） つい（やす）,,,ついやす。費用。　※名付けに不向き,1,1,1,要注意,
避,16,常用,ヒ,さ（ける） よ（ける）,,,さける。のがれる。　※名付けに不適切,1,1,1,要注意,
非,8,常用,ヒ,あら（ず） そし（る） わる（い）,,,～ではない。あら。　※名付けに不向き,1,1,1,要注意,
樋,15,,トウ,とい ひ,,,とい。水を送る管。　※事務的・無機質で不向き,1,1,1,要注意,
尾,7,常用,ビ,お,,,お。しっぽ。終わり。,1,1,1,要注意,
微,13,常用,ビ ミ,かす（か）,,,かすか。小さい。精巧。,1,1,1,要注意,
琵,12,,ビ,,ひ,,楽器の名。※「琶」とセットで不向き,1,1,1,要注意,
眉,9,常用,ミ ビ,まゆ としよ（り） ふち,,,まゆ。目の上。ふち。,1,1,1,要注意,
鼻,14,常用,ビ,はな はじ（め）,,,はな。はじめ。　※解剖学的すぎて不適切,1,1,1,要注意,
匹,4,常用,ヒツ ヒキ,ひき たぐ（う）,,,ひき。たぐい。匹敵する。,1,1,1,要注意,
疋,5,,ショ ソ ヒツ,あし ひき,,#調和,ひき。単位。足。,10,50,50,要注意,
膝,15,常用,シツ,ひざ,,,ひざ。からだの部位。※解剖学的すぎて不適切,1,1,1,要注意,
肘,7,常用,チュウ,ひじ,,,ひじ。身体の一部。　※名付けに不向き,1,1,1,要注意,
畢,11,,ヒツ,お（わる） ことごと（く）,,#幸福,おわる。つくす。あみ。,40,55,60,要注意,
筆,12,常用,ヒツ,ふで,,,ふで。書く。　※事務的すぎて不向き,1,1,1,要注意,
紐,10,,ジュウ チュウ,ひも,,#調和,ひも。つなぐ。結ぶ。,10,40,75,要注意,
俵,10,常用,ヒョウ,たわら,,#調和,たわら。袋。分ける。　※名付けには珍しい,10,50,50,要注意,
漂,14,常用,ヒョウ,ただよ（う） さら（す）,,,ただよう。流れる。　※不安定なため不向き,1,1,1,要注意,
瓢,17,,ヒョウ,ひさご ふくべ,,,ひさご。ひょうたん。※事務的すぎて不向き,1,1,1,要注意,
票,11,常用,ヒョウ,ふだ,,,ふだ。しるし。　※名付けに不向き,1,1,1,要注意,
評,12,常用,ヒョウ ヘイ,あげつら（う） はか（る）,,,はかる。しらべる。　※事務的すぎて不向き,1,1,1,要注意,
豹,10,,ヒョウ ホウ,,はだら,#調和,ひょう。ネコ科の動物。鋭い。速い。,5,85,30,要注意,
廟,15,,ビョウ,たまや みたまや やしろ,,,たまや。みたまや。　※宗教的・不穏なため不向き,1,1,1,要注意,
描,11,常用,ビョウ,えが（く） か（く）,,,えがく。かく。　※名付けには珍しい,1,1,1,要注意,
病,10,常用,ビョウ ヘイ,やまい や（む）,,,やまい。わずらう。　※名付けに不向き,1,1,1,要注意,
秒,9,常用,ビョウ,のぎ,,#調和,びょう。わずかな時間。　※名付けには珍しい,10,50,50,要注意,
瀕,19,,ヒン,せま（る） そ（う） みぎわ,,,みぎわ。せまる。※「瀕死」の印象が強く不適切,1,1,1,要注意,
貧,11,常用,ビン ヒン,まず（しい）,,,まずしい。　※名付けに不向き,1,1,1,要注意,
賓,14,,ヒン,したが（う） まろうど,,#天空,まろうど。客。※「賓」の異体字。,10,30,85,要注意,
賓,15,常用,ヒン,したが（う） まろうど,,#天空,まろうど。客。うやまう。,10,30,85,要注意,
頻,17,常用,ヒン ビン,しき（りに） しき（る）,,#水景,しきりに。重なる。　※事務的すぎて不向き,10,50,50,要注意,
敏,,,,,,,,,,,要注意,
瓶,11,常用,ビン ヘイ,かめ,,,かめ。びん。器。　※名付けに不向き,1,1,1,要注意,
不,4,常用,フ ブ,ず,,,～ではない。打ち消し。,1,1,1,要注意,
婦,11,常用,フ,おんな,,,おんな。つま。よめ。　※名付けには慎重に,1,1,1,要注意,
府,8,常用,フ,くら みやこ,,#品格,ふ。役所。集まる所。　※名付けには珍しい,10,50,50,要注意,
怖,8,常用,フ,こわ（い） お（じける） おそ（れる）,,,こわい。おそれる。　※名付けに不向き,1,1,1,要注意,
敷,15,常用,フ,し（く）,,,しく。平らに広げる。　※事務的（敷設等）すぎて不向き,1,1,1,要注意,
斧,8,,フ,おの,,,おの。斧。断ち切る。　※名付けに不向き,1,1,1,要注意,
浮,10,常用,フ ブ フウ,う（かぶ） う（かべる） う（かれる） う（く）,,#天空,うかぶ。うわつく。　※名付けには慎重に,10,50,50,要注意,
父,4,常用,フ ブ ホ,ちち,,,ちち。親。はじめ。,1,1,1,要注意,
符,11,常用,フ,わりふ,,,ふだ。しるし。割り符。　※事務的すぎて不向き,1,1,1,要注意,
腐,14,常用,フ,くさ（らす） くさ（る） くさ（れる） くさ（す）,,,くさる。あれる。　※名付けに不適切,1,1,1,要注意,
膚,15,常用,フ,はだ はだえ,,,はだ。皮膚。　※解剖学的すぎて不適切,1,1,1,要注意,
負,9,常用,フ ブ フウ,お（う） ま（かす） ま（ける） そむ（く） たの（む）,,,おう。まける。引き受ける。　※名付けには慎重に,1,1,1,要注意,
賦,15,常用,フ,みつぎ わか（つ）,,#天空,あたえる。詩歌を作る。　※事務的（賦課等）すぎて不向き,10,50,50,要注意,
赴,9,常用,フ,おもむ（く） つ（げる）,はや ゆき,,おもむく。向かう。,1,1,1,要注意,
阜,8,常用,フ,おか ゆた（か）,あつ あつし たか たかし とおる ゆたか,#飛躍,おか。山。ゆたか。　※地名に多い,10,10,10,要注意,
附,8,常用,フ ブ,つ（く） つ（ける）,,,つける。寄せる。,1,1,1,要注意,
侮,8,常用,ブ,あなど（る）,,,あなどる。軽んじる。　※名付けに不向き,1,1,1,要注意,
侮,9,,ブ,あなど（る）,,,くいる。くやむ。※「悔」の異体字。※名付けに不向き,1,1,1,要注意,
撫,15,,フ ブ,な（でる）,やす よし,,なでる。いつくしむ。　※事務的・生理的で不向き,1,1,1,要注意,
葡,12,,ブ ホ,,,,ぶどう。※「萄」とセットで不向き,1,1,1,要注意,
蕪,15,,ブ ム,あ（れる） かぶ かぶら しげ（る） みだ（れる）,しげ しげる,,かぶ。あれる。しげる。　※日常的・不穏なため不向き,1,1,1,要注意,
部,11,常用,ブ ホ ホウ,くみ す（べる） つかさ べ わ（ける）,きつ もと,,わける。つかさ。　※名付けに不向き,1,1,1,要注意,
葺,12,,シュウ,つくろ（う） ふ（く）,,,ふく。屋根をふく。修繕する。　※名付けに不向き,1,1,1,要注意,
副,11,常用,フク フウ,そ（う）,すえ すけ つぎ ます,#調和,添える。助ける。ひかえ。　※名付けには珍しい,5,85,40,要注意,
復,12,常用,フク,かえ（す） かえ（る） ふたた（び） また,,,かえる。かえす。また。　※名付けには慎重に,1,1,1,要注意,
幅,12,常用,フク,はば,,,はば。布の幅。ゆとり。　※事務的すぎて不向き,1,1,1,要注意,
服,8,常用,フク,きもの き（る） したが（う） の（む）,,,ふく。従う。着る。おさめる。,1,1,1,要注意,
腹,13,常用,フク,はら こころ,,,はら。はらわた。　※解剖学的すぎて不適切,1,1,1,要注意,
複,14,常用,フク,かさ（ねる）,,,かさねる。二重。　※事務的すぎて不向き,1,1,1,要注意,
覆,18,常用,フク フ フウ,おお（う） くつがえ（す） くつがえ（る）,,,おおう。くつがえす。※不穏なため不適切,1,1,1,要注意,
払,5,常用,フツ ヒツ,はら（う）,,,はらう。のぞく。,1,1,1,要注意,
沸,8,常用,フツ ヒ,わ（かす） わ（く） た（てる） にえ,,#調和,わく。沸騰する。湧き上がる。,10,85,30,要注意,
仏,4,常用,ブツ フツ,ほとけ,,,ほとけ。慈悲深い人。,1,1,1,要注意,
物,8,常用,ブツ モツ,もの,,#知性,もの。万物。存在。,10,50,55,要注意,
吻,7,,フン,くちさき くちびる,,,くち。口先。くちづけ。　※名付けに不向き,1,1,1,要注意,
噴,15,常用,フン ホン,ふ（く） は（く）,,,ふく。噴き出す。　※不穏なため名付けに不向き,1,1,1,要注意,
墳,15,常用,フン,はか,,,はか。つちもり。　※名付けに不適切,1,1,1,要注意,
憤,15,常用,フン,いきどお（る） むずか（る）,,,いきどおる。おこる。　※名付けに不適切,1,1,1,要注意,
焚,12,,フン ブン,た（く） や（く）,,,たく。燃やす。　※名付けに不適切,1,1,1,要注意,
奮,16,常用,フン,ふる（う）,,,ふるう。奮い立つ。　※名付けには強すぎるため不向き,1,1,1,要注意,
粉,10,常用,フン,こ こな デシメートル,,,こな。粉末。装う。　※名付けに不向き,1,1,1,要注意,
紛,10,常用,フン,まぎ（らす） まぎ（らわしい） まぎ（らわす） まぎ（れる） まが（う） まぐ（れ） みだ（れる）,,,まぎれる。みだれる。　※名付けに不向き,1,1,1,要注意,
雰,12,常用,フン,きり,,#天空 #水景,きり。雰囲気。　※名付けには不向き,10,50,50,要注意,
丙,5,常用,ヘイ,ひのえ,あき あきら え,,ひのと。十干の第三。明るい。,1,1,1,要注意,
塀,12,常用,ヘイ,,,,かき。へい。　※事務的すぎて不向き,1,1,1,要注意,
幣,15,常用,ヘイ,ぜに ぬさ みてぐら,,,ぬさ。みてぐら。神への供え物。※事務的・物質的すぎて不向き,1,1,1,要注意,
弊,15,常用,ヘイ,つい（える） つか（れる） やぶ（れる）,,,つかれる。おとろえる。※名付けに不適切,1,1,1,要注意,
柄,9,常用,ヘイ,え がら いきお（い） つか,,#品格,え。取っ手。がら。　※名付けには珍しい,10,50,50,要注意,
蔽,15,常用,ヘイ,おお（い） おお（う） くら（い） さだ（める）,さだむ,,おおう。かくす。※事務的・不穏なため不向き,1,1,1,要注意,
閉,11,常用,ヘイ,し（まる） し（める） と（じる） と（ざす） た（てる）,,,とじる。しめる。　※名付けに不向き,1,1,1,要注意,
陛,10,常用,ヘイ,きざはし,,#調和,きざはし。天皇。　※名付けには重すぎる,10,45,65,要注意,
頁,9,,ケツ ヨウ,かしら ページ,,,ページ。かみ。　※名付けに不向き,1,1,1,要注意,
壁,16,常用,ヘキ,かべ がけ,,#調和,かべ。とりで。仕切り。※「障壁」等の印象があり不向き,10,50,50,要注意,
癖,18,常用,ヘキ,くせ,,,くせ。かたより。※名付けに不適切,1,1,1,要注意,
別,7,常用,ベツ ベチ,わか（れる） わか（つ） わ（ける）,のぶ わき,,わかれる。別の。すぐれる。,1,1,1,要注意,
瞥,17,,ベツ,み（る）,,,ちらっと見る。※事務的すぎて不向き,1,1,1,要注意,
蔑,14,常用,ベツ,さげす（む） くら（い） ないがし（ろ） なみ（する）,,,さげすむ。ないがしろ。　※名付けに不適切,1,1,1,要注意,
偏,11,常用,ヘン,かたよ（る） ひとえ（に）,,,かたよる。　※名付けに不向き,1,1,1,要注意,
変,9,常用,ヘン,か（える） か（わる）,,#調和,かわる。あらためる。　※名付けに不向き,10,50,50,要注意,
片,4,常用,ヘン,かた きれ ひら ペンス,,,かた。一方。わずか。,1,1,1,要注意,
篇,15,,ヘン,ふだ ふみ まき,,#調和,ふだ。書物。　※事務的すぎて不向き,10,50,50,要注意,
編,15,常用,ヘン,あ（む） とじいと ふみ,あみ よし,,あむ。つらねる。※事務的（編集等）すぎて不向き,1,1,1,要注意,
返,7,常用,ヘン ハン ホン,かえ（す） かえ（る）,,#調和,かえす。もどす。こたえる。,10,50,55,要注意,
便,9,常用,ビン ベン ヘン,たよ（り） いばり すなわ（ち） へつら（う） よすが,,,たより。つごう。　※名付けに不向き,1,1,1,要注意,
娩,10,,バン マン ベン メン,う（む）,,,うむ。生まれる。　※名付けに不向き,1,1,1,要注意,
鞭,18,,ヘン ベン,むち むちう（つ）,,,むち。うつ。　※不穏（暴力等）なため不適切,1,1,1,要注意,
圃,10,,ホ,はたけ,その,#自然,はたけ。園。　※名付けには珍しい,10,10,10,要注意,
捕,10,常用,ホ ブ,つか（まえる） つか（まる） と（らえる） と（らわれる） と（る）,,,とらえる。つかまえる。　※名付けに不向き,1,1,1,要注意,
補,12,常用,ホ フ,おぎな（う） たす（ける）,さだ すけ たすく,,おぎなう。助ける。　※事務的すぎて不向き,1,1,1,要注意,
募,12,常用,ボ モ,つの（る）,,,つのる。あつめる。　※事務的すぎて不向き,1,1,1,要注意,
墓,13,常用,ボ,はか,,,はか。　※名付けに不適切,1,1,1,要注意,
慕,14,常用,ボ,した（う） しの（ぶ）,,#信念,したう。あこがれる。愛する。,95,95,95,要注意,
戊,5,,ボ ボウ,つちのえ,,#調和,つちのえ。十干の第五。,10,50,50,要注意,
暮,14,常用,ボ,く（らす） く（れる）,,,くれる。くらす。　※「終わり」の印象があり不向き,1,1,1,要注意,
母,5,常用,ボ ボウ モ,はは,,,はは。慈しみ。源。,1,1,1,要注意,
簿,19,常用,ボ ハク バク ホ,,,,帳面。記録。※事務的すぎて不向き,1,1,1,要注意,
菩,11,,ホ ボ,,,,ぼだい。草の名。　※宗教色が強いため慎重に,1,1,1,要注意,
倣,10,常用,ホウ,なら（う）,より,,ならう。まねる。　※名付けに不向き,1,1,1,要注意,
俸,10,常用,ホウ,ふち,,,ふち。給料。　※名付けに不向き,1,1,1,要注意,
報,12,常用,ホウ,むく（いる） しら（せる）,,,むくいる。しらせ。,1,1,1,要注意,
崩,11,常用,ホウ,くず（す） くず（れる）,,,くずれる。壊れる。　※名付けに不向き,1,1,1,要注意,
捧,11,,ホウ,かか（える） ささ（げる）,,,ささげる。さしあげる。　※名付けには珍しい,1,1,1,要注意,
放,8,常用,ホウ,はな（す） はな（つ） はな（れる） ほう（る） こ（く） さ（く） ひ（る） ほしいまま まか（す） ゆる（す）,,#飛躍,はなす。放つ。広がる。,10,75,45,要注意,
泡,8,常用,ホウ,あわ あぶく,,,あわ。はかない。　※名付けに不向き,1,1,1,要注意,
砲,10,常用,ホウ,おおづつ つつ,,,大砲。石を投げる機械。　※名付けに不向き,1,1,1,要注意,
胞,9,常用,ホウ,はら,,,えな（胎盤）。つつむ。,1,1,1,要注意,
蜂,13,常用,ホウ,はち むら（がる）,,#調和,はち。昆虫の名。　※名付けには珍しい,10,50,50,要注意,
訪,11,常用,ホウ,たず（ねる） おとず（れる） おとな（う） と（う）,,,たずねる。おとずれる。　※名付けに不向き,1,1,1,要注意,
鋒,15,,ホウ,きっさき ほこ ほこさき,さき,,きっさき。ほこ。　※武器を指すため名付けに不適切,1,1,1,要注意,
飽,13,常用,ホウ,あ（かす） あ（きる）,,#飛躍,あきる。みち足りる。　※名付けに不向き,10,50,50,要注意,
乏,4,常用,ボウ ホウ,とぼ（しい）,,,たりない。少ない。　※名付けに不向き,1,1,1,要注意,
亡,3,常用,ボウ モウ ブ ム,な（い） うしな（う） に（げる） ほろ（びる） ほろ（ぼす）,,,なくなる。失う。,1,1,1,要注意,
傍,12,常用,ボウ ホウ,かたわ（ら） そ（う） そば はた わき,,,かたわら。そば。　※事務的すぎて不向き,1,1,1,要注意,
剖,10,常用,ボウ ホウ,さ（く） わ（ける）,,,わける。解剖する。　※名付けに不向き,1,1,1,要注意,
坊,7,常用,ボウ ボッ ホウ,へや まち,,,まち。部屋。僧。　※名付けに不向き,1,1,1,要注意,
妨,7,常用,ボウ ホウ,さまた（げる）,,,さまたげる。邪魔をする。　※名付けに不向き,1,1,1,要注意,
帽,12,常用,ボウ,,,,ぼうし。かぶりもの。　※事務的すぎて不向き,1,1,1,要注意,
忘,7,常用,ボウ モウ,わす（れる）,,#信念,わすれる。うっかりする。　※名付けには慎重に,10,35,75,要注意,
忙,6,常用,ボウ モウ,いそが（しい） せわ（しい）,,,いそがしい。　※名付けに不向き,1,1,1,要注意,
暴,15,常用,ボウ バク,あば（れる） あば（く） あら（い） あら（わす） さら（す） にわ（か）,,,あばれる。乱暴。　※名付けに不適切,1,1,1,要注意,
某,9,常用,ボウ バイ,それがし なにがし,,,なにがし。それがし。　※名付けに不向き,1,1,1,要注意,
棒,12,常用,ボウ ホウ,,,,ぼう。　※名付けに不適切,1,1,1,要注意,
冒,9,常用,ボウ モウ ボク モク,おか（す） おお（う） ねた（む） むさぼ（る）,,,おかす。おおう。冒険。,1,1,1,要注意,
肪,8,常用,ボウ ホウ,あぶら,,,あぶら。　※名付けに不向き,1,1,1,要注意,
膨,16,常用,ボウ ホウ,ふく（らむ） ふく（れる） ふく（よか）,,#調和,ふくらむ。おおい。　※生理的・物理的すぎて不向き,10,50,50,要注意,
謀,16,常用,ボウ ム,はか（る） はかりごと,こと のぶ,,はかる。はかりごと。　※不穏（共謀等）なため不適切,1,1,1,要注意,
貌,14,常用,ボウ バク,かお かたち,かた すがた とお,,かたち。顔つき。　※解剖学的・事務的で不向き,1,1,1,要注意,
貿,12,常用,ボウ,あきな（う）,,,あきなう。とりかえる。　※事務的すぎて不向き,1,1,1,要注意,
防,7,常用,ボウ ホウ,ふせ（ぐ） まも（る）,,#調和,ふせぐ。守る。堤防。,10,80,45,要注意,
僕,14,常用,ボク ホク,しもべ やつがれ,,,しもべ。自分。　※名付けに不適切,1,1,1,要注意,
卜,2,,ホク ボク,うらな（い） うらな（う）,うら,,うらなう。予言する。見立てる。,1,1,1,要注意,
墨,15,,ボク モク,すみ,,#調和,すみ。※「墨」の異体字。,10,55,55,要注意,
撲,15,常用,ボク ホク,う（つ） なぐ（る） は（る）,,,うつ。たたく。※名付けに不適切,1,1,1,要注意,
牧,8,常用,ボク モク,まき か（う） つかさ やしな（う）,,#調和,まき。養う。治める。,10,35,70,要注意,
勃,9,常用,ボツ ホツ,お（こる） にわ（かに）,,,おこる。にわか。　※名付けに不向き,1,1,1,要注意,
没,7,常用,ボツ モツ,おぼ（れる） しず（む） し（ぬ） な（い）,,,しずむ。おわる。なくなる。　※名付けに不向き,1,1,1,要注意,
殆,9,,タイ,あや（うい） ほとほと ほとん（ど）,,,あやうい。ほとんど。　※名付けに不向き,1,1,1,要注意,
堀,11,常用,クツ コツ,ほり あな,,,ほり。あな。※苗字に多いため慎重に,1,1,1,要注意,
幌,13,,コウ,ほろ,あき あきら,#水景 #飛躍,ほろ。とばり。　※事務的すぎて不向き,15,50,50,要注意,
翻,18,常用,ホン ハン,ひるがえ（す） ひるがえ（る）,,,ひるがえる。とぶ。※不安定なため不向き,1,1,1,要注意,
盆,9,常用,ボン ホン,はち,,#調和,ぼん。器。盆地。　※名付けには珍しい,10,50,50,要注意,
魔,21,常用,マ バ,,,,ま。あくま。人を惑わすもの。※名付けに不適切,1,1,1,要注意,
埋,10,常用,マイ,う（まる） う（める） う（もれる） い（ける） うず（まる） うず（もれる）,,,うめる。うまる。　※名付けに不向き,1,1,1,要注意,
妹,8,常用,マイ バイ,いもうと いも,,,いもうと。年下の女性。,1,1,1,要注意,
昧,9,常用,マイ バイ,くら（い）,,,くらい。おろか。　※名付けに不向き,1,1,1,要注意,
枚,8,常用,マイ バイ,ひら,,,まい。枚。数。　※名付けに不向き,1,1,1,要注意,
毎,6,常用,マイ バイ,ごと つね むさぼ（る）,,#調和,ごと。いつも。つねに。,10,65,55,要注意,
幕,13,常用,バク マク,,,,まく。とばり。幕府。　※事務的すぎて不向き,1,1,1,要注意,
膜,14,常用,マク バク ボ モ,,,,まく。薄いかわ。　※解剖学的すぎて不適切,1,1,1,要注意,
枕,8,常用,シン チン,まくら,,,まくら。安らぐ。　※名付けには珍しい,1,1,1,要注意,
鱒,23,,ソン ゾン,ます,,,ます。魚の名。　※日常的・物質的すぎて不向き,1,1,1,要注意,
亦,6,,エキ ヤク,また わき,,,また。同様に。　※名付けには珍しい,1,1,1,要注意,
俣,9,,,また,,#水景,また。二股。※国字。　※名付けには珍しい,10,50,50,要注意,
抹,8,常用,マツ バツ,け（す） こな す（る）,,,ぬる。消す。　※名付けに不向き,1,1,1,要注意,
沫,8,,マツ,あわ しぶき,,,しぶき。あわ。　※名付けに不向き,1,1,1,要注意,
迄,7,,キツ,いた（る） およ（ぶ） まで,,,まで。至る。およぶ。　※名付けに不向き,1,1,1,要注意,
慢,14,常用,マン バン,あなど（る） おこた（る） おご（る）,,,あざける。おごる。　※名付けに不適切,1,1,1,要注意,
漫,14,常用,マン バン,そぞ（ろに） みだ（りに）,,,そぞろ。とりとめがない。　※名付けに不向き,1,1,1,要注意,
蔓,14,,バン マン,つる はびこ（る）,,,つる。はびこる。　※不穏な印象があるため不向き,1,1,1,要注意,
箕,14,,キ,ちりとり み,,,み。農具の名。　※事務的・古風すぎて不向き,1,1,1,要注意,
密,11,常用,ミツ ビツ ミチ,こま（かい） ひそ（かに）,,,ひそか。こまかい。しずか。　※名付けに不向き,1,1,1,要注意,
蓑,13,,サ サイ,みの,,#水景,みの。草で編んだ雨具。　※事務的・古風すぎて不向き,10,50,50,要注意,
脈,10,常用,ミャク バク,すじ,,,すじ。みゃく。つながり。　※名付けに不向き,1,1,1,要注意,
眠,10,常用,ミン ベン,ねむ（い） ねむ（る）,,,ねむる。やすむ。　※名付けに不向き,1,1,1,要注意,
無,12,常用,ブ ム,な（い）,,,ない。無。存在しない。　※「無」は名付けに不向き,1,1,1,要注意,
牟,6,,ボウ ム,な（く） むさぼ（る）,,,牛の鳴き声。むさぼる。　※名付けに不向き,1,1,1,要注意,
矛,5,常用,ム ボウ,ほこ,,,ほこ。武器。,1,1,1,要注意,
婿,12,常用,セイ,むこ,,,むこ。　※名付けに不向き,1,1,1,要注意,
娘,10,常用,ジョウ ニョウ,むすめ こ,,,むすめ。若い女性。　※名付けに不向き,1,1,1,要注意,
冥,10,常用,メイ ミョウ,くら（い）,,,くらい。奥深い。あの世。　※名付けに不向き,1,1,1,要注意,
迷,9,常用,メイ,まよ（う） まど（う）,,#調和,まよう。惑う。　※名付けに不向き,10,50,50,要注意,
姪,9,,テツ,めい,,,めい。兄弟の娘。　※名付けに不向き,1,1,1,要注意,
滅,13,常用,メツ ベツ,ほろ（びる） ほろ（ぼす）,,,ほろびる。なくなる。　※名付けに不適切,1,1,1,要注意,
免,8,常用,メン ブン ベン,まぬか（れる） う（む） や（める） ゆる（す）,,,まぬかれる。許す。　※名付けに不向き,1,1,1,要注意,
面,9,常用,メン ベン,おも おもて つら そむ（く） も,,,おもて。顔。向き。,1,1,1,要注意,
麺,16,常用,メン ベン,むぎこ,,#調和,めん。小麦粉。　※日常的すぎて不向き,10,50,50,要注意,
模,14,常用,ボ モ,かた のっと（る）,,,かた。手本。のっとる。　※事務的すぎて不向き,1,1,1,要注意,
妄,6,常用,ボウ モウ,みだ（りに）,,,みだりに。でたらめ。　※名付けに不向き,1,1,1,要注意,
毛,4,常用,モウ ボウ,け,あつ,,け。わずかなこと。,1,1,1,要注意,
盲,8,常用,モウ ボウ,くら（い）,,,めくら。見えない。　※名付けに不向き,1,1,1,要注意,
網,14,常用,モウ ボウ,あみ,,,あみ。組織。　※事務的すぎて不向き,1,1,1,要注意,
耗,10,常用,コウ モウ ボウ,たよ（り） へ（る）,,,へる。ついやす。　※名付けに不向き,1,1,1,要注意,
蒙,13,,ボウ モウ,おお（う） くら（い） こうむ（る）,,,くらい。おおう。おろか。　※名付けに不適切,1,1,1,要注意,
儲,18,,チョ,そえ たくわ（える） もう（け） もう（ける）,,,もうける。たくわえる。　※商業的すぎて不向き,1,1,1,要注意,
黙,15,常用,モク ボク,だま（る） だんま（り） もだ（す）,,,だまる。しずか。　※不穏な印象があり不向き,1,1,1,要注意,
勿,4,,ブツ モチ,な（い） なか（れ） な（し）,,#調和,～するな。禁止。,10,50,50,要注意,
餅,15,常用,ヘイ,もち,,,もち。食べ物の名。※事務的すぎて不向き,1,1,1,要注意,
戻,7,常用,レイ,もど（す） もど（る） いた（る） もと（る）,,,もどる。かえす。そむく。　※名付けに不向き,1,1,1,要注意,
籾,9,,,もみ,,#調和,もみ。稲の実。※国字。　※名付けには珍しい,10,50,50,要注意,
貰,12,,セイ,か（りる） もら（う） ゆる（す）,,,もらう。受け取る。　※名付けに不向き,1,1,1,要注意,
問,11,常用,モン ブン,と（い） と（う） とん たず（ねる） たよ（り）,,,とう。たずねる。　※名付けに不向き,1,1,1,要注意,
匁,4,,,め もんめ,,,もんめ。重さの単位。,1,1,1,要注意,
夜,8,常用,ヤ,よ よる,やす,#調和,よる。よ。　※名付けには慎重に,5,50,50,要注意,
厄,4,常用,ヤク アク,くる（しむ） わざわ（い）,,,わざわい。苦しみ。　※名付けに不向き,1,1,1,要注意,
役,7,常用,ヤク エキ,いくさ つと（め）,,#調和,つとめ。役目。戦い。,10,50,50,要注意,
約,9,常用,ヤク,ちか（う） つづま（やか） つづ（める） つま（しい）,,,むすぶ。つつしむ。つづめる。,1,1,1,要注意,
薬,16,常用,ヤク,くすり,,,くすり。いやす。※医学的・事務的すぎて不向き,1,1,1,要注意,
訳,11,常用,ヤク エキ,わけ と（く）,,,わけ。ときあかす。いいかえ。　※名付けに不向き,1,1,1,要注意,
油,8,常用,ユ ユウ,あぶら,,,あぶら。油。　※名付けに不向き,1,1,1,要注意,
癒,18,常用,ユ,い（える） い（やす）,,,いやす。なおる。　※医学的・機能的すぎて不向き,1,1,1,要注意,
輸,16,常用,ユ シュ,いた（す） うつ（す） おく（る） ま（ける）,,,はこぶ。おくる。　※事務的（運輸等）すぎて不向き,1,1,1,要注意,
幽,9,常用,ユウ,かす（か） くら（い）,,#調和,かすか。奥深い。静か。,10,50,75,要注意,
憂,15,常用,ユウ,うれ（い） うれ（える） う（い）,,,うれえる。かなしみ。　※名付けに不適切,1,1,1,要注意,
猶,12,常用,ユウ,なお,,,なお。猶予。もっと。　※「なお」の読みはあるが慎重に,1,1,1,要注意,
誘,14,常用,ユウ,さそ（う） いざな（う） おび（く）,,,さそう。導く。あざむく。　※不穏な意を含むため不向き,1,1,1,要注意,
邑,7,,オウ ユウ,うれ（える） くに みやこ むら,さと さとし すみ,#調和,むら。都。　※苗字に多い,5,50,50,要注意,
郵,11,常用,ユウ ユ,しゅくば,,,しゅくば。たより。　※名付けに不向き,1,1,1,要注意,
余,7,常用,ヨ,あま（す） あま（る） ほか われ,,#調和,あまる。ゆとり。われ。,10,40,75,要注意,
輿,17,,ヨ,おお（い） くるま こし の（せる）,お よ,,こし。のりもの。※事務的すぎて不向き,1,1,1,要注意,
預,13,常用,ヨ,あず（かる） あず（ける） あらかじ（め）,,,あずける。あらかじめ。　※事務的すぎて不向き,1,1,1,要注意,
傭,13,,ヨウ チョウ,やと（い） やと（う）,,,やとう。　※事務的（傭兵等）すぎて不向き,1,1,1,要注意,
妖,7,常用,ヨウ,あや（しい） なまめ（かしい） わざわ（い）,,,あやしい。なまめかしい。　※名付けに不向き,1,1,1,要注意,
擁,16,常用,ヨウ,いだ（く） だ（く） まも（る）,,,だく。守る。助ける。　,1,1,1,要注意,
様,14,常用,ヨウ,さま,,,さま。かたち。　※事務的な敬称のため不向き,1,1,1,要注意,
溶,13,常用,ヨウ,と（かす） と（く） と（ける）,,,とける。溶かす。　※不安定なため名付けに不向き,1,1,1,要注意,
用,5,常用,ヨウ,もち（いる） はたら（き） もっ（て）,ちか もち,#知性,もちいる。役に立つ。働き。,5,55,55,要注意,
窯,15,常用,ヨウ,かま,,,かま。陶器を焼く穴。※事務的すぎて不向き,1,1,1,要注意,
踊,14,常用,ヨウ,おど（り） おど（る）,,#品格 #飛躍,おどる。跳ねる。　※躍動感はあるが名付けには珍しい,80,80,80,要注意,
抑,7,常用,ヨク,おさ（える） そもそも ふさ（ぐ）,,#信念,おさえる。しずめる。そもそも。,10,55,60,要注意,
欲,11,常用,ヨク,ほ（しい） ほっ（する）,,,ほしい。ほっする。　※名付けに不向き,1,1,1,要注意,
浴,10,常用,ヨク,あ（びせる） あ（びる） ゆあみ,,#水景,あびる。潤う。受ける。,1,1,1,要注意,
淀,11,,テン デン,よど よど（む）,,,よどむ。水が止まる。　※名付けに不向き,1,1,1,要注意,
螺,17,,ラ,つぶ にし にな ほらがい,,,にし。らせん。※事務的（ネジ等）すぎて不向き,1,1,1,要注意,
裸,13,常用,ラ,はだか,,,はだか。ありのまま。　※名付けに不適切,1,1,1,要注意,
絡,12,常用,ラク,から（まる） から（む） から（める） から（げる） つな（ぐ） まと（う）,,,からむ。まとう。　※名付けに不向き,1,1,1,要注意,
落,12,常用,ラク,お（ちる） お（とす） さと,,,おちる。おとす。　※名付けに不向き,1,1,1,要注意,
酪,13,常用,ラク,ちちしる,,,ちち。牛の乳。　※職業的すぎて不向き,1,1,1,要注意,
乱,7,常用,ラン ロン,みだ（す） みだ（れる） みだ（りに）,,,みだれる。乱れる。,1,1,1,要注意,
卵,7,常用,ラン,たまご,,#調和,たまご。はじまり。育む。,10,75,40,要注意,
欄,20,常用,ラン,おばしま おり てすり わく,,,てすり。しきり。※事務的すぎて不向き,1,1,1,要注意,
欄,21,,ラン,おばしま おり てすり わく,,,てすり。※「欄」の旧字体。※事務的すぎて不向き,1,1,1,要注意,
濫,18,常用,ラン,う（かべる） みだ（りに） みだ（れる）,,,みだりに。あふれる。　※「濫用」等の印象があり不適切,1,1,1,要注意,
覧,17,常用,ラン,み（る）,,,みる。ながめる。※事務的すぎて不向き,1,1,1,要注意,
履,15,常用,リ,は（く） くつ ふ（む）,,#調和,はく。ふむ。おこなう。,60,95,30,要注意,
痢,12,常用,リ,,,,下痢。はらくだし。　※名付けに不適切,1,1,1,要注意,
裏,13,常用,リ,うら うち,,,うら。うち。　※名付けに不適切,1,1,1,要注意,
裡,12,,リ,うら うち,,,うち。なか。裏側。　※事務的すぎて不向き,1,1,1,要注意,
離,19,常用,リ レイ,はな（す） はな（れる） かか（る） か（る） つ（く） なら（ぶ）,あき あきら つら,,はなれる。わかれる。※名付けに不適切,1,1,1,要注意,
掠,11,,リャク リョウ,かす（める） かす（る） かす（れる） さら（う） むちう（つ）,,,かすめる。うばう。　※名付けに不適切,1,1,1,要注意,
略,11,常用,リャク,おか（す） おさ（める） はかりごと はか（る） はぶ（く） ほぼ,,#調和,はかりごと。はかる。ほぼ。,10,60,60,要注意,
劉,15,,リュウ,ころ（す） つら（ねる）,のぶ みずち,#調和,ころす。武器。　※字義が不穏、かつ苗字の印象が強く不向き,15,50,50,要注意,
溜,13,,リュウ,したた（る） た（まる） ため た（める）,,,たまる。したたる。　※不穏（溜息等）なため不向き,1,1,1,要注意,
留,10,常用,リュウ ル,と（まる） と（める） とど（まる） とど（める）,たね と とめ ひさ,#調和,とまる。とめる。残す。　※名付けには慎重に,40,40,40,要注意,
硫,12,常用,リュウ ル,,,,いおう。　※化学的すぎて不向き,1,1,1,要注意,
粒,11,常用,リュウ,つぶ,,,つぶ。小さい。　※名付けに不向き,1,1,1,要注意,
慮,15,常用,リョ,おもんぱか（る）,,#信念 #天空,おもんぱかる。考える。　※事務的すぎて不向き,10,50,50,要注意,
虜,13,常用,リョ ロ,えびす しもべ とりこ,,#自然,とりこ。いけどる。　※名付けに不適切,10,50,50,要注意,
虜,13,,リョ ロ,えびす しもべ とりこ,,,とりこ。いけどる。※「虜」の異体字。※名付けに不適切,1,1,1,要注意,
僚,14,常用,リョウ,つかさ とも,あきら,#色彩 #調和,なかま。つかさ。,85,85,85,要注意,
寮,15,常用,リョウ,つかさ,,,つかさ。役所。宿舎。※事務的すぎて不向き,1,1,1,要注意,
料,10,常用,リョウ,はか（る）,,,はかる。材料。代金。　※名付けに不向き,1,1,1,要注意,
猟,11,常用,リョウ,か（り） か（る）,,,かり。狩猟。あさる。　※名付けに不向き,1,1,1,要注意,
療,17,常用,リョウ,い（やす）,,,いやす。なおす。　※医学的・事務的すぎて不向き,1,1,1,要注意,
糧,18,常用,リョウ ロウ,かて,,,かて。食べ物。　※日常的・物質的すぎて不向き,1,1,1,要注意,
厘,9,常用,リン テン デン リ,,,,りん。わずかな単位。,1,1,1,要注意,
淋,11,,リン,さび（しい） したた（る） そそ（ぐ） りんびょう,,,そそぐ。さびしい。　※医学的・情緒的に不向き,1,1,1,要注意,
隣,16,常用,リン,となり とな（る）,さと ただ ちか ちかし なが,#調和,となり。近所。　※事務的（隣接等）すぎて不向き,15,50,50,要注意,
鱗,24,,リン,うろこ,,,うろこ。　※解剖学的・動物的すぎて不向き,1,1,1,要注意,
涙,11,常用,ルイ,なみだ,,,なみだ。※旧字「淚」も同様。※名付けに不向き,1,1,1,要注意,
累,11,常用,ルイ,かさ（なる） かさ（ねる） しき（りに） しば（る） わずら（わす）,,,かさねる。わずらわしい。　※名付けに不向き,1,1,1,要注意,
類,18,常用,ルイ,たぐ（い） たぐい たぐ（える） に（る）,とも なお なし より,,たぐい。にる。※事務的すぎて不向き,1,1,1,要注意,
例,8,常用,レイ,たと（える） たぐい たと（えば） ためし,,#調和,たとえ。ならわし。　※名付けには珍しい,10,50,50,要注意,
冷,7,常用,レイ,さ（ます） さ（める） つめ（たい） ひ（える） ひ（や） ひ（やかす） ひ（やす）,すずし,#調和,つめたい。ひえる。静か。　※名付けには慎重に,10,55,60,要注意,
隷,16,常用,レイ,したが（う） しもべ,,#調和,したがう。しもべ。　※「奴隷」等の不穏な印象があり不適切,10,50,50,要注意,
零,13,常用,レイ,あま（り） お（ちる） こぼ（れる） ゼロ ふ（る）,しずく,#水景,ぜろ。しずく。おちる。　※「零落」の印象があり不向き,30,50,50,要注意,
霊,15,常用,レイ リョウ,たま たましい よ（い）,,,たましい。ふしぎ。　※霊的な印象が強いため慎重に,1,1,1,要注意,
齢,17,常用,レイ,とし よわい,なか よ,,よわい。とし。　※事務的（年齢等）すぎて不向き,1,1,1,要注意,
歴,14,常用,レキ リャク,へ（る）,,,へる。あきらか。　※事務的すぎて不向き,1,1,1,要注意,
列,6,常用,レツ,つら（なる） つら（ねる） なら（べる）,,,つらねる。ならぶ。,10,50,50,要注意,
劣,6,常用,レツ,おと（る） いや（しい）,,,おとる。　※名付けに不向き,1,1,1,要注意,
裂,12,常用,レツ,さ（く） さ（ける） きれ,,,さく。さける。ちぎれる。　※名付けに不適切,1,1,1,要注意,
憐,16,,レン,あわ（れみ） あわ（れむ）,れ,#慈愛,あわれむ。なさけ。　※「哀れみ」の印象があり不向き,15,50,50,要注意,
簾,19,,レン,す すだれ,,,すだれ。※事務的（建具）すぎて不向き,1,1,1,要注意,
魯,15,,ロ,おろ（か）,,#調和,おろか。にぶい。　※名付けに不適切,10,50,50,要注意,
櫓,19,,ロ,おおだて やぐら,,,やぐら。おおだて。※事務的（軍事・建具）すぎて不向き,1,1,1,要注意,
賂,13,常用,ロ,まいな（い） まいな（う）,,,まいない。おくりもの。　※「贈賄」等の不穏な印象があり不適切,1,1,1,要注意,
労,7,常用,ロウ,いたわ（る） つか（れる） ねぎら（う） はたら（く）,,#慈愛,つとめる。いたわる。苦労。　※名付けには慎重に,10,75,45,要注意,
廊,12,常用,ロウ,わたどの,,,わたどの。廊下。　※事務的すぎて不向き,1,1,1,要注意,
廊,13,,ロウ,わたどの,,,わたどの。廊下。※「廊」の異体字。※事務的すぎて不向き,1,1,1,要注意,
弄,7,常用,ロウ,もてあそ（ぶ） あなど（る） いじく（る） いじ（る） いら（う） たわむ（れる） まさぐ（る）,,#調和,もてあそぶ。手でもてあそぶ。奏でる。,10,25,100,要注意,
朗,,,,,,,,,,,要注意,
楼,13,常用,ロウ,たかどの やぐら,ろ,,たかどの。高い建物。,1,1,1,要注意,
漏,14,常用,ロウ,も（らす） も（る） も（れる）,,,もれる。もらす。　※「欠陥」の印象があり不適切,1,1,1,要注意,
老,6,常用,ロウ,お（いる） ふ（ける）,,#伝統 #知性,おいる。長寿。経験豊富。,10,90,35,要注意,
麓,19,常用,ロク,ふもと,ろ,,ふもと。山のすそ野。,1,1,1,要注意,
肋,6,,ロク,あばら,,,あばら。あばら骨。　※名付けに不向き,1,1,1,要注意,
録,16,常用,ロク リョ リョク,しる（す）,とし ふみ,#知性,しるす。書きとめる。※事務的（記録等）すぎて不向き,15,50,50,要注意,
論,15,常用,ロン,あげつら（う） と（く）,さだむ さとし さとる とき のり ゆう,,とく。あきらかにする。　※事務的すぎて不向き,1,1,1,要注意,
話,13,常用,ワ,はなし はな（す）,,,はなす。言葉。　※事務的すぎて不向き,1,1,1,要注意,
賄,13,常用,ワイ カイ,まかな（う） まいな（う）,,,まかなう。おくる。　※不穏（贈賄等）なため不適切,1,1,1,要注意,
脇,10,常用,キョウ,かたわ（ら） わき,,,わき。わき腹。　※名付けに不向き,1,1,1,要注意,
惑,12,常用,ワク コク,まど（う）,,,まどう。迷う。　※名付けに不適切,1,1,1,要注意,
枠,8,常用,,わく,,,わく。ふち。※国字に近い扱い,1,1,1,要注意,
詫,13,,タ,ほこ（る） わび わ（びる）,,,わびる。あやまる。　※名付けに不適切,1,1,1,要注意,
藁,18,,コウ,わら,,,わら。　※無機質すぎて不向き,1,1,1,要注意,
蕨,15,,ケツ,わらび,,,わらび。植物の名。　※事務的・地名的なため不向き,1,1,1,要注意,
椀,12,,ワン,はち,,,わん。器。　※事務的すぎて不向き,1,1,1,要注意,
碗,13,,ワン,,,,わん。器。　※事務的すぎて不向き,1,1,1,要注意,
腕,12,常用,ワン,うで かいな,,,うで。才能。　※解剖学的すぎて不向き,1,1,1,要注意,
丼,5,常用,セイ ショウ タン トン,どん どんぶり,,,どんぶり。　※名付けに不向き,1,1,1,要注意,
乘,10,,ジョウ ショウ,の（せる） の（る）,のり,,のる。乗る。※「乗」の旧字。,1,1,1,要注意,
佛,7,,ブツ フツ,ほとけ,,,ほとけ。慈悲深い。※「仏」の旧字。,1,1,1,要注意,
傲,13,常用,ゴウ,あそ（ぶ） あなど（る） おご（る）,,#幸福,おごる。あなどる。　※名付けに不適切,10,50,50,要注意,
僞,,,,,,,,,,,要注意,
價,15,,カ,あたい,,#調和,あたい。ねだん。※「価」の旧字体。※不向き,10,50,50,要注意,
儉,15,,ケン,つづま（やか） つま（しい）,,#調和,つましい。※「倹」の旧字体。※不向き,10,50,50,要注意,
兒,8,,ジ ニ,こ,,,こども。赤ん坊。※「児」の旧字。,1,1,1,要注意,
刹,8,常用,セツ サツ,てら,くに,#知性,てら。柱。短い時間。,5,50,55,要注意,
剩,12,,ジョウ,あま（す） あまつさ（え） あま（る）,,,あまる。余計。※「剰」の旧字体。※名付けに不向き,1,1,1,要注意,
劍,15,,ケン,つるぎ,,#勇壮,つるぎ。武器。※「剣」の旧字体。※不適切,10,50,50,要注意,
卷,8,,カン ケン,まき ま（く）,,,まく。まき。書物。※「巻」の旧字。,1,1,1,要注意,
哺,10,常用,ホ,はぐく（む） ふく（む）,,#天空,ふくむ。育てる。　※名付けには珍しい,10,35,70,要注意,
單,12,,ゼン タン,ひとえ ひと（つ）,,#信念,ひと。単独。※「単」の旧字体。　※不向き,10,50,50,要注意,
喩,12,常用,ユ,さと（す） たと（える） よろこ（ぶ）,,,たとえる。さとす。　※事務的すぎて不向き,1,1,1,要注意,
嗅,13,常用,キュウ,か（ぐ）,,,かぐ。鼻でかぐ。　※生理的すぎて不向き,1,1,1,要注意,
嘲,15,常用,チョウ トウ,あざけ（る） からか（う）,,,あざける。そしる。※名付けに不適切,1,1,1,要注意,
圈,11,,ケン,かこ（い）,,,かこい。おり。※「圏」の旧字。※名付けに不向き,1,1,1,要注意,
團,14,,ダン トン タン,かたまり まる（い）,,,まるい。あつまる。※「団」の旧字体。　※不向き,1,1,1,要注意,
毀,13,常用,キ,こぼ（つ） こわ（す） そし（る） や（せる） やぶ（る） やぶ（れる）,,,こわす。そしる。　※名付けに不適切,1,1,1,要注意,
壞,19,,カイ エ,こわ（す） こわ（れる） やぶ（る） やぶ（れる）,,,こわす。※「壊」の旧字体。※名付けに不適切,1,1,1,要注意,
壘,18,,ルイ,かさ（ねる） とりで,,,とりで。※「塁」の旧字体。※事務的すぎて不向き,1,1,1,要注意,
奧,13,,オウ イク,おく くま,,#水景,おく。深い。※「奥」の旧字体。※名付けには重すぎる,40,40,40,要注意,
孃,20,,ジョウ,むすめ,,,むすめ。※「嬢」の旧字体。※役割を限定しすぎるため不向き,1,1,1,要注意,
寢,14,,シン,ね（かす） ね（る） みたまや みにく（い） や（める）,,,ねる。※「寝」の旧字体。※名付けに不適切,1,1,1,要注意,
將,,,,,,,,,,,要注意,
專,,,,,,,,,,,要注意,
峽,10,,キョウ,はざま,,#調和,はざま。※「峡」の旧字。※名付けには珍しい,10,50,50,要注意,
巫,7,,フ ブ,かんなぎ みこ,,#調和,みこ。かんなぎ。　※名付けには珍しい,10,45,70,要注意,
已,3,,イ,すで（に） のみ はなは（だ） や（む）,,,すでに。やめる。おわる。,1,1,1,要注意,
帶,,,,,,,,,,,要注意,
廳,25,,チョウ テイ,,,,役所。※「庁」の旧字体。※事務的すぎて不向き,1,1,1,要注意,
彈,15,,ダン,たま はず（む） ひ（く） ただ（す） はじ（く） はじ（ける） はず（み）,,#調和,たま。はじく。※「弾」の旧字体。※不向き,10,50,50,要注意,
彙,13,常用,イ,あつ（める） たぐい はりねずみ,,#調和,あつめる。なかま。はりねずみ。　※事務的すぎて不向き,10,50,50,要注意,
從,,,,,,,,,,,要注意,
恆,9,,コウ,つね つね（に）,,,つね。いつも。不変。※「恒」の旧字。,1,1,1,要注意,
恣,10,常用,シ,ほしいまま,,,ほしいまま。勝手。　※名付けに不向き,1,1,1,要注意,
惧,11,常用,グ ク,おそ（れる）,,,おそれる。あやぶむ。　※名付けに不向き,1,1,1,要注意,
惡,12,,アク オ,わる（い） あ（し） いずく（んぞ） にく（む）,,,わるい。にくむ。※「悪」の旧字体。※名付けに不適切,1,1,1,要注意,
慄,13,常用,リツ,おそ（れる） おのの（く）,,,ふるえる。おそれる。　※名付けに不適切,1,1,1,要注意,
應,17,,オウ,こた（える） まさ（に）,,,こたえる。※「応」の旧字体。※事務的すぎて不向き,1,1,1,要注意,
戰,16,,セン,たたか（う） いくさ おのの（く） そよ（ぐ）,,#勇壮 #自然,たたかう。あらそう。※「戦」の旧字体。※名付けに不適切,10,50,50,要注意,
戲,17,,ギ ゲ,たわむ（れる） ざ（れる） たわ（ける）,,,あそぶ。※「戯」の旧字体。※不向き,1,1,1,要注意,
拔,8,,バツ,ぬ（かす） ぬ（かる） ぬ（く） ぬ（ける）,,,ぬく。すぐれる。※「抜」の旧字。,1,1,1,要注意,
拂,8,,フツ ヒツ,はら（う）,,,はらう。払う。※「払」の旧字。,1,1,1,要注意,
拉,8,常用,ラ ラツ ロウ,くじ（く） ひ（く） ひし（ぐ） ひしゃ（げる）,,,ひく。拉致。ひきつれる。　※名付けに不向き,1,1,1,要注意,
搜,13,,ソウ,さが（す）,,,さがす。求める。※「捜」の旧字体。※事務的すぎて不向き,1,1,1,要注意,
搖,13,,ヨウ,ゆ（さぶる） ゆ（すぶる） ゆ（する） ゆ（らぐ） ゆ（る） ゆ（るぐ） ゆ（れる）,,,ゆれる。うごく。※「揺」の旧字体。※不安定なため不向き,1,1,1,要注意,
攝,21,,セツ ショウ,か（ねる） か（わる） と（る）,,,おさめる。かねる。※「摂」の旧字体。※事務的すぎて不向き,1,1,1,要注意,
收,6,,シュウ,おさ（まる） おさ（める）,,,おさめる。取り入れる。※「収」の旧字。,1,1,1,要注意,
敍,,,,,,,,,,,要注意,
晝,,,,,,,,,,,要注意,
曖,17,常用,アイ,おお（う） かげ（る） くら（い）,あ,,くらい。あきらかでない。　※不穏なため不適切,1,1,1,要注意,
條,,,,,,,,,,,要注意,
樣,15,,ヨウ,さま,,#調和,さま。かたち。※「様」の旧字体。※不向き,10,50,50,要注意,
檢,17,,ケン,あらた（める） しら（べる）,,,しらべる。※「検」の旧字体。※事務的すぎて不向き,1,1,1,要注意,
鬱,29,常用,ウツ,さか（ん） しげ（る） ふさ（ぐ）,しげる,,しげる。ふさがる。気が晴れない。※名付けに不適切,1,1,1,要注意,
盜,12,,トウ,ぬす（む） と（る）,,,ぬすむ。ぬすみ。※「盗」の旧字体。※名付けに不適切,1,1,1,要注意,
淨,,,,,,,,,,,要注意,
滯,14,,タイ,とどこお（る）,,,とどこおる。※「滞」の旧字体。※名付けに不適切,1,1,1,要注意,
澁,15,,シュウ ジュウ,しぶ しぶ（い） しぶ（る）,,#調和,しぶ。しぶい。※「渋」の旧字体。※不向き,10,50,50,要注意,
濕,17,,シツ,うるお（い） うるお（す） しめ（す） しめ（る）,,,しめる。※「湿」の旧字体。※不向き,1,1,1,要注意,
燒,16,,ショウ,や（く） や（ける） く（べる）,,#自然,やく。もえる。※「焼」の旧字体。※名付けに不適切,10,50,50,要注意,
爭,8,,ソウ,あらそ（う） いさ（める）,,,あらそう。争う。※「争」の旧字。　※名付けに不向き,1,1,1,要注意,
爲,12,,イ,す（る） ため つく（る） な（す） な（る）,,,なす。する。おさめる。※「為」の旧字体。　※不向き,1,1,1,要注意,
狹,10,,キョウ コウ,せば（まる） せば（める） せま（い） さ,,,せまい。※「狭」の旧字。※名付けに不向き,1,1,1,要注意,
默,16,,モク ボク,だま（る） だんま（り） もだ（す）,,,だまる。しずか。※「黙」の旧字体。※不穏な印象があり不向き,1,1,1,要注意,
獸,19,,ジュウ,けだもの けもの しし,,,けもの。※「獣」の旧字体。※名付けに不適切,1,1,1,要注意,
疊,22,,ジョウ チョウ,たたみ たた（む） かさ（なる） かさ（ねる）,,,かさなる。※「畳」の旧字体。※事務的すぎて不向き,1,1,1,要注意,
瘍,14,常用,ヨウ,かさ できもの,,,かさ。できもの。　※医学的・不穏なため不適切,1,1,1,要注意,
盡,14,,ジン,つ（かす） つ（きる） つ（くす） ことごと（く） すが（れる）,,,つくす。きわめる。※「尽」の旧字体。　※不向き,1,1,1,要注意,
碎,13,,サイ,くだ（く） くだ（ける）,,,くだく。くだける。※「砕」の旧字体。※名付けに不適切,1,1,1,要注意,
祕,10,,ヒ,ひ（める） かく（す） ひそ（か）,,,ひめる。※「秘」の旧字。※名付けに不向き,1,1,1,要注意,
箋,14,常用,セン,かきもの てがみ ときあ（かし） なふだ はりふだ ふだ,ふみ,,ふだ。しるす。　※事務的すぎて不向き,1,1,1,要注意,
籠,22,常用,ロウ ル,かご こ（もる） こ（める）,,,かご。こもる。※事務的・閉鎖的なため不向き,1,1,1,要注意,
緻,16,常用,チ,こま（かい）,,,こまかい。きめ細かい。,1,1,1,要注意,
縣,16,,ケン,あがた,,,あがた。役所。※「県」の旧字体。※事務的すぎて不向き,1,1,1,要注意,
縱,17,,ジュウ ショウ,たて はな（つ） ほしいまま ゆる（す） ゆる（める） よし（んば）,,,たて。ほしいまま。※「縦」の旧字体。※不向き,1,1,1,要注意,
纖,23,,セン チン,しな（やか） ちい（さい） ほそ（い）,,,こまかい。※「繊」の旧字体。※不安定なため不向き,1,1,1,要注意,
羞,11,常用,シュウ,すす（める） はじ は（じる） はずかし（め） はずかし（める）,,,はじ。はずかしい。すすめる。　※名付けに不向き,1,1,1,要注意,
飜,21,,ホン ハン,ひるがえ（す） ひるがえ（る）,,,ひるがえる。とぶ。※「翻」の旧字体。※不安定なため不向き,1,1,1,要注意,
臟,22,,ゾウ ソウ,はらわた,,,はらわた。※「臓」の旧字体。※解剖学的すぎて不適切,1,1,1,要注意,
與,13,,ヨ,あた（える） あずか（る） くみ（する）,,,あたえる。くみする。ともに。※「与」の旧字体。　※不向き,1,1,1,要注意,
莊,10,,ショウ ソウ,おごそ（か） しもやしき,,,おごそか。立派。※「荘」の旧字。,1,1,1,要注意,
藝,18,,ゲイ,う（える） わざ,,,うえる。わざ。※「芸」の旧字体。※事務的すぎて不向き,1,1,1,要注意,
藥,18,,ヤク,くすり,,,くすり。※「薬」の旧字体。※医学的すぎて不向き,1,1,1,要注意,
裝,13,,ソウ ショウ,よそお（う） よそ（う）,,,よそおう。かざる。※「装」の旧字体。※事務的すぎて不向き,1,1,1,要注意,
覽,21,,ラン,み（る）,,,みる。※「覧」の旧字体。※事務的すぎて不向き,1,1,1,要注意,
訃,9,常用,フ,し（らせ） つ（げる）,,,しらせ。死の知らせ。　※名付けに不向き,1,1,1,要注意,
諧,16,常用,カイ,かな（う） たわむ（れ） ととの（う） やわ（らぐ）,かのう ゆき,,かなう。やわらぐ。ととのう。,1,1,1,要注意,
謠,17,,ヨウ,うたい うた（う）,,,うた。※「謡」の旧字体。※事務的すぎて不向き,1,1,1,要注意,
貪,11,常用,ドン タン,むさぼ（る）,,,むさぼる。欲が深い。　※名付けに不適切,1,1,1,要注意,
賣,15,,バイ,う（る） う（れる）,,#調和,うる。商う。※「売」の旧字体。※事務的すぎて不向き,10,50,50,要注意,
踪,15,常用,ソウ シュウ,あと,,,あと。あしあと。※不穏（失踪等）なため不適切,1,1,1,要注意,
轉,18,,テン,ころ（がす） ころ（がる） ころ（げる） ころ（ぶ） うた（た） うつ（る） くるり こ（ける） まろ（ぶ）,,,ころがる。※「転」の旧字体。※不安定なため不向き,1,1,1,要注意,
辣,14,常用,ラツ,から（い） きび（しい） むご（い）,,,からい。むごい。きびしい。　※不穏なため不向き,1,1,1,要注意,
醉,15,,スイ,よ（う）,,#調和,よう。※「酔」の旧字体。※名付けに不適切,10,50,50,要注意,
釀,20,,ジョウ,かも（す）,,,かもす。酒を作る。※機能的（醸造等）すぎて不向き,1,1,1,要注意,
釉,12,,ユウ,うわぐすり つや ひかり,,,うわぐすり。つや。　※名付けには珍しい,1,1,1,要注意,
錮,16,常用,コ,かた（い） ながわずら（い） ふさ（ぐ）,,,ふさぐ。とざす。　※不穏（禁錮等）なため不適切,1,1,1,要注意,
鑄,22,,チュウ シュ,い（る）,,,いる。※「鋳」の旧字体。※無機質すぎて不向き,1,1,1,要注意,
陷,,,,,,,,,,,要注意,
險,16,,ケン,けわ（しい）,,,けわしい。あやうい。※「険」の旧字体。※名付けに不適切,1,1,1,要注意,
雜,18,,ザツ ゾウ,ま（じる） ま（ぜる）,,,まじる。※「雑」の旧字体。※名付けに不適切,1,1,1,要注意,
騷,20,,ソウ,うれ（い） さわ（ぐ） ざわ（つく） ぞめ（く）,,,さわぐ。※「騒」の旧字体。※名付けに不適切,1,1,1,要注意,
驗,23,,ケン ゲン,あかし しるし ため（す）,,,しるし。※「験」の旧字体。※事務的すぎて不向き,1,1,1,要注意,
髮,15,,ハツ ホツ,かみ,,#調和,かみ。頭髪。※「髪」の旧字体。※解剖学的すぎて不適切,10,50,50,要注意,
鷄,21,,ケイ,にわとり とり,,,にわとり。※「鶏」の旧字体。※動物的すぎて不向き,1,1,1,要注意,
剝,10,常用,ハク ホク,は（がす） は（がれる） は（ぐ） は（げる） と（る） む（く）,,,むく。はぐ。　※名付けに不向き,1,1,1,要注意,
卽,9,,ソク ショク,すなわ（ち） つ（く）,,#調和,つく。すなわち。すぐ。※「即」の旧字。,10,50,50,要注意,
𠮟,5,常用,,じょ,,,しかる。声を出す。,1,1,1,要注意,
吞,7,,トン ドン,の（む）,,#調和,のむ。呑む。包み込む。,10,40,75,要注意,
塡,13,常用,テン チン,うず（まる） うず（める） は（まる） は（める） ふさ（がる） ふさ（ぐ）,,,うめる。ふさぐ。※「填」の異体字。※事務的すぎて不向き,1,1,1,要注意,
增,15,,ゾウ ソウ,ふ（える） ふ（やす） ま（す）,,#調和,ふえる。※「増」の旧字体。※事務的すぎて不向き,10,50,50,要注意,
巢,,,,,,,,,,,要注意,
徵,15,,チョウ チ,しるし め（す）,,,しるし。めす。※「徴」の旧字体。※事務的すぎて不向き,1,1,1,要注意,
揭,12,,ケイ,かか（げる）,,,かかげる。高く上げる。※「掲」の異体字。　※不向き,1,1,1,要注意,
摑,14,,カク,つか（む）,,,つかむ。手で握る。※「掴」の旧字体。※事務的すぎて不向き,1,1,1,要注意,
擊,17,,ゲキ ケキ,う（つ）,,,うつ。※「撃」の旧字体。※名付けに不適切,1,1,1,要注意,
晚,,,,,,,,,,,要注意,
橫,16,,オウ コウ,よこ よこ（たわる）,,#信念,よこ。※「横」の旧字体。※苗字の印象が強く不向き,10,50,50,要注意,
歷,16,,レキ リャク,へ（る）,,,へる。あきらか。※「歴」の旧字体。※事務的すぎて不向き,1,1,1,要注意,
每,7,,マイ バイ,ごと つね むさぼ（る）,,,つね。いつも。しきりに。※「毎」の旧字。,1,1,1,要注意,
涉,11,,ショウ,かか（わる） わた（る）,,,わたる。歩いて渡る。※「渉」の異体字。,1,1,1,要注意,
淚,,,,,,,,,,,要注意,
渴,12,,カツ ケツ,かわ（く） むさぼ（る）,,,かわく。渇く。※「渇」の異体字。※名付けに不適切,1,1,1,要注意,
焰,12,,エン,ほのお も（える）,,#飛躍,ほのお。燃え上がる火。※「焔」の異体字。※名付けには慎重に,40,50,50,要注意,
狀,8,,ジョウ,かきつけ かたち,,,ありさま。かたち。手紙。※「状」の異体字。,1,1,1,要注意,
瘦,15,,ソウ シュウ,や（せる） こ（ける） ほそ（い）,,#調和,やせる。※名付けに不適切,10,50,50,要注意,
簞,18,,タン,はこ ひさご わりご,,,はこの名。※「箪」の旧字体。※不向き,1,1,1,要注意,
萊,11,,ライ,あかざ あれち,,,あかざ。あかざ科の一年草。 荒れ地。草むら。 草を刈る。除草する。,1,1,1,要注意,
蔣,15,,ショウ,まこも,,,まこも。植物の名。※苗字の印象が強く慎重に,1,1,1,要注意,
虛,12,,キョ コ,うつ（ける） うつ（ろ） うろ むな（しい）,,,むなしい。うつろ。※「虚」の旧字体。※名付けに不適切,1,1,1,要注意,
蟬,18,,セン ゼン,うつく（しい） せみ つづ（く）,,,せみ。※「蝉」の旧字体。※動物的すぎて不向き,1,1,1,要注意,
蠟,21,,ロウ,,,,ろう。※事務的・物質的すぎて不向き,1,1,1,要注意,
醬,18,,ショウ,ししびしお ひしお,,,ひしお。※「醤」の旧字体。※日常的すぎて不向き,1,1,1,要注意,
錄,16,,ロク リョ リョク,しる（す）,,#知性,しるす。※「録」の旧字体。※事務的すぎて不向き,10,50,50,要注意,
頰,16,常用,キョウ,ほお,,#慈愛,ほお。※解剖学的すぎて不適切,10,50,50,要注意,
顚,19,,テン,いただき くつがえ（る） たお（れる）,,,いただく。※「顛」の旧字体。※不向き,1,1,1,要注意,
黑,12,,コク,くろ くろ（い）,,,くろ。黒い。※「黒」の旧字体。※名付けに不向き,1,1,1,要注意,
