漢字,分類,総合スコア,男スコア,女スコア,フラグ,判定,備考
一,"#調和",100,85,45,0,OK,
乙,"#品格 #色彩",40,55,55,0,OK,
九,"#調和",30,50,50,0,OK,
七,"#調和",70,85,35,0,OK,
十,"#調和 #飛躍",80,60,50,0,OK,
人,"#慈愛 #調和",85,50,75,0,OK,
二,"#調和",60,40,75,0,OK,
入,"",1,1,1,1,要注意,
八,"#調和",60,50,55,0,OK,
力,"#勇壮 #飛躍",80,100,30,0,OK,
刀,"#伝統 #勇壮",10,10,10,0,OK,
丁,"",10,60,50,0,OK,
宜,"#信念 #調和",65,65,55,0,OK,
了,"#知性 #飛躍",50,55,60,0,OK,
乃,"#信念",90,55,55,0,OK,
卜,"",1,1,1,1,要注意,
柾,"#伝統 #品格",65,60,50,0,OK,
口,"",1,1,1,1,要注意,
三,"#調和",50,55,55,0,OK,
山,"#自然",40,80,45,0,OK,
子,"#知性",85,50,55,0,OK,
女,"#慈愛 #色彩",10,30,85,0,OK,
殊,"#品格 #知性",10,80,50,0,OK,
上,"#品格 #飛躍",40,65,45,0,OK,
夕,"#天空",60,20,100,0,OK,
千,"#飛躍",90,55,60,0,OK,
川,"#水景",10,55,55,0,OK,
大,"#信念 #飛躍",100,75,45,0,OK,
土,"#自然",10,55,55,0,OK,
丸,"#調和",40,35,70,0,OK,
弓,"#伝統 #勇壮",50,80,45,0,OK,
工,"#知性",20,55,55,0,OK,
才,"#慈愛 #知性",60,55,55,0,OK,
万,"#調和 #飛躍",60,75,40,0,OK,
士,"#伝統 #品格",85,100,25,0,OK,
久,"#幸福",95,55,55,0,OK,
必,"#信念",10,60,55,0,OK,
己,"#信念",40,50,55,0,OK,
布,"",1,1,1,0,OK,
先,"#希望 #飛躍",60,100,20,0,OK,
合,"#慈愛 #調和",60,90,35,0,OK,
丈,"#勇壮 #品格",75,100,20,0,OK,
両,"#調和",10,10,10,0,OK,
与,"#慈愛 #調和",40,45,70,0,OK,
兆,"#希望 #飛躍",10,50,55,0,OK,
見,"#知性",60,65,55,0,OK,
作,"#信念 #知性",60,65,55,0,OK,
体,"",1,1,1,0,OK,
之,"#信念",90,55,55,0,OK,
改,"#信念",10,75,50,0,OK,
臣,"#伝統 #品格",60,85,40,0,OK,
也,"#信念",85,55,55,0,OK,
軌,"#調和",60,70,60,0,OK,
円,"#調和 #幸福",70,40,75,0,OK,
王,"#信念 #飛躍",20,20,20,0,OK,
眉,"",1,1,1,0,OK,
月,"#天空",85,20,100,0,OK,
犬,"",1,1,1,1,要注意,
胤,"#調和",60,55,55,0,OK,
手,"",1,1,1,1,要注意,
水,"#水景",75,55,55,0,OK,
中,"",10,65,55,0,OK,
天,"#天空",95,75,45,0,OK,
日,"#天空 #自然",90,85,35,0,OK,
木,"#自然",65,50,55,0,OK,
文,"#品格 #知性",95,55,55,0,OK,
馬,"#勇壮",60,100,25,0,OK,
郞,"#調和",10,35,70,0,OK,
五,"#調和",50,50,50,0,OK,
代,"#飛躍",50,55,55,0,OK,
元,"#品格",85,85,35,0,OK,
戸,"#調和",10,35,70,0,OK,
包,"#慈愛",10,10,10,0,OK,
公,"#品格 #調和",60,85,40,0,OK,
止,"",1,1,1,1,要注意,
可,"#調和",20,20,20,0,OK,
心,"#慈愛 #信念",90,60,55,0,OK,
切,"",1,1,1,1,要注意,
太,"#勇壮 #幸福",98,100,20,0,OK,
内,"#調和",10,65,55,0,OK,
父,"",1,1,1,1,要注意,
分,"#知性",10,10,10,0,OK,
方,"#信念 #品格",10,65,55,0,OK,
毛,"",1,1,1,1,要注意,
友,"#慈愛 #調和",95,60,60,0,OK,
如,"#調和",50,50,60,0,OK,
化,"",1,1,1,1,要注意,
反,"",1,1,1,1,要注意,
予,"#希望",40,50,55,0,OK,
欠,"",1,1,1,1,要注意,
氏,"",1,1,1,1,要注意,
固,"",1,1,1,0,OK,
夫,"#調和",60,35,70,0,OK,
支,"#調和",10,35,70,0,OK,
比,"#調和",10,10,10,0,OK,
仏,"",1,1,1,1,要注意,
津,"#水景",50,90,35,0,OK,
収,"#飛躍",1,1,1,0,OK,
仁,"#品格 #慈愛",100,45,70,0,OK,
介,"#慈愛",80,85,35,0,OK,
柑,"#自然",10,50,50,0,OK,
庸,"#調和",10,10,10,0,OK,
互,"#調和",10,40,75,0,OK,
禅,"#品格",50,45,70,0,OK,
丹,"#信念",80,30,95,0,OK,
匹,"",1,1,1,1,要注意,
閣,"",10,10,10,0,OK,
樫,"#自然",10,90,35,0,OK,
孔,"",1,1,1,0,OK,
檜,"#自然",10,90,35,0,OK,
双,"#調和",10,10,10,0,OK,
斗,"#天空",95,75,40,0,OK,
六,"#調和",10,10,10,0,OK,
升,"#飛躍",10,10,10,0,OK,
弔,"",1,1,1,1,要注意,
井,"",1,1,1,1,要注意,
申,"#調和",10,10,10,0,OK,
民,"#調和",40,45,70,0,OK,
卯,"#調和",10,10,10,0,OK,
西,"#調和",10,10,10,0,OK,
匂,"#色彩",40,20,100,0,OK,
衣,"#慈愛",40,25,85,0,OK,
允,"#信念 #品格",85,65,55,0,OK,
仲,"#慈愛",40,40,75,0,OK,
任,"#品格",40,75,45,0,OK,
舟,"#調和",40,35,70,0,OK,
亙,"#調和",40,80,45,0,OK,
巴,"#水景",10,10,10,0,OK,
男,"#勇壮",40,70,50,0,OK,
匁,"",1,1,1,1,要注意,
尤,"#飛躍",10,55,55,0,OK,
玉,"#品格 #色彩",75,25,85,0,OK,
左,"#品格 #慈愛",20,20,20,0,OK,
走,"#勇壮",40,85,30,0,OK,
出,"#飛躍",20,20,20,0,OK,
正,"#信念 #品格",100,65,55,0,OK,
生,"#知性 #自然",95,85,35,0,OK,
石,"#自然 #信念",10,10,10,0,OK,
身,"#勇壮",10,85,35,0,OK,
白,"#天空",85,30,90,0,OK,
本,"#自然",10,65,55,0,OK,
目,"#品格 #飛躍",20,55,55,0,OK,
右,"#品格 #慈愛",20,20,20,0,OK,
立,"#天空",75,85,30,0,OK,
外,"#信念",10,50,55,1,要注意,
兄,"",1,1,1,1,要注意,
芯,"#信念",40,85,35,0,OK,
広,"#飛躍",90,75,45,0,OK,
矢,"#勇壮 #信念",70,95,30,0,OK,
芭,"#調和",20,20,20,0,OK,
台,"",10,10,10,1,要注意,
冬,"#自然",60,55,80,0,OK,
半,"#幸福",30,50,50,1,要注意,
母,"",1,1,1,1,要注意,
芦,"#自然",10,10,10,0,OK,
用,"#知性",5,55,55,1,要注意,
央,"#調和",95,90,35,0,OK,
去,"",1,1,1,1,要注意,
述,"#調和",20,20,20,0,OK,
享,"#慈愛",20,20,20,0,OK,
奎,"#天空",40,55,55,0,OK,
書,"#知性",10,55,55,0,OK,
主,"#自然",60,75,45,0,OK,
浴,"#水景",1,1,1,1,要注意,
世,"#調和 #飛躍",95,75,40,0,OK,
畠,"#調和",10,10,10,0,OK,
船,"#調和",10,10,10,0,OK,
舵,"#調和",10,10,10,0,OK,
創,"#信念 #知性",80,80,80,0,OK,
氷,"#自然 #水景",10,55,55,0,OK,
平,"#品格",95,55,55,0,OK,
由,"#自然",90,50,60,0,OK,
礼,"#信念 #品格",95,60,50,0,OK,
以,"#飛躍",10,10,10,0,OK,
加,"#調和",75,85,35,0,OK,
功,"#勇壮 #飛躍",85,65,45,0,OK,
扉,"#調和",10,10,10,0,OK,
史,"#飛躍",95,55,55,0,OK,
司,"#品格",90,80,45,0,OK,
煉,"#調和",10,10,10,0,OK,
滴,"#調和",10,10,10,0,OK,
融,"#調和",20,20,20,0,OK,
辺,"#自然",10,10,10,0,OK,
制,"",1,1,1,1,要注意,
婦,"",1,1,1,1,要注意,
未,"#飛躍",80,50,55,0,OK,
虫,"",1,1,1,1,要注意,
令,"#品格",95,25,100,0,OK,
条,"",40,40,40,0,OK,
永,"#幸福",98,55,55,0,OK,
姉,"",1,1,1,1,要注意,
妹,"",1,1,1,1,要注意,
取,"",1,1,1,1,要注意,
句,"#知性 #伝統",10,10,10,0,OK,
非,"",1,1,1,1,要注意,
泡,"",1,1,1,1,要注意,
昼,"#調和",10,80,40,0,OK,
弁,"#知性",10,55,55,0,OK,
点,"",1,1,1,1,要注意,
炭,"",1,1,1,1,要注意,
班,"",1,1,1,1,要注意,
荻,"#自然",10,50,50,0,OK,
幼,"#慈愛",10,50,60,0,OK,
甘,"#信念",20,35,75,0,OK,
丘,"#自然",10,10,10,0,OK,
巨,"#飛躍 #勇壮",75,75,45,0,OK,
玄,"#品格 #知性",85,50,75,0,OK,
産,"",1,1,1,1,要注意,
紹,"#調和",20,20,20,0,OK,
占,"#知性",10,50,75,1,要注意,
奴,"",1,1,1,1,要注意,
払,"",1,1,1,1,要注意,
矛,"",1,1,1,1,要注意,
甲,"#勇壮 #伝統",20,20,20,0,OK,
巧,"#知性",20,20,20,0,OK,
椰,"#自然",10,50,55,0,OK,
缶,"",1,1,1,1,要注意,
低,"",1,1,1,1,要注意,
辛,"",1,1,1,1,要注意,
汁,"",1,1,1,1,要注意,
仙,"#品格 #自然",70,50,75,0,OK,
店,"",1,1,1,1,要注意,
尼,"",1,1,1,1,要注意,
炊,"",1,1,1,1,要注意,
尻,"",1,1,1,1,要注意,
旦,"#天空",80,50,55,0,OK,
無,"",1,1,1,1,要注意,
氾,"#飛躍",10,50,50,1,要注意,
下,"#調和",10,50,50,1,要注意,
叶,"#調和",95,55,60,0,OK,
弘,"#飛躍",95,80,45,0,OK,
小,"#調和",30,60,50,0,OK,
巳,"#調和",10,50,50,0,OK,
今,"",10,55,55,0,OK,
区,"",1,1,1,1,要注意,
凧,"#飛躍",10,55,55,1,要注意,
汀,"#水景 #自然",10,10,10,0,OK,
不,"",1,1,1,1,要注意,
刈,"",1,1,1,1,要注意,
壬,"#飛躍",30,50,50,0,OK,
休,"#調和 #幸福",10,55,55,0,OK,
気,"#希望",70,85,35,0,OK,
糸,"#自然",20,20,20,0,OK,
字,"#知性",20,20,20,0,OK,
丑,"",10,50,50,0,OK,
四,"",10,10,10,0,OK,
田,"#自然",40,40,40,0,OK,
竹,"#自然",40,40,40,0,OK,
北,"",10,10,10,0,OK,
年,"#天空 #飛躍",50,55,55,0,OK,
百,"",20,20,20,0,OK,
名,"#品格 #飛躍",90,75,45,0,OK,
羽,"#飛躍 #自然",80,50,55,0,OK,
会,"#調和",95,60,60,0,OK,
回,"",10,90,35,0,OK,
交,"#調和",20,20,20,0,OK,
光,"#希望 #飛躍",100,65,50,0,OK,
考,"#知性",20,20,20,0,OK,
行,"#飛躍",20,20,20,0,OK,
他,"",1,1,1,1,要注意,
皮,"",1,1,1,1,要注意,
自,"",10,10,10,0,OK,
色,"#色彩",75,30,90,0,OK,
失,"",1,1,1,1,要注意,
多,"#飛躍",80,55,60,0,OK,
池,"#自然 #水景",20,20,20,0,OK,
地,"#自然",10,10,10,0,OK,
当,"",10,10,10,0,OK,
同,"#調和",10,10,10,0,OK,
圧,"",1,1,1,1,要注意,
刊,"",10,50,50,1,要注意,
犯,"",1,1,1,1,要注意,
安,"#調和 #幸福",95,55,55,0,OK,
穴,"",1,1,1,1,要注意,
斥,"",1,1,1,1,要注意,
向,"#飛躍",40,40,40,0,OK,
死,"",1,1,1,1,要注意,
凹,"",1,1,1,1,要注意,
式,"#伝統",10,60,50,0,OK,
守,"#信念 #調和",85,85,40,0,OK,
州,"#水景",20,20,20,0,OK,
全,"#調和 #飛躍",50,65,55,0,OK,
有,"#調和",80,80,80,0,OK,
羊,"#自然 #幸福",20,20,20,0,OK,
禾,"#自然",20,20,20,0,OK,
耳,"",10,10,10,0,OK,
早,"#希望 #飛躍",30,85,30,0,OK,
肉,"",1,1,1,1,要注意,
米,"#自然",10,50,55,0,OK,
共,"#調和",10,10,10,0,OK,
好,"#幸福 #調和",80,70,55,0,OK,
成,"#飛躍",95,65,50,0,OK,
争,"",1,1,1,1,要注意,
血,"",1,1,1,1,要注意,
次,"#調和",20,20,20,0,OK,
伝,"#伝統",50,35,70,0,OK,
灯,"#色彩 #希望",50,55,55,0,OK,
老,"#伝統 #知性",10,90,35,1,要注意,
列,"",10,50,50,1,要注意,
仮,"#飛躍",10,50,50,1,要注意,
因,"",1,1,1,1,要注意,
件,"#調和",10,50,50,1,要注意,
在,"#品格",60,55,60,0,OK,
舌,"",1,1,1,1,要注意,
団,"#調和",10,40,75,0,OK,
灰,"",1,1,1,1,要注意,
宇,"#天空",95,70,60,0,OK,
吸,"#調和",10,50,50,1,要注意,
汚,"",1,1,1,1,要注意,
旨,"#調和",20,20,20,0,OK,
吏,"#品格",40,40,40,0,OK,
亥,"#調和",10,50,50,0,OK,
至,"#飛躍",90,60,50,0,OK,
存,"#慈愛",10,90,35,0,OK,
何,"",1,1,1,1,要注意,
扱,"#飛躍",10,50,50,1,要注意,
芋,"",1,1,1,1,要注意,
社,"#調和",30,85,40,0,OK,
汗,"",1,1,1,1,要注意,
住,"#調和",10,55,55,0,OK,
役,"#調和",10,50,50,1,要注意,
仰,"#品格",10,60,55,0,OK,
応,"#調和",30,85,40,0,OK,
芝,"#幸福",20,25,90,0,OK,
朱,"#色彩",80,25,85,0,OK,
似,"#調和",10,50,50,1,要注意,
更,"#調和",20,20,20,0,OK,
旬,"#飛躍",10,50,50,0,OK,
弄,"#調和",10,25,100,1,要注意,
吐,"",1,1,1,1,要注意,
伽,"#調和",10,20,100,0,OK,
板,"",1,1,1,1,要注意,
油,"",1,1,1,1,要注意,
企,"#天空",10,50,50,1,要注意,
吉,"#品格 #天空",90,50,55,0,OK,
刷,"",1,1,1,1,要注意,
往,"#調和",10,85,30,0,OK,
匠,"#伝統 #品格",85,55,55,0,OK,
価,"#調和",10,50,50,1,要注意,
帆,"#勇壮 #水景",100,65,45,0,OK,
伏,"#勇壮",40,55,60,0,OK,
版,"",1,1,1,1,要注意,
拡,"#信念",30,75,45,0,OK,
江,"#水景",65,75,40,0,OK,
充,"#飛躍",40,40,40,0,OK,
迅,"#勇壮",90,85,30,0,OK,
壮,"#品格 #飛躍",95,100,20,0,OK,
枚,"",1,1,1,1,要注意,
妃,"#信念 #品格",65,45,65,0,OK,
朴,"#自然",10,95,30,0,OK,
押,"",1,1,1,1,要注意,
伎,"#知性",10,55,55,0,OK,
況,"",1,1,1,1,要注意,
汎,"#飛躍",60,40,75,0,OK,
伊,"#調和",85,55,55,0,OK,
夷,"",10,55,60,1,要注意,
到,"#調和",30,75,45,0,OK,
拍,"#調和",20,20,20,0,OK,
瓜,"#自然",10,50,50,1,要注意,
怖,"",1,1,1,1,要注意,
匡,"#信念 #品格",90,85,40,0,OK,
旭,"#飛躍 #希望",98,60,55,0,OK,
圭,"#品格",85,30,90,0,OK,
伍,"#調和",10,55,55,0,OK,
肪,"",1,1,1,1,要注意,
亘,"#調和 #飛躍",90,80,45,0,OK,
怪,"",1,1,1,1,要注意,
邪,"",1,1,1,1,要注意,
抽,"#調和",10,50,50,1,要注意,
汝,"",1,1,1,1,要注意,
丞,"#慈愛",75,65,55,0,OK,
拐,"",1,1,1,1,要注意,
汐,"#水景",65,25,100,0,OK,
劾,"",1,1,1,1,要注意,
拒,"",1,1,1,1,要注意,
奔,"#調和",20,20,20,0,OK,
凪,"#水景",85,60,60,0,OK,
苛,"",1,1,1,1,要注意,
県,"#調和",1,1,1,1,要注意,
花,"#幸福 #色彩",95,30,90,0,OK,
指,"#調和",10,50,50,1,要注意,
秒,"#調和",10,50,50,1,要注意,
車,"#自然",10,10,10,0,OK,
赤,"#信念",20,20,20,0,OK,
胃,"",1,1,1,1,要注意,
型,"#調和",20,20,20,1,要注意,
昨,"",1,1,1,1,要注意,
逆,"",1,1,1,1,要注意,
限,"",1,1,1,1,要注意,
退,"",1,1,1,1,要注意,
段,"#調和",10,50,50,1,要注意,
近,"#信念",10,65,55,0,OK,
卸,"",1,1,1,1,要注意,
言,"#知性",90,65,55,0,OK,
谷,"#自然",65,45,70,0,OK,
垣,"#調和",10,75,40,0,OK,
挟,"",1,1,1,1,要注意,
図,"#知性",10,70,50,0,OK,
声,"#品格",10,90,35,0,OK,
砕,"",1,1,1,1,要注意,
咽,"",1,1,1,1,要注意,
弟,"",1,1,1,1,要注意,
俠,"#調和",10,100,20,0,OK,
帰,"",1,1,1,1,要注意,
来,"#慈愛",85,75,45,0,OK,
里,"#自然 #調和",80,60,85,0,OK,
員,"#調和",10,10,10,1,要注意,
究,"#知性",50,70,50,0,OK,
荷,"",1,1,1,1,要注意,
君,"#品格",95,90,45,0,OK,
消,"",1,1,1,1,要注意,
旅,"#調和",30,55,85,0,OK,
助,"#勇壮 #慈愛",75,35,70,0,OK,
害,"",1,1,1,1,要注意,
対,"#調和",10,55,55,1,要注意,
投,"#飛躍",10,60,60,0,OK,
差,"",1,1,1,1,要注意,
残,"",1,1,1,1,要注意,
返,"#調和",10,50,55,1,要注意,
個,"",1,1,1,1,要注意,
位,"#品格",30,50,70,0,OK,
値,"",1,1,1,1,要注意,
展,"#調和",40,40,40,0,OK,
完,"#幸福",80,65,55,0,OK,
希,"#幸福 #飛躍",95,55,60,0,OK,
求,"#信念 #飛躍",75,65,45,0,OK,
芸,"#知性 #自然",80,55,55,0,OK,
秘,"",1,1,1,1,要注意,
材,"#知性",10,80,45,0,OK,
児,"#自然",40,40,40,0,OK,
初,"#希望 #飛躍",95,95,35,0,OK,
恐,"",1,1,1,1,要注意,
折,"#信念",10,85,30,1,要注意,
致,"#調和",10,10,10,0,OK,
胴,"",1,1,1,1,要注意,
努,"#勇壮 #飛躍",90,100,25,0,OK,
兵,"#勇壮",10,90,35,0,OK,
被,"",1,1,1,1,要注意,
利,"#知性",40,40,40,0,OK,
良,"#品格 #飛躍",100,65,55,0,OK,
疲,"",1,1,1,1,要注意,
労,"#慈愛",10,75,45,1,要注意,
捕,"",1,1,1,1,要注意,
快,"#希望 #飛躍",90,100,30,0,OK,
技,"#知性",10,70,50,0,OK,
均,"#調和",10,10,10,0,OK,
既,"",1,1,1,1,要注意,
志,"#信念 #希望",100,95,35,0,OK,
陥,"",1,1,1,1,要注意,
序,"#調和",10,60,60,0,OK,
宵,"#調和",10,25,100,0,OK,
畝,"#調和",10,50,50,1,要注意,
判,"",1,1,1,1,要注意,
逐,"",1,1,1,1,要注意,
挨,"",1,1,1,1,要注意,
俺,"",1,1,1,1,要注意,
峨,"#調和",10,90,35,0,OK,
孝,"#慈愛",95,60,50,0,OK,
啄,"#調和",10,70,55,0,OK,
黒,"",1,1,1,1,要注意,
週,"",1,1,1,1,要注意,
批,"",1,1,1,1,要注意,
忘,"#信念",10,35,75,1,要注意,
悪,"",1,1,1,1,要注意,
乱,"",1,1,1,1,要注意,
壱,"#伝統 #信念",60,60,50,0,OK,
第,"",1,1,1,1,要注意,
含,"#品格",10,35,70,0,OK,
帳,"",1,1,1,1,要注意,
狂,"",1,1,1,1,要注意,
迎,"#信念",20,20,20,0,OK,
問,"",1,1,1,1,要注意,
貨,"",1,1,1,1,要注意,
攻,"#飛躍",20,20,20,1,要注意,
械,"",1,1,1,1,要注意,
秀,"#品格 #飛躍",98,45,85,0,OK,
停,"",1,1,1,1,要注意,
敗,"",1,1,1,1,要注意,
移,"",1,1,1,1,要注意,
沢,"#慈愛 #水景",40,35,75,0,OK,
沖,"#水景 #飛躍",10,80,45,0,OK,
沈,"#調和 #信念",10,55,60,1,要注意,
抜,"#品格 #飛躍",10,70,50,0,OK,
液,"",1,1,1,1,要注意,
険,"",1,1,1,1,要注意,
妙,"#知性 #色彩",70,50,75,0,OK,
肝,"#信念",10,45,70,1,要注意,
異,"",1,1,1,1,要注意,
域,"#調和",10,50,50,1,要注意,
閉,"",1,1,1,1,要注意,
克,"#信念 #知性",40,40,40,0,OK,
寿,"#幸福 #伝統",98,55,60,0,OK,
伸,"#飛躍",95,75,50,0,OK,
訪,"",1,1,1,1,要注意,
訳,"",1,1,1,1,要注意,
脚,"",1,1,1,1,要注意,
伴,"#調和",10,60,60,0,OK,
芳,"#品格 #色彩",95,35,95,0,OK,
邦,"#品格",65,75,40,0,OK,
掘,"",1,1,1,1,要注意,
斜,"",1,1,1,1,要注意,
抑,"#信念",10,55,60,1,要注意,
励,"#勇壮 #飛躍",90,100,25,0,OK,
亜,"#品格 #調和",10,10,10,0,OK,
吟,"#品格",10,10,10,0,OK,
販,"",1,1,1,1,要注意,
佐,"#慈愛",95,90,45,0,OK,
赦,"",1,1,1,1,要注意,
袋,"",1,1,1,1,要注意,
杉,"#自然",10,50,55,0,OK,
妥,"#慈愛",10,65,55,1,要注意,
窒,"",1,1,1,1,要注意,
陳,"",1,1,1,1,要注意,
豚,"",1,1,1,1,要注意,
忍,"#信念 #勇壮",85,85,35,0,OK,
排,"",1,1,1,1,要注意,
符,"",1,1,1,1,要注意,
伯,"#品格",10,10,10,0,OK,
扶,"#勇壮 #慈愛",10,10,10,0,OK,
戻,"",1,1,1,1,要注意,
串,"",1,1,1,1,要注意,
沙,"#水景 #自然",90,60,60,0,OK,
渇,"",1,1,1,1,要注意,
偽,"",1,1,1,1,要注意,
那,"#色彩",95,25,85,0,OK,
偵,"",1,1,1,1,要注意,
猫,"",1,1,1,1,要注意,
冶,"#知性",10,30,90,0,OK,
妖,"",1,1,1,1,要注意,
萎,"",1,1,1,1,要注意,
呂,"#調和",10,10,10,0,OK,
崖,"",1,1,1,1,要注意,
杏,"#自然",70,10,100,0,OK,
佑,"#慈愛",90,45,75,0,OK,
舷,"#水景",10,80,45,0,OK,
猪,"",1,1,1,1,要注意,
芥,"",1,1,1,1,要注意,
飲,"",1,1,1,1,要注意,
歯,"",1,1,1,1,要注意,
暑,"",1,1,1,1,要注意,
玖,"#色彩",90,25,85,0,OK,
亨,"#飛躍",95,65,50,0,OK,
筆,"",1,1,1,1,要注意,
芹,"#水景",60,60,50,0,OK,
冴,"#知性 #品格",95,60,60,0,OK,
吾,"#信念",85,50,55,0,OK,
宏,"#飛躍",90,80,45,0,OK,
最,"",1,1,1,1,要注意,
孜,"#勇壮 #飛躍",80,80,50,0,OK,
灼,"#希望 #勇壮",10,80,40,1,要注意,
散,"",1,1,1,1,要注意,
辰,"#飛躍",98,75,40,0,OK,
杜,"#自然",10,75,40,0,OK,
貯,"",1,1,1,1,要注意,
佃,"#自然",10,65,45,1,要注意,
飯,"",1,1,1,1,要注意,
兎,"#自然",10,50,50,0,OK,
過,"",1,1,1,1,要注意,
減,"",1,1,1,1,要注意,
庇,"#慈愛 #水景",10,80,45,1,要注意,
甫,"#飛躍",85,75,45,0,OK,
芙,"#色彩",80,20,100,0,OK,
貸,"",1,1,1,1,要注意,
牡,"#勇壮 #自然",10,25,85,0,OK,
割,"",1,1,1,1,要注意,
李,"#自然",90,60,50,0,OK,
伶,"#知性",75,55,55,0,OK,
衆,"",1,1,1,1,要注意,
補,"",1,1,1,1,要注意,
佛,"",1,1,1,1,要注意,
壯,"#品格 #飛躍",10,85,30,0,OK,
棒,"",1,1,1,1,要注意,
步,"#飛躍",10,70,55,0,OK,
握,"",1,1,1,1,要注意,
雨,"#水景 #自然",30,35,70,0,OK,
学,"#知性",90,70,50,0,OK,
空,"#天空 #飛躍",100,80,50,0,OK,
金,"#色彩 #希望",90,20,100,0,OK,
青,"#色彩",95,25,90,0,OK,
林,"#自然 #飛躍",70,50,50,0,OK,
替,"",1,1,1,1,要注意,
岩,"#自然",10,85,30,0,OK,
京,"#自然",50,50,50,0,OK,
国,"#品格",70,75,40,0,OK,
弾,"#飛躍",10,50,30,0,OK,
知,"#知性",100,100,35,0,OK,
長,"#品格",85,80,50,0,OK,
直,"#信念 #品格",95,100,25,0,OK,
遅,"",1,1,1,1,要注意,
東,"#自然",40,50,55,0,OK,
歩,"#飛躍",90,100,30,0,OK,
幅,"",1,1,1,1,要注意,
明,"#希望 #知性",100,55,65,0,OK,
門,"#信念 #品格",30,75,40,0,OK,
帽,"",1,1,1,1,要注意,
委,"#信念 #色彩",10,60,50,1,要注意,
育,"#慈愛 #希望",95,35,75,0,OK,
換,"",1,1,1,1,要注意,
喫,"",1,1,1,1,要注意,
苦,"",1,1,1,1,要注意,
焦,"",1,1,1,1,要注意,
幸,"#慈愛 #水景",100,50,55,0,OK,
始,"#幸福 #飛躍",90,60,55,0,OK,
酢,"",1,1,1,1,要注意,
塀,"",1,1,1,1,要注意,
実,"#信念 #飛躍",100,75,45,0,OK,
猪,"",1,1,1,1,要注意,
数,"",1,1,1,1,要注意,
電,"#飛躍",10,30,10,0,OK,
受,"#品格",10,45,70,0,OK,
暗,"",1,1,1,1,要注意,
注,"#信念",10,75,45,0,OK,
定,"#信念",80,55,60,0,OK,
波,"#水景",85,90,35,0,OK,
農,"",1,1,1,1,要注意,
表,"#信念 #知性",10,50,30,0,OK,
塩,"",1,1,1,1,要注意,
物,"#知性",10,50,55,1,要注意,
放,"#飛躍",10,75,45,1,要注意,
置,"",1,1,1,1,要注意,
命,"#幸福 #飛躍",50,85,35,0,OK,
墓,"",1,1,1,1,要注意,
和,"#伝統 #水景",100,65,55,0,OK,
英,"#品格 #色彩",100,45,85,0,OK,
果,"#信念 #飛躍",85,65,50,0,OK,
芽,"#慈愛 #飛躍",95,50,55,0,OK,
署,"#調和",10,50,50,1,要注意,
季,"#自然",40,40,40,0,OK,
傷,"",1,1,1,1,要注意,
協,"#調和",10,10,10,0,OK,
賃,"",1,1,1,1,要注意,
違,"",1,1,1,1,要注意,
煙,"",1,1,1,1,要注意,
参,"#品格 #調和",40,40,40,0,OK,
治,"#信念 #品格",95,80,45,0,OK,
周,"#調和",40,40,40,0,OK,
松,"#幸福 #飛躍",95,55,55,0,OK,
鉛,"",1,1,1,1,要注意,
暇,"",1,1,1,1,要注意,
較,"",1,1,1,1,要注意,
典,"#品格 #飛躍",80,55,55,0,OK,
毒,"",1,1,1,1,要注意,
念,"#信念",10,100,30,0,OK,
府,"#品格",10,50,50,1,要注意,
法,"#品格 #知性",40,40,40,0,OK,
傾,"",1,1,1,1,要注意,
例,"#調和",10,50,50,1,要注意,
易,"#慈愛",10,60,60,0,OK,
遣,"",1,1,1,1,要注意,
飾,"",1,1,1,1,要注意,
河,"#水景",70,75,40,0,OK,
触,"",1,1,1,1,要注意,
嫁,"",1,1,1,1,要注意,
塊,"",1,1,1,1,要注意,
該,"",1,1,1,1,要注意,
枝,"#自然",60,35,70,0,OK,
舎,"#調和",10,55,55,1,要注意,
携,"",1,1,1,1,要注意,
承,"#品格 #飛躍",85,60,55,0,OK,
債,"",1,1,1,1,要注意,
搾,"",1,1,1,1,要注意,
滞,"",1,1,1,1,要注意,
猿,"",1,1,1,1,要注意,
肥,"#幸福 #飛躍",10,10,10,1,要注意,
褐,"",1,1,1,1,要注意,
武,"#品格 #飛躍",40,40,40,0,OK,
睡,"",1,1,1,1,要注意,
延,"#幸福",60,90,35,0,OK,
頓,"",1,1,1,1,要注意,
供,"#自然",10,45,70,1,要注意,
算,"",1,1,1,1,要注意,
読,"",1,1,1,1,要注意,
若,"#知性",40,40,40,0,OK,
宗,"#自然",95,75,40,0,OK,
垂,"#幸福",10,55,55,1,要注意,
駅,"",1,1,1,1,要注意,
宙,"#天空 #飛躍",90,75,45,0,OK,
忠,"#信念 #品格",95,60,50,0,OK,
届,"#飛躍",10,50,50,1,要注意,
乳,"#調和",10,10,10,1,要注意,
鼻,"",1,1,1,1,要注意,
並,"#調和",10,10,10,0,OK,
宝,"#慈愛",100,20,100,0,OK,
漁,"",1,1,1,1,要注意,
慣,"",1,1,1,1,要注意,
酸,"",1,1,1,1,要注意,
奇,"#信念 #慈愛",10,55,60,0,OK,
祈,"#信念 #幸福",85,50,60,0,OK,
態,"",1,1,1,1,要注意,
銅,"",1,1,1,1,要注意,
屈,"",1,1,1,1,要注意,
肩,"",1,1,1,1,要注意,
疑,"",1,1,1,1,要注意,
沼,"",1,1,1,1,要注意,
征,"#勇壮 #飛躍",75,100,25,0,OK,
姓,"#品格",10,50,50,1,要注意,
拓,"#飛躍",95,100,30,0,OK,
誤,"",1,1,1,1,要注意,
模,"",1,1,1,1,要注意,
突,"#信念",10,85,30,1,要注意,
漫,"",1,1,1,1,要注意,
泊,"#水景",10,55,60,1,要注意,
概,"#調和",10,50,50,1,要注意,
劇,"",1,1,1,1,要注意,
監,"",1,1,1,1,要注意,
抱,"#信念",10,60,55,0,OK,
戯,"",1,1,1,1,要注意,
茂,"#品格 #飛躍",40,40,40,0,OK,
炎,"",1,1,1,1,要注意,
餓,"",1,1,1,1,要注意,
緩,"#調和",10,50,50,0,OK,
佳,"#品格 #色彩",98,45,85,0,OK,
緊,"",1,1,1,1,要注意,
岳,"#自然",40,40,40,0,OK,
拘,"",1,1,1,1,要注意,
祉,"#幸福",70,35,75,0,OK,
侍,"#勇壮",40,40,40,0,OK,
撮,"",1,1,1,1,要注意,
昇,"#飛躍",100,60,55,0,OK,
暫,"",1,1,1,1,要注意,
阻,"",1,1,1,1,要注意,
卓,"#飛躍",40,40,40,0,OK,
謁,"",1,1,1,1,要注意,
泌,"",1,1,1,1,要注意,
苗,"#自然",40,40,40,0,OK,
奉,"#品格 #慈愛",10,60,50,0,OK,
房,"#色彩",10,10,10,0,OK,
縄,"#調和",10,50,50,1,要注意,
賠,"",1,1,1,1,要注意,
幣,"",1,1,1,1,要注意,
弊,"",1,1,1,1,要注意,
薬,"",1,1,1,1,要注意,
輸,"",1,1,1,1,要注意,
緯,"#調和",10,50,50,0,OK,
茎,"#自然",10,50,55,0,OK,
弦,"#品格 #伝統",85,60,60,0,OK,
壊,"",1,1,1,1,要注意,
薄,"",1,1,1,1,要注意,
避,"",1,1,1,1,要注意,
縫,"#調和",10,20,80,0,OK,
尚,"#飛躍",98,75,45,0,OK,
枢,"#信念",10,80,45,0,OK,
斉,"#品格 #調和",90,90,45,0,OK,
析,"#知性",10,55,55,0,OK,
犠,"",1,1,1,1,要注意,
擬,"",1,1,1,1,要注意,
邸,"#品格",10,55,55,1,要注意,
曖,"",1,1,1,1,要注意,
類,"",1,1,1,1,要注意,
離,"",1,1,1,1,要注意,
願,"#信念",10,50,50,1,要注意,
髄,"",1,1,1,1,要注意,
驚,"",1,1,1,1,要注意,
戒,"",1,1,1,1,要注意,
免,"",1,1,1,1,要注意,
娠,"",1,1,1,1,要注意,
習,"#調和",40,40,40,0,OK,
岬,"#水景",40,40,40,0,OK,
窓,"#調和",10,55,60,1,要注意,
翌,"#調和",10,10,10,0,OK,
宛,"#調和",10,50,50,1,要注意,
旺,"#希望 #飛躍",90,95,35,0,OK,
岡,"#自然",10,50,50,0,OK,
詞,"#知性 #調和",40,50,80,0,OK,
旗,"#調和",10,10,10,0,OK,
巫,"#調和",10,45,70,1,要注意,
虎,"#勇壮",40,40,40,0,OK,
采,"#色彩",95,55,80,0,OK,
刹,"#知性",5,50,55,1,要注意,
呪,"",1,1,1,1,要注意,
拙,"",1,1,1,1,要注意,
曾,"#調和",10,35,70,1,要注意,
奈,"#自然 #色彩",100,25,85,0,OK,
阜,"#飛躍",10,10,10,1,要注意,
殿,"",1,1,1,1,要注意,
弥,"#飛躍 #幸福",100,55,55,0,OK,
及,"",1,1,1,1,要注意,
阿,"#幸福 #慈愛",10,35,70,0,OK,
苑,"#自然",40,40,40,0,OK,
火,"#調和",10,85,30,0,OK,
引,"#調和",10,100,25,0,OK,
茄,"#自然",10,50,50,0,OK,
侃,"#信念 #勇壮",40,95,35,0,OK,
牛,"#調和",10,10,10,0,OK,
牙,"#調和",10,85,30,0,OK,
祁,"#飛躍",10,75,45,0,OK,
尭,"#品格 #飛躍",90,70,55,0,OK,
欣,"#幸福",85,85,35,0,OK,
爪,"#調和",10,50,50,1,要注意,
昂,"#希望 #飛躍",95,100,25,0,OK,
古,"#伝統",20,55,55,0,OK,
市,"#調和",10,10,10,0,OK,
付,"#調和",10,10,10,0,OK,
昏,"",1,1,1,1,要注意,
末,"#調和",10,65,50,0,OK,
竺,"#自然",10,50,50,0,OK,
示,"#調和",10,10,10,0,OK,
昌,"#品格 #飛躍",100,60,55,0,OK,
帖,"",1,1,1,1,要注意,
処,"",1,1,1,1,要注意,
苔,"",1,1,1,1,要注意,
坦,"",1,1,1,1,要注意,
丙,"",1,1,1,1,要注意,
仔,"",1,1,1,1,要注意,
杷,"#自然",10,50,50,0,OK,
枇,"#自然",10,50,50,0,OK,
印,"",1,1,1,1,要注意,
朋,"#知性 #調和",90,45,70,0,OK,
孟,"#品格 #飛躍",85,80,45,0,OK,
茅,"#自然",30,50,50,0,OK,
再,"",1,1,1,1,要注意,
怜,"#慈愛 #知性",95,30,90,0,OK,
或,"",1,1,1,1,要注意,
侑,"#品格 #慈愛",90,45,70,0,OK,
昊,"#希望 #飛躍",98,75,45,0,OK,
茉,"#自然 #色彩",100,25,85,0,OK,
苺,"#自然 #色彩",95,25,85,0,OK,
迪,"#信念",60,50,50,0,OK,
穹,"#飛躍",10,50,50,0,OK,
來,"#調和",60,50,50,0,OK,
亞,"#調和",60,50,50,0,OK,
兒,"",1,1,1,1,要注意,
拔,"",1,1,1,1,要注意,
卷,"",1,1,1,1,要注意,
拂,"",1,1,1,1,要注意,
爭,"",1,1,1,1,要注意,
后,"",1,1,1,1,要注意,
尽,"",1,1,1,1,要注意,
曳,"",1,1,1,1,要注意,
音,"#奏楽 #調和",98,60,60,0,OK,
草,"#自然",40,40,40,0,OK,
科,"#知性",10,50,50,0,OK,
海,"#水景",40,40,40,0,OK,
活,"#幸福 #飛躍",60,85,30,0,OK,
計,"#知性",10,10,10,1,要注意,
亦,"",1,1,1,1,要注意,
牟,"",1,1,1,1,要注意,
首,"#品格",5,95,40,1,要注意,
秋,"#自然 #色彩",90,20,100,0,OK,
春,"#希望 #飛躍",100,50,55,0,OK,
食,"",1,1,1,1,要注意,
星,"#天空",100,60,55,0,OK,
前,"#品格",15,65,50,0,OK,
茶,"#自然",10,50,50,0,OK,
貝,"",1,1,1,1,要注意,
足,"#調和",20,100,35,0,OK,
南,"#自然 #飛躍",85,75,40,0,OK,
風,"#自然 #飛躍",95,50,55,0,OK,
角,"#調和",10,55,60,0,OK,
汽,"",1,1,1,1,要注意,
麦,"#自然 #調和",10,50,50,0,OK,
急,"",1,1,1,1,要注意,
決,"#調和",10,85,30,0,OK,
豆,"#調和",10,60,50,0,OK,
囲,"",1,1,1,1,要注意,
研,"#飛躍",90,70,50,0,OK,
私,"",1,1,1,1,要注意,
持,"#勇壮",10,55,55,0,OK,
吹,"",1,1,1,1,要注意,
重,"#品格 #慈愛",65,55,60,0,OK,
昭,"#希望 #色彩",100,65,60,0,OK,
乗,"#知性",10,10,10,0,OK,
神,"#信念 #品格",50,50,75,0,OK,
相,"#慈愛 #調和",40,40,40,0,OK,
抄,"",1,1,1,1,要注意,
但,"",1,1,1,1,要注意,
廷,"",1,1,1,1,要注意,
柱,"#品格 #自然",10,100,25,0,OK,
追,"#信念 #飛躍",10,65,45,1,要注意,
度,"#品格",10,50,50,0,OK,
畑,"",1,1,1,1,要注意,
発,"",1,1,1,1,要注意,
美,"#品格 #色彩",100,60,70,0,OK,
沃,"#自然",10,50,50,0,OK,
品,"#品格 #知性",10,55,65,0,OK,
酉,"",1,1,1,1,要注意,
画,"",1,1,1,1,要注意,
洋,"#水景 #飛躍",100,80,50,0,OK,
泳,"",1,1,1,1,要注意,
栄,"#品格 #飛躍",100,60,55,0,OK,
紀,"#品格 #伝統",60,50,50,0,OK,
居,"",1,1,1,1,要注意,
性,"",1,1,1,1,要注意,
建,"#信念",60,50,50,0,OK,
律,"#信念 #奏楽",95,70,60,0,OK,
刻,"#調和",10,65,50,0,OK,
祝,"#幸福",60,50,50,0,OK,
省,"#信念",10,50,50,0,OK,
信,"#信念 #品格",40,40,40,0,OK,
浅,"",1,1,1,1,要注意,
単,"",1,1,1,1,要注意,
飛,"#勇壮 #飛躍",95,100,30,0,OK,
欧,"#調和",10,50,50,0,OK,
便,"",1,1,1,1,要注意,
泥,"",1,1,1,1,要注意,
勇,"#信念 #勇壮",100,85,30,0,OK,
沸,"#調和",10,85,30,1,要注意,
於,"#調和",10,55,55,0,OK,
沫,"",1,1,1,1,要注意,
係,"#調和",10,10,10,1,要注意,
厚,"#幸福 #慈愛",95,45,75,0,OK,
査,"",40,50,50,0,OK,
政,"#品格 #調和",90,90,45,0,OK,
峠,"#調和",10,50,50,1,要注意,
則,"#品格 #知性",60,70,60,0,OK,
胎,"",1,1,1,1,要注意,
封,"#調和",10,90,35,0,OK,
保,"#慈愛 #調和",90,100,25,0,OK,
籾,"#調和",10,50,50,1,要注意,
映,"#色彩 #飛躍",100,20,95,0,OK,
革,"#勇壮 #自然",10,90,35,1,要注意,
納,"",40,50,50,0,OK,
巻,"#色彩",40,40,40,1,要注意,
皇,"#品格 #飛躍",95,60,75,0,OK,
紅,"#色彩",85,25,85,0,OK,
陛,"#調和",10,45,65,1,要注意,
姿,"#知性",10,40,100,0,OK,
城,"#勇壮 #品格",75,100,25,0,OK,
陣,"#調和",10,100,20,0,OK,
宣,"#自然",65,55,55,0,OK,
紡,"#調和",20,60,60,0,OK,
泉,"#水景 #自然",100,85,35,0,OK,
倭,"#伝統",10,10,10,0,OK,
奏,"#奏楽 #飛躍",100,60,65,0,OK,
峽,"#調和",10,50,50,1,要注意,
現,"#調和",10,10,10,0,OK,
肺,"",1,1,1,1,要注意,
背,"",1,1,1,1,要注意,
威,"#品格 #勇壮",60,80,20,0,OK,
為,"#知性",10,10,10,0,OK,
皆,"#調和",10,10,10,1,要注意,
務,"",40,50,50,0,OK,
枯,"",1,1,1,1,要注意,
荒,"",1,1,1,1,要注意,
香,"#色彩",100,25,100,0,OK,
恒,"#信念 #調和",95,55,55,0,OK,
咲,"#色彩",100,25,85,0,OK,
掬,"",1,1,1,1,要注意,
柔,"#慈愛 #調和",95,45,70,0,OK,
盾,"",1,1,1,1,要注意,
羚,"#自然",60,50,60,0,OK,
是,"#品格",10,10,10,1,要注意,
極,"#調和",10,10,10,0,OK,
耐,"",1,1,1,1,要注意,
珍,"#信念 #慈愛",10,20,100,0,OK,
怒,"",1,1,1,1,要注意,
堤,"",1,1,1,1,要注意,
雁,"",1,1,1,1,要注意,
柄,"#品格",10,50,50,1,要注意,
盟,"",40,50,50,0,OK,
鼓,"#調和",10,90,35,0,OK,
郎,"#品格 #調和",60,60,60,0,OK,
哀,"",1,1,1,1,要注意,
楼,"",1,1,1,1,要注意,
鼎,"",40,50,50,0,OK,
悔,"",1,1,1,1,要注意,
冠,"#品格 #幸福",40,90,55,0,OK,
稟,"#品格 #知性",40,50,50,0,OK,
熊,"#勇壮",60,80,20,0,OK,
賞,"#調和",40,40,40,0,OK,
駕,"#飛躍",60,80,20,0,OK,
幡,"",40,50,50,0,OK,
諄,"#慈愛 #調和",40,50,50,0,OK,
郊,"",1,1,1,1,要注意,
恨,"",1,1,1,1,要注意,
削,"",1,1,1,1,要注意,
施,"#慈愛",10,45,70,0,OK,
醍,"",1,1,1,1,要注意,
促,"",1,1,1,1,要注意,
鮎,"#自然",60,50,60,0,OK,
怠,"",1,1,1,1,要注意,
胆,"#勇壮 #知性",10,80,50,0,OK,
譜,"#奏楽 #知性",40,50,50,0,OK,
帝,"#品格",10,10,10,0,OK,
轟,"",1,1,1,1,要注意,
廿,"",1,1,1,1,要注意,
丼,"",1,1,1,1,要注意,
朽,"",1,1,1,1,要注意,
某,"",1,1,1,1,要注意,
臼,"",1,1,1,1,要注意,
床,"",1,1,1,1,要注意,
劫,"",1,1,1,1,要注意,
每,"",1,1,1,1,要注意,
枠,"",1,1,1,1,要注意,
杵,"",1,1,1,1,要注意,
袖,"",1,1,1,1,要注意,
刃,"",1,1,1,1,要注意,
洪,"#品格 #水景",10,75,45,0,OK,
侯,"#品格",10,10,10,0,OK,
乞,"",1,1,1,1,要注意,
叉,"",1,1,1,1,要注意,
少,"#調和",40,40,40,0,OK,
俊,"#品格 #飛躍",100,70,50,0,OK,
叙,"#知性",80,50,50,0,OK,
浄,"#水景",85,65,60,0,OK,
斤,"#調和",10,50,50,1,要注意,
冗,"",1,1,1,1,要注意,
帥,"#品格",40,95,40,0,OK,
乏,"",1,1,1,1,要注意,
荘,"#品格",85,45,65,0,OK,
衷,"#信念",40,65,60,0,OK,
挑,"#信念 #飛躍",20,85,30,0,OK,
勅,"#品格",10,45,65,0,OK,
厄,"",1,1,1,1,要注意,
貞,"#信念",90,65,55,0,OK,
洞,"",1,1,1,1,要注意,
柳,"#自然",95,20,100,0,OK,
畏,"#知性",10,55,65,1,要注意,
茨,"#自然",10,50,50,1,要注意,
勾,"#調和",15,50,50,1,要注意,
怨,"",1,1,1,1,要注意,
柿,"#自然",10,50,50,0,OK,
柵,"",1,1,1,1,要注意,
云,"#調和",10,10,10,1,要注意,
勿,"#調和",10,50,50,1,要注意,
栃,"#自然",10,50,50,0,OK,
虹,"#希望 #色彩",80,70,55,0,OK,
号,"#調和",10,50,50,1,要注意,
仕,"#調和",40,40,40,0,OK,
札,"#調和",10,50,50,1,要注意,
庁,"#調和",10,50,50,1,要注意,
侶,"#調和",10,45,70,0,OK,
思,"#信念",40,40,80,0,OK,
娃,"#色彩",30,45,85,0,OK,
込,"#伝統",10,50,50,1,要注意,
郁,"#飛躍",100,55,55,0,OK,
凸,"",1,1,1,1,要注意,
胡,"#幸福",10,10,10,0,OK,
瓦,"",1,1,1,1,要注意,
珂,"#色彩",75,25,85,0,OK,
乎,"#調和",10,55,55,0,OK,
只,"#調和",10,50,50,1,要注意,
疋,"#調和",10,50,50,1,要注意,
恢,"#飛躍",10,75,45,0,OK,
𠮟,"",1,1,1,1,要注意,
危,"",1,1,1,1,要注意,
竿,"#自然",10,65,45,1,要注意,
叫,"",1,1,1,1,要注意,
忙,"",1,1,1,1,要注意,
頁,"",1,1,1,1,要注意,
彦,"#信念 #品格",100,45,85,0,OK,
劣,"",1,1,1,1,要注意,
哉,"#幸福",40,40,40,0,OK,
珊,"#水景 #色彩",85,30,90,0,OK,
柘,"#自然",10,50,50,0,OK,
柊,"#自然 #色彩",80,75,40,0,OK,
洲,"#水景 #自然",50,75,40,0,OK,
茸,"",1,1,1,1,要注意,
穿,"",1,1,1,1,要注意,
茜,"#色彩",100,25,85,0,OK,
伐,"",1,1,1,1,要注意,
祢,"#品格",10,45,70,1,要注意,
肌,"",1,1,1,1,要注意,
妄,"",1,1,1,1,要注意,
柏,"#自然",10,50,50,0,OK,
毘,"#慈愛",30,70,60,0,OK,
弛,"",1,1,1,1,要注意,
此,"",1,1,1,1,要注意,
俣,"#水景",10,50,50,1,要注意,
尖,"",1,1,1,1,要注意,
耶,"#調和",10,10,10,0,OK,
柚,"#自然 #色彩",90,85,30,0,OK,
宥,"#信念",90,35,75,0,OK,
祐,"#慈愛",100,85,45,0,OK,
洛,"#水景",50,55,55,0,OK,
亮,"#信念 #飛躍",100,65,60,0,OK,
玲,"#色彩",100,30,90,0,OK,
俐,"#知性",85,55,55,0,OK,
勁,"#勇壮",10,85,35,0,OK,
肋,"",1,1,1,1,要注意,
昴,"#希望 #飛躍",80,45,65,0,OK,
洸,"#勇壮 #飛躍",95,75,55,0,OK,
洵,"#信念",40,60,50,0,OK,
珈,"#色彩 #品格",40,25,85,0,OK,
珀,"#色彩",98,20,95,0,OK,
收,"",1,1,1,1,要注意,
恆,"",1,1,1,1,要注意,
村,"#調和",10,10,10,0,OK,
勉,"#飛躍",40,50,40,0,OK,
祈,"",1,1,1,1,要注意,
祉,"",1,1,1,1,要注意,
突,"",1,1,1,1,要注意,
形,"#調和",10,40,75,0,OK,
売,"",1,1,1,1,要注意,
医,"#調和",10,10,10,0,OK,
災,"",1,1,1,1,要注意,
家,"#知性",10,40,75,0,OK,
夏,"#希望 #色彩",80,85,35,0,OK,
記,"#知性",10,10,10,0,OK,
状,"#調和",10,50,50,1,要注意,
原,"#自然 #飛躍",60,50,55,0,OK,
高,"#信念 #飛躍",90,90,55,0,OK,
紙,"#自然",10,50,50,1,要注意,
時,"#天空",40,40,40,0,OK,
弱,"#慈愛",10,50,50,1,要注意,
困,"",1,1,1,1,要注意,
通,"#信念 #飛躍",60,75,55,0,OK,
否,"",1,1,1,1,要注意,
院,"",1,1,1,1,要注意,
却,"",1,1,1,1,要注意,
抗,"",1,1,1,1,要注意,
起,"#希望 #飛躍",60,100,30,0,OK,
宮,"#品格",50,45,65,0,OK,
庫,"#勇壮",10,55,55,1,要注意,
根,"#幸福",10,70,50,0,OK,
伺,"#調和",10,50,50,1,要注意,
即,"",1,1,1,1,要注意,
真,"#信念 #品格",100,55,70,0,OK,
坊,"",1,1,1,1,要注意,
速,"#勇壮",95,100,30,0,OK,
庭,"#自然 #調和",10,40,75,0,OK,
島,"#水景",10,80,45,0,OK,
配,"#調和",40,40,40,1,要注意,
忌,"",1,1,1,1,要注意,
坑,"",1,1,1,1,要注意,
勉,"#勇壮 #飛躍",90,75,45,0,OK,
尿,"",1,1,1,1,要注意,
流,"#水景 #調和",95,50,70,0,OK,
妨,"",1,1,1,1,要注意,
没,"",1,1,1,1,要注意,
妊,"",1,1,1,1,要注意,
汰,"#調和",10,50,50,1,要注意,
肘,"",1,1,1,1,要注意,
迂,"",1,1,1,1,要注意,
航,"#勇壮 #水景",100,80,50,0,OK,
迄,"",1,1,1,1,要注意,
灸,"",1,1,1,1,要注意,
沌,"",1,1,1,1,要注意,
吻,"",1,1,1,1,要注意,
笑,"#幸福",100,20,100,0,OK,
席,"",1,1,1,1,要注意,
倉,"#品格",10,55,55,0,OK,
孫,"#自然",40,40,40,1,要注意,
味,"#調和",10,25,100,0,OK,
徒,"",1,1,1,1,要注意,
特,"#勇壮",10,100,20,0,OK,
梅,"#自然 #色彩",80,50,55,0,OK,
泣,"",1,1,1,1,要注意,
脈,"",1,1,1,1,要注意,
卒,"",1,1,1,1,要注意,
底,"",1,1,1,1,要注意,
連,"#調和",85,50,75,0,OK,
益,"#飛躍",85,100,25,0,OK,
桜,"#伝統 #色彩",100,25,85,0,OK,
恩,"#慈愛",95,45,70,0,OK,
格,"#自然",40,40,40,0,OK,
的,"#調和",10,50,50,1,要注意,
耕,"#信念 #飛躍",40,40,40,0,OK,
財,"#知性",10,65,50,1,要注意,
師,"#品格 #知性",10,80,45,0,OK,
修,"#品格 #色彩",95,80,50,0,OK,
素,"#自然",90,60,55,0,OK,
造,"#品格 #飛躍",40,55,60,0,OK,
能,"#知性",40,40,40,0,OK,
破,"",1,1,1,1,要注意,
券,"",1,1,1,1,要注意,
容,"#慈愛",80,5,100,0,OK,
留,"#調和",40,40,40,1,要注意,
株,"",1,1,1,1,要注意,
胸,"",1,1,1,1,要注意,
降,"",1,1,1,1,要注意,
骨,"",1,1,1,1,要注意,
座,"",1,1,1,1,要注意,
蚕,"",1,1,1,1,要注意,
射,"#勇壮 #飛躍",10,85,30,1,要注意,
効,"#調和",40,40,40,0,OK,
純,"#品格 #色彩",100,35,90,0,OK,
招,"#調和",40,40,40,0,OK,
将,"#信念 #慈愛",90,90,40,0,OK,
針,"",1,1,1,1,要注意,
刺,"",1,1,1,1,要注意,
抵,"",1,1,1,1,要注意,
党,"",1,1,1,1,要注意,
迫,"",1,1,1,1,要注意,
肢,"",1,1,1,1,要注意,
坪,"",1,1,1,1,要注意,
迭,"",1,1,1,1,要注意,
侮,"",1,1,1,1,要注意,
抹,"",1,1,1,1,要注意,
鬼,"",1,1,1,1,要注意,
盲,"",1,1,1,1,要注意,
恵,"#慈愛 #知性",100,40,80,0,OK,
兼,"#飛躍",85,75,55,0,OK,
軒,"#幸福 #飛躍",10,100,45,0,OK,
剣,"#勇壮",90,85,30,0,OK,
狙,"",1,1,1,1,要注意,
脂,"",1,1,1,1,要注意,
妬,"",1,1,1,1,要注意,
枕,"",1,1,1,1,要注意,
振,"#勇壮 #飛躍",10,100,25,0,OK,
拉,"",1,1,1,1,要注意,
扇,"#調和",10,20,100,0,OK,
恥,"",1,1,1,1,要注意,
奄,"#自然",10,50,50,0,OK,
途,"#飛躍",90,65,50,0,OK,
透,"#信念 #知性",100,65,60,0,OK,
唐,"#飛躍",10,75,40,1,要注意,
桃,"#自然",90,55,55,0,OK,
其,"#調和",10,10,10,1,要注意,
杭,"#調和",10,50,50,1,要注意,
悩,"",1,1,1,1,要注意,
般,"#幸福",10,50,50,1,要注意,
肴,"",1,1,1,1,要注意,
忽,"",1,1,1,1,要注意,
浜,"#水景 #自然",40,80,45,0,OK,
敏,"#勇壮 #知性",80,90,35,0,OK,
浮,"#天空",10,50,50,1,要注意,
些,"",1,1,1,1,要注意,
峰,"#自然",40,40,40,0,OK,
砲,"",1,1,1,1,要注意,
沓,"",1,1,1,1,要注意,
斧,"",1,1,1,1,要注意,
狀,"",1,1,1,1,要注意,
級,"#調和",10,50,50,1,要注意,
烈,"#勇壮",10,80,10,0,OK,
恋,"#信念",50,5,100,0,OK,
朗,"#希望 #知性",95,40,80,0,OK,
悦,"#幸福",85,55,65,0,OK,
宴,"#幸福 #調和",10,75,45,0,OK,
華,"#品格 #色彩",100,45,85,0,OK,
拾,"#調和",10,50,50,1,要注意,
送,"#調和",10,50,50,1,要注意,
変,"#調和",10,50,50,1,要注意,
悟,"#知性",100,65,60,0,OK,
娯,"#幸福",10,50,50,0,OK,
迷,"#調和",10,50,50,1,要注意,
派,"#調和",10,50,50,1,要注意,
徐,"#慈愛",10,50,70,0,OK,
辱,"",1,1,1,1,要注意,
粋,"#色彩",85,50,75,0,OK,
狭,"",1,1,1,1,要注意,
隻,"#調和",10,10,10,1,要注意,
桑,"#自然",10,35,70,0,OK,
狩,"",1,1,1,1,要注意,
畜,"",1,1,1,1,要注意,
哲,"#知性",100,65,55,0,OK,
凍,"",1,1,1,1,要注意,
侵,"",1,1,1,1,要注意,
俗,"",1,1,1,1,要注意,
姫,"#品格 #色彩",60,20,100,0,OK,
逃,"",1,1,1,1,要注意,
盆,"#調和",10,50,50,1,要注意,
架,"#調和",10,10,10,0,OK,
浪,"#水景",10,55,60,0,OK,
契,"#調和",40,40,40,0,OK,
孤,"",1,1,1,1,要注意,
核,"",1,1,1,1,要注意,
牲,"",1,1,1,1,要注意,
糾,"",1,1,1,1,要注意,
恭,"#品格",90,55,65,0,OK,
貢,"#品格 #慈愛",30,75,45,0,OK,
剛,"#信念 #勇壮",100,85,30,0,OK,
拷,"",1,1,1,1,要注意,
栽,"#自然",40,40,40,0,OK,
宰,"#品格",10,80,45,0,OK,
窃,"",1,1,1,1,要注意,
桟,"#自然",10,40,75,1,要注意,
拶,"",1,1,1,1,要注意,
珠,"#品格 #色彩",100,45,85,0,OK,
准,"#調和",10,50,50,0,OK,
拭,"#調和",10,50,50,1,要注意,
祥,"#幸福",95,65,50,0,OK,
訃,"",1,1,1,1,要注意,
勃,"",1,1,1,1,要注意,
昧,"",1,1,1,1,要注意,
廻,"#調和",10,50,50,1,要注意,
俄,"",1,1,1,1,要注意,
恰,"#調和",10,10,10,1,要注意,
栓,"#自然",10,50,50,1,要注意,
巷,"",1,1,1,1,要注意,
殆,"",1,1,1,1,要注意,
姪,"",1,1,1,1,要注意,
泰,"#慈愛 #飛躍",100,80,45,0,OK,
姥,"",1,1,1,1,要注意,
侮,"",1,1,1,1,要注意,
倍,"",1,1,1,1,要注意,
訓,"#調和",10,10,10,0,OK,
浦,"#水景",10,80,45,0,OK,
借,"",1,1,1,1,要注意,
剖,"",1,1,1,1,要注意,
粉,"",1,1,1,1,要注意,
料,"",1,1,1,1,要注意,
竜,"#勇壮 #飛躍",100,100,25,0,OK,
倫,"#調和",40,40,40,0,OK,
俵,"#調和",10,50,50,1,要注意,
唄,"#信念 #伝統",40,50,75,0,OK,
従,"",1,1,1,1,要注意,
除,"",1,1,1,1,要注意,
桁,"",1,1,1,1,要注意,
拳,"#勇壮",40,40,40,0,OK,
討,"",1,1,1,1,要注意,
剤,"",1,1,1,1,要注意,
称,"#調和",40,40,40,0,OK,
浸,"",1,1,1,1,要注意,
倒,"",1,1,1,1,要注意,
眠,"",1,1,1,1,要注意,
娘,"",1,1,1,1,要注意,
涙,"",1,1,1,1,要注意,
哺,"#天空",10,35,70,1,要注意,
脅,"",1,1,1,1,要注意,
疾,"",1,1,1,1,要注意,
衰,"",1,1,1,1,要注意,
烏,"",1,1,1,1,要注意,
匿,"",1,1,1,1,要注意,
桧,"#自然",10,45,65,0,OK,
莞,"#幸福 #自然",95,45,65,0,OK,
桔,"#自然 #色彩",85,50,50,0,OK,
紛,"",1,1,1,1,要注意,
矩,"#品格",10,70,60,0,OK,
桂,"#自然",100,60,60,0,OK,
倣,"",1,1,1,1,要注意,
倖,"#信念 #幸福",90,50,55,0,OK,
晃,"#希望 #飛躍",100,60,55,0,OK,
浩,"#飛躍",100,65,65,0,OK,
紘,"#飛躍",95,60,60,0,OK,
紗,"#色彩",100,30,90,0,OK,
埋,"",1,1,1,1,要注意,
柴,"#自然",10,50,50,1,要注意,
栖,"#飛躍",10,40,75,0,OK,
朔,"#希望 #飛躍",80,50,55,0,OK,
蚊,"",1,1,1,1,要注意,
砥,"#飛躍",10,70,55,0,OK,
飢,"",1,1,1,1,要注意,
峻,"#品格 #自然",100,85,50,0,OK,
隼,"#勇壮 #飛躍",100,100,30,0,OK,
恕,"#信念 #慈愛",80,45,70,0,OK,
唆,"",1,1,1,1,要注意,
殉,"",1,1,1,1,要注意,
晋,"#飛躍",100,65,45,0,OK,
秦,"#勇壮",30,75,40,0,OK,
症,"",1,1,1,1,要注意,
唇,"",1,1,1,1,要注意,
閃,"#知性 #飛躍",40,50,65,0,OK,
悌,"#慈愛 #調和",40,65,55,0,OK,
逝,"",1,1,1,1,要注意,
耽,"#幸福",10,20,100,1,要注意,
挺,"#品格 #飛躍",10,100,30,0,OK,
租,"",1,1,1,1,要注意,
捜,"",1,1,1,1,要注意,
挿,"",1,1,1,1,要注意,
朕,"",1,1,1,1,要注意,
桐,"#自然",80,45,65,0,OK,
莫,"",1,1,1,1,要注意,
逓,"",1,1,1,1,要注意,
俸,"",1,1,1,1,要注意,
耗,"",1,1,1,1,要注意,
娩,"",1,1,1,1,要注意,
圃,"#自然",10,10,10,1,要注意,
峯,"#自然",40,40,40,0,OK,
釜,"",1,1,1,1,要注意,
栗,"#自然",10,50,50,0,OK,
浬,"#水景",10,80,45,0,OK,
凌,"#水景 #飛躍",70,100,25,0,OK,
挫,"",1,1,1,1,要注意,
晟,"#希望 #飛躍",80,60,55,0,OK,
晏,"#慈愛",85,55,60,0,OK,
栞,"#伝統 #自然",100,55,55,0,OK,
莉,"#自然",90,25,85,0,OK,
赳,"#勇壮",90,100,20,0,OK,
氣,"#幸福",40,50,50,0,OK,
乘,"",1,1,1,1,要注意,
凉,"#信念 #慈愛",40,50,50,0,OK,
莊,"",1,1,1,1,要注意,
恣,"",1,1,1,1,要注意,
脊,"",1,1,1,1,要注意,
眞,"#幸福",40,50,50,0,OK,
晄,"#希望 #飛躍",95,60,55,0,OK,
捉,"",1,1,1,1,要注意,
神,"",1,1,1,1,要注意,
悔,"",1,1,1,1,要注意,
海,"#水景",40,50,50,0,OK,
祐,"#慈愛",40,50,50,0,OK,
酎,"",1,1,1,1,要注意,
祝,"",1,1,1,1,要注意,
冥,"",1,1,1,1,要注意,
脇,"",1,1,1,1,要注意,
俱,"#調和",10,50,50,0,OK,
涉,"",1,1,1,1,要注意,
倦,"",1,1,1,1,要注意,
晒,"",1,1,1,1,要注意,
窄,"",1,1,1,1,要注意,
強,"#勇壮 #飛躍",40,85,35,0,OK,
哨,"",1,1,1,1,要注意,
訊,"",1,1,1,1,要注意,
屑,"",1,1,1,1,要注意,
釘,"",1,1,1,1,要注意,
雪,"#自然 #色彩",70,25,90,0,OK,
套,"",1,1,1,1,要注意,
組,"#天空 #調和",40,40,40,1,要注意,
挽,"",1,1,1,1,要注意,
野,"#自然",70,75,45,0,OK,
理,"#知性 #飛躍",100,60,70,0,OK,
哩,"#調和",10,50,50,0,OK,
球,"#色彩",40,40,40,0,OK,
狼,"#勇壮",10,50,50,0,OK,
祕,"",1,1,1,1,要注意,
狹,"",1,1,1,1,要注意,
宿,"#自然",10,85,35,1,要注意,
章,"#知性 #色彩",100,50,70,0,OK,
商,"#知性",10,50,50,1,要注意,
進,"#飛躍",100,100,25,0,OK,
深,"#慈愛 #知性",95,60,65,0,OK,
族,"",1,1,1,1,要注意,
臭,"",1,1,1,1,要注意,
剝,"",1,1,1,1,要注意,
笛,"#自然",15,55,55,0,OK,
転,"",1,1,1,1,要注意,
都,"#品格 #色彩",90,45,65,0,OK,
教,"#調和",15,55,55,0,OK,
部,"",1,1,1,1,要注意,
黄,"#調和",15,60,60,0,OK,
終,"",1,1,1,1,要注意,
巣,"",1,1,1,1,要注意,
救,"#慈愛",10,70,60,0,OK,
健,"#幸福 #知性",100,100,30,0,OK,
康,"#幸福",100,90,35,0,OK,
菜,"#自然",90,25,85,0,OK,
混,"",1,1,1,1,要注意,
唱,"#調和",10,80,45,0,OK,
清,"#慈愛 #水景",100,65,55,0,OK,
授,"#調和",10,35,75,0,OK,
側,"",1,1,1,1,要注意,
責,"",1,1,1,1,要注意,
堂,"#品格 #飛躍",90,50,70,0,OK,
得,"#知性",10,65,50,0,OK,
接,"",1,1,1,1,要注意,
票,"",1,1,1,1,要注意,
著,"#調和",15,50,70,0,OK,
望,"#品格 #希望",100,75,45,0,OK,
陸,"#勇壮 #自然",100,80,45,0,OK,
密,"",1,1,1,1,要注意,
婚,"",1,1,1,1,要注意,
淡,"#調和",10,20,100,0,OK,
規,"#品格",40,40,40,0,OK,
基,"#自然",95,65,60,0,OK,
粒,"",1,1,1,1,要注意,
掛,"",1,1,1,1,要注意,
経,"#品格 #知性",90,80,45,0,OK,
控,"",1,1,1,1,要注意,
酔,"",1,1,1,1,要注意,
措,"",1,1,1,1,要注意,
粗,"",1,1,1,1,要注意,
掃,"",1,1,1,1,要注意,
術,"#知性",40,40,40,1,要注意,
常,"#調和 #希望",90,65,55,0,OK,
情,"#信念",10,15,100,0,OK,
彫,"#調和",10,55,55,1,要注意,
婆,"",1,1,1,1,要注意,
陪,"",1,1,1,1,要注意,
崩,"",1,1,1,1,要注意,
猟,"",1,1,1,1,要注意,
貧,"",1,1,1,1,要注意,
殻,"",1,1,1,1,要注意,
喝,"",1,1,1,1,要注意,
率,"#品格",40,40,40,0,OK,
患,"",1,1,1,1,要注意,
菌,"",1,1,1,1,要注意,
訟,"",1,1,1,1,要注意,
郷,"#自然 #調和",60,40,75,0,OK,
済,"#慈愛 #水景",10,60,65,0,OK,
剰,"",1,1,1,1,要注意,
捨,"",1,1,1,1,要注意,
推,"#知性",40,40,40,1,要注意,
盛,"#飛躍 #幸福",90,70,50,0,OK,
据,"",1,1,1,1,要注意,
旋,"#調和",40,40,40,0,OK,
曹,"#調和",40,40,40,1,要注意,
頂,"#品格 #飛躍",5,100,25,0,OK,
脳,"",1,1,1,1,要注意,
釣,"",1,1,1,1,要注意,
悼,"",1,1,1,1,要注意,
瓶,"",1,1,1,1,要注意,
累,"",1,1,1,1,要注意,
郵,"",1,1,1,1,要注意,
惧,"",1,1,1,1,要注意,
欲,"",1,1,1,1,要注意,
陰,"",1,1,1,1,要注意,
頃,"",1,1,1,1,要注意,
乾,"#勇壮",40,100,25,0,OK,
痕,"",1,1,1,1,要注意,
斬,"",1,1,1,1,要注意,
羞,"",1,1,1,1,要注意,
彩,"#色彩",100,30,90,0,OK,
惨,"",1,1,1,1,要注意,
執,"",1,1,1,1,要注意,
曽,"#調和",15,55,55,0,OK,
釈,"#慈愛",10,55,60,0,OK,
唾,"",1,1,1,1,要注意,
貪,"",1,1,1,1,要注意,
脱,"",1,1,1,1,要注意,
捻,"",1,1,1,1,要注意,
訣,"",1,1,1,1,要注意,
捲,"",1,1,1,1,要注意,
牽,"",1,1,1,1,要注意,
惚,"",1,1,1,1,要注意,
猛,"#勇壮",95,100,20,0,OK,
悉,"",1,1,1,1,要注意,
這,"",1,1,1,1,要注意,
雀,"",1,1,1,1,要注意,
逗,"",1,1,1,1,要注意,
貫,"#勇壮",90,100,30,0,OK,
菊,"#色彩",85,25,85,0,OK,
虚,"",1,1,1,1,要注意,
偶,"",1,1,1,1,要注意,
啓,"#知性 #飛躍",100,80,50,0,OK,
釧,"",1,1,1,1,要注意,
梯,"#調和",10,85,50,0,OK,
紺,"#水景 #色彩",70,20,100,0,OK,
桶,"",1,1,1,1,要注意,
萄,"",1,1,1,1,要注意,
惜,"",1,1,1,1,要注意,
菩,"",1,1,1,1,要注意,
掠,"",1,1,1,1,要注意,
淋,"",1,1,1,1,要注意,
逮,"",1,1,1,1,要注意,
圈,"",1,1,1,1,要注意,
陶,"#幸福",85,65,55,0,OK,
萊,"",1,1,1,1,要注意,
場,"",1,1,1,1,要注意,
買,"",1,1,1,1,要注意,
運,"#調和",40,40,40,0,OK,
軽,"",1,1,1,1,要注意,
着,"",1,1,1,1,要注意,
隆,"#飛躍",100,100,25,0,OK,
街,"",1,1,1,1,要注意,
陵,"#勇壮",10,75,40,0,OK,
尉,"",1,1,1,1,要注意,
逸,"#勇壮 #飛躍",90,70,55,0,OK,
象,"#調和",10,50,50,0,OK,
隊,"",1,1,1,1,要注意,
絶,"",1,1,1,1,要注意,
備,"#調和",40,40,40,0,OK,
揮,"#飛躍",10,50,50,0,OK,
装,"",1,1,1,1,要注意,
圏,"",1,1,1,1,要注意,
蛍,"#水景",60,60,55,0,OK,
渓,"#水景",60,25,100,0,OK,
斎,"#知性",40,40,40,0,OK,
崎,"#水景",10,55,55,0,OK,
蛇,"",1,1,1,1,要注意,
煮,"",1,1,1,1,要注意,
粛,"#信念 #品格",40,40,40,0,OK,
淑,"#品格 #色彩",70,5,100,0,OK,
庶,"#飛躍",10,50,50,1,要注意,
渉,"#水景",30,90,35,0,OK,
畳,"",1,1,1,1,要注意,
塔,"#調和",10,50,50,0,OK,
紳,"#品格",15,55,65,0,OK,
崇,"#信念 #品格",70,95,40,0,OK,
鈍,"",1,1,1,1,要注意,
普,"#調和",40,40,40,0,OK,
傍,"",1,1,1,1,要注意,
眺,"#自然",10,75,45,1,要注意,
絡,"",1,1,1,1,要注意,
腕,"",1,1,1,1,要注意,
棋,"#調和",40,40,40,0,OK,
軟,"",1,1,1,1,要注意,
培,"#自然",10,50,50,0,OK,
雇,"",1,1,1,1,要注意,
絞,"",1,1,1,1,要注意,
湿,"",1,1,1,1,要注意,
偏,"",1,1,1,1,要注意,
堀,"",1,1,1,1,要注意,
麻,"#自然",90,95,30,0,OK,
唯,"#信念",40,40,40,0,OK,
悠,"#幸福",100,80,45,0,OK,
婿,"",1,1,1,1,要注意,
涼,"#信念 #水景",100,25,100,0,OK,
痘,"",1,1,1,1,要注意,
募,"",1,1,1,1,要注意,
淫,"",1,1,1,1,要注意,
揺,"#調和",10,50,50,0,OK,
亀,"#自然",10,10,10,0,OK,
裂,"",1,1,1,1,要注意,
閑,"#調和",40,40,40,0,OK,
梗,"#自然",10,50,50,0,OK,
隅,"",1,1,1,1,要注意,
硝,"",1,1,1,1,要注意,
埼,"#水景",10,55,55,0,OK,
粧,"",1,1,1,1,要注意,
鹿,"#勇壮",10,50,50,0,OK,
詔,"#品格",10,50,50,0,OK,
戚,"",1,1,1,1,要注意,
診,"",1,1,1,1,要注意,
爽,"#調和 #希望",40,40,40,0,OK,
疎,"",1,1,1,1,要注意,
堆,"",1,1,1,1,要注意,
堕,"",1,1,1,1,要注意,
梨,"#自然",100,25,85,0,OK,
惰,"",1,1,1,1,要注意,
庵,"#品格 #自然",10,5,100,0,OK,
惟,"#信念 #知性",95,65,60,0,OK,
寅,"#信念",70,85,30,0,OK,
凰,"#勇壮 #幸福",80,65,65,0,OK,
晦,"",1,1,1,1,要注意,
菅,"#自然",60,50,50,0,OK,
棚,"",1,1,1,1,要注意,
搭,"",1,1,1,1,要注意,
媒,"",1,1,1,1,要注意,
遍,"#調和",10,85,50,0,OK,
痢,"",1,1,1,1,要注意,
絃,"#調和",80,55,55,0,OK,
硫,"",1,1,1,1,要注意,
梧,"#幸福 #自然",70,45,65,0,OK,
皐,"#自然 #水景",85,45,65,0,OK,
喉,"",1,1,1,1,要注意,
砦,"#自然",40,100,20,1,要注意,
笹,"#自然",40,50,50,0,OK,
偲,"#信念 #知性",80,5,100,0,OK,
梓,"#自然",90,90,35,0,OK,
痩,"",1,1,1,1,要注意,
貼,"",1,1,1,1,要注意,
椎,"#調和",10,55,55,0,OK,
惇,"#信念",85,45,75,0,OK,
淳,"#信念",85,60,55,0,OK,
渚,"#水景",95,25,100,0,OK,
捷,"#勇壮 #飛躍",80,100,30,0,OK,
梢,"#自然",85,95,40,0,OK,
菖,"#自然 #色彩",80,85,30,0,OK,
斑,"",1,1,1,1,要注意,
貿,"",1,1,1,1,要注意,
堰,"",1,1,1,1,要注意,
筈,"",1,1,1,1,要注意,
雫,"#水景 #自然",85,55,60,0,OK,
寓,"",1,1,1,1,要注意,
琢,"#知性 #飛躍",90,70,50,0,OK,
喰,"",1,1,1,1,要注意,
紬,"#伝統 #色彩",95,60,50,0,OK,
戟,"",1,1,1,1,要注意,
淀,"",1,1,1,1,要注意,
兜,"#勇壮",80,100,20,0,OK,
犀,"#調和",40,55,55,0,OK,
祷,"#幸福",80,60,60,0,OK,
斯,"",1,1,1,1,要注意,
梶,"#自然",80,55,55,0,OK,
畢,"#幸福",40,55,60,1,要注意,
彪,"#色彩",80,100,30,0,OK,
彬,"#信念 #知性",85,60,70,0,OK,
惹,"",1,1,1,1,要注意,
疏,"",1,1,1,1,要注意,
萌,"#信念 #色彩",95,85,35,0,OK,
萠,"#信念 #自然",85,85,35,0,OK,
逢,"#信念",90,35,75,0,OK,
椛,"#伝統 #色彩",95,25,85,0,OK,
甥,"",1,1,1,1,要注意,
琉,"#色彩",95,30,90,0,OK,
笠,"",1,1,1,1,要注意,
梁,"#水景 #自然",60,80,45,0,OK,
厨,"",1,1,1,1,要注意,
貰,"",1,1,1,1,要注意,
埜,"#自然",70,75,40,0,OK,
崚,"#品格 #自然",80,100,30,0,OK,
彗,"#希望 #飛躍",90,50,65,0,OK,
毬,"#色彩",85,30,90,0,OK,
晨,"#希望",80,45,65,0,OK,
梛,"#自然",85,75,40,0,OK,
脩,"#信念 #品格",80,80,50,0,OK,
笙,"#調和",85,55,55,0,OK,
絆,"#調和",90,45,70,0,OK,
揃,"",1,1,1,1,要注意,
眸,"#慈愛 #色彩",80,25,100,0,OK,
菫,"#自然 #色彩",95,25,85,0,OK,
逞,"#信念 #勇壮",90,85,30,0,OK,
冨,"#飛躍",80,90,35,0,OK,
惣,"#調和",70,80,45,0,OK,
國,"#品格",60,80,45,0,OK,
巽,"#調和",70,60,50,0,OK,
註,"",1,1,1,1,要注意,
喋,"",1,1,1,1,要注意,
脹,"",1,1,1,1,要注意,
徠,"#慈愛",40,50,55,0,OK,
堵,"#調和",40,55,60,0,OK,
琶,"",1,1,1,1,要注意,
琵,"",1,1,1,1,要注意,
晩,"",10,50,50,1,要注意,
葡,"",1,1,1,1,要注意,
焚,"",1,1,1,1,要注意,
森,"#品格 #自然",95,100,20,0,OK,
雲,"#自然",80,75,45,0,OK,
絵,"#色彩",95,30,90,0,OK,
間,"",1,1,1,1,要注意,
裡,"",1,1,1,1,要注意,
晴,"#希望 #自然",100,45,65,0,OK,
朝,"#希望",95,85,35,0,OK,
椀,"",1,1,1,1,要注意,
道,"#信念 #知性",95,70,60,0,OK,
惡,"",1,1,1,1,要注意,
番,"",1,1,1,1,要注意,
盜,"",1,1,1,1,要注意,
剩,"",1,1,1,1,要注意,
温,"#慈愛",95,45,80,0,OK,
開,"#飛躍",90,65,50,0,OK,
階,"",1,1,1,1,要注意,
寒,"",1,1,1,1,要注意,
期,"",1,1,1,1,要注意,
搜,"",1,1,1,1,要注意,
湖,"#水景",95,80,45,0,OK,
港,"#水景",85,65,65,0,OK,
著,"",1,1,1,1,要注意,
集,"#飛躍",15,50,50,0,OK,
視,"",1,1,1,1,要注意,
勝,"#飛躍",90,100,25,0,OK,
植,"#自然",40,50,55,0,OK,
短,"",1,1,1,1,要注意,
黑,"",1,1,1,1,要注意,
等,"#調和",15,50,50,0,OK,
登,"#飛躍",90,100,25,0,OK,
湯,"#水景",40,50,50,1,要注意,
童,"#自然",60,50,50,0,OK,
悲,"",1,1,1,1,要注意,
揭,"",1,1,1,1,要注意,
遊,"#幸福 #調和",70,20,100,0,OK,
葉,"#自然 #色彩",100,55,55,0,OK,
陽,"#希望",100,60,55,0,OK,
落,"",1,1,1,1,要注意,
渴,"",1,1,1,1,要注意,
覚,"#知性",90,55,55,0,OK,
喜,"#幸福",95,100,30,0,OK,
給,"",1,1,1,1,要注意,
黃,"#調和",10,20,95,0,OK,
景,"#品格",95,75,60,0,OK,
結,"#調和",100,60,65,0,OK,
辞,"",1,1,1,1,要注意,
続,"",1,1,1,1,要注意,
順,"#慈愛",95,60,70,0,OK,
焼,"",1,1,1,1,要注意,
働,"",1,1,1,1,要注意,
鉱,"",1,1,1,1,要注意,
達,"#調和 #飛躍",90,70,50,0,OK,
資,"#飛躍",15,50,50,0,OK,
然,"#自然",85,65,60,0,OK,
博,"#飛躍",85,95,40,0,OK,
準,"#調和",85,65,55,0,OK,
費,"",1,1,1,1,要注意,
損,"",1,1,1,1,要注意,
満,"#幸福 #飛躍",95,65,50,0,OK,
量,"#勇壮 #知性",40,40,75,0,OK,
預,"",1,1,1,1,要注意,
蒸,"",1,1,1,1,要注意,
賀,"#幸福",95,50,55,0,OK,
裏,"",1,1,1,1,要注意,
勧,"#調和",70,65,55,0,OK,
証,"#信念",15,50,50,0,OK,
税,"#調和",10,50,50,0,OK,
跡,"",1,1,1,1,要注意,
測,"#信念",40,55,55,1,要注意,
属,"",1,1,1,1,要注意,
僧,"",1,1,1,1,要注意,
程,"#品格",60,70,60,0,OK,
嘆,"",1,1,1,1,要注意,
統,"#品格 #知性",70,95,40,0,OK,
搬,"",1,1,1,1,要注意,
腰,"",1,1,1,1,要注意,
富,"#飛躍",90,70,50,0,OK,
愚,"",1,1,1,1,要注意,
摂,"#調和",10,50,50,1,要注意,
賊,"",1,1,1,1,要注意,
塗,"",1,1,1,1,要注意,
貴,"#品格",95,65,65,0,OK,
筋,"",1,1,1,1,要注意,
勤,"#慈愛",85,75,45,0,OK,
敬,"#信念 #品格",95,55,65,0,OK,
裁,"",1,1,1,1,要注意,
策,"#自然",40,60,60,0,OK,
裸,"",1,1,1,1,要注意,
靴,"",1,1,1,1,要注意,
頑,"#調和",40,85,30,0,OK,
善,"#品格 #調和",95,65,55,0,OK,
嫌,"",1,1,1,1,要注意,
碁,"",1,1,1,1,要注意,
尊,"#信念 #品格",95,65,65,0,OK,
痛,"",1,1,1,1,要注意,
塑,"",1,1,1,1,要注意,
痴,"",1,1,1,1,要注意,
艇,"",1,1,1,1,要注意,
偉,"#品格 #飛躍",95,100,30,0,OK,
越,"#飛躍",80,100,30,0,OK,
援,"#慈愛",80,35,70,0,OK,
奥,"#水景",40,55,60,1,要注意,
幾,"#飛躍",15,50,50,0,OK,
距,"",1,1,1,1,要注意,
御,"#品格",15,50,50,0,OK,
堅,"#信念 #勇壮",90,95,30,0,OK,
鉢,"",1,1,1,1,要注意,
項,"",1,1,1,1,要注意,
紫,"#色彩",100,20,100,0,OK,
酪,"",1,1,1,1,要注意,
賄,"",1,1,1,1,要注意,
殖,"",1,65,45,1,要注意,
尋,"#知性",80,70,60,0,OK,
訴,"#勇壮 #天空",10,50,50,1,要注意,
毀,"",1,1,1,1,要注意,
嗅,"",1,1,1,1,要注意,
僅,"",1,1,1,1,要注意,
嫉,"",1,1,1,1,要注意,
渡,"#水景",90,100,25,0,OK,
腫,"",1,1,1,1,要注意,
腎,"",1,1,1,1,要注意,
裾,"",1,1,1,1,要注意,
煎,"",1,1,1,1,要注意,
腺,"",1,1,1,1,要注意,
溺,"",1,1,1,1,要注意,
雄,"#品格 #飛躍",95,100,20,0,OK,
蜂,"#調和",10,50,50,1,要注意,
惑,"",1,1,1,1,要注意,
慄,"",1,1,1,1,要注意,
詠,"#品格 #知性",95,55,55,0,OK,
敢,"#信念",85,85,30,0,OK,
賂,"",1,1,1,1,要注意,
喚,"",1,1,1,1,要注意,
嘩,"",1,1,1,1,要注意,
塙,"",1,1,1,1,要注意,
鳩,"#調和",15,55,55,0,OK,
遇,"#信念",10,50,50,1,要注意,
禽,"#調和",10,50,50,1,要注意,
硬,"#勇壮",40,85,30,1,要注意,
慌,"#品格 #天空",10,50,50,1,要注意,
跨,"",1,1,1,1,要注意,
軸,"#勇壮 #水景",60,85,50,0,OK,
嵯,"#調和",10,100,15,0,OK,
晶,"#希望 #知性",100,60,60,0,OK,
掌,"#信念 #品格",80,60,65,0,OK,
裟,"#調和",10,50,50,1,要注意,
遂,"#飛躍",80,100,25,0,OK,
随,"#信念",80,65,60,0,OK,
蒐,"#知性",15,50,50,0,OK,
遁,"",1,1,1,1,要注意,
超,"#品格 #飛躍",90,100,30,0,OK,
牒,"",1,1,1,1,要注意,
蛮,"",1,1,1,1,要注意,
詫,"",1,1,1,1,要注意,
揚,"#知性",85,100,25,0,OK,
楕,"",1,1,1,1,要注意,
碓,"",1,1,1,1,要注意,
廊,"",1,1,1,1,要注意,
湾,"#水景",85,85,50,0,OK,
渦,"",1,1,1,1,要注意,
煤,"",1,1,1,1,要注意,
堪,"#勇壮",15,50,50,0,OK,
款,"",1,1,1,1,要注意,
蒙,"",1,1,1,1,要注意,
暁,"#希望 #知性",100,65,50,0,OK,
琴,"#調和",100,60,60,0,OK,
碗,"",1,1,1,1,要注意,
碎,"",1,1,1,1,要注意,
搖,"",1,1,1,1,要注意,
傘,"",1,1,1,1,要注意,
滋,"#慈愛 #自然",95,85,35,0,OK,
循,"",1,1,1,1,要注意,
裝,"",1,1,1,1,要注意,
暑,"",1,1,1,1,要注意,
煮,"",1,1,1,1,要注意,
碑,"",1,1,1,1,要注意,
鳴,"#調和",85,55,55,0,OK,
喪,"",1,1,1,1,要注意,
様,"",1,1,1,1,要注意,
関,"#調和",85,90,45,0,OK,
歴,"",1,1,1,1,要注意,
境,"#調和",80,55,55,0,OK,
銭,"",1,1,1,1,要注意,
筒,"#自然",5,50,50,1,要注意,
棟,"#品格 #飛躍",70,80,45,0,OK,
廃,"",1,1,1,1,要注意,
総,"#調和",70,80,45,0,OK,
増,"#調和",15,50,50,0,OK,
雰,"#天空 #水景",10,50,50,1,要注意,
像,"",1,1,1,1,要注意,
適,"#調和",15,50,50,0,OK,
愉,"#幸福",95,30,85,0,OK,
裕,"#飛躍",100,55,70,0,OK,
磁,"",1,1,1,1,要注意,
障,"",1,1,1,1,要注意,
層,"",1,1,1,1,要注意,
塁,"#自然",80,100,20,0,OK,
嵐,"#自然 #勇壮",90,90,35,0,OK,
椅,"",1,1,1,1,要注意,
媛,"#品格 #色彩",95,20,100,0,OK,
認,"",1,1,1,1,要注意,
箇,"",1,1,1,1,要注意,
需,"",1,1,1,1,要注意,
摘,"",1,1,1,1,要注意,
髪,"",1,1,1,1,要注意,
罰,"",1,1,1,1,要注意,
網,"",1,1,1,1,要注意,
喩,"",1,1,1,1,要注意,
湧,"#飛躍",90,85,30,0,OK,
綱,"#調和",80,90,35,0,OK,
渥,"#色彩",80,45,70,0,OK,
粥,"",1,1,1,1,要注意,
瑛,"#希望 #色彩",100,40,95,0,OK,
酵,"",1,1,1,1,要注意,
淵,"#水景 #知性",70,55,60,0,OK,
凱,"#幸福 #慈愛",90,70,55,0,OK,
遭,"",1,1,1,1,要注意,
碑,"",1,1,1,1,要注意,
萱,"#自然",40,50,50,1,要注意,
膜,"",1,1,1,1,要注意,
稀,"#飛躍",95,70,50,0,OK,
葵,"#自然",100,60,50,0,OK,
卿,"#品格",70,45,65,0,OK,
喬,"#自然 #飛躍",85,95,40,0,OK,
欽,"#信念 #品格",80,55,65,0,OK,
誘,"",1,1,1,1,要注意,
腔,"",1,1,1,1,要注意,
漏,"",1,1,1,1,要注意,
寡,"",1,1,1,1,要注意,
喧,"",1,1,1,1,要注意,
硯,"#知性",70,55,55,0,OK,
絢,"#色彩",100,30,90,0,OK,
遮,"",1,1,1,1,要注意,
駄,"",1,1,1,1,要注意,
嫡,"",1,1,1,1,要注意,
萩,"#自然",95,20,100,0,OK,
葺,"",1,1,1,1,要注意,
竣,"#飛躍",90,100,25,0,OK,
閏,"",1,1,1,1,要注意,
漬,"",1,1,1,1,要注意,
湘,"#水景",95,80,45,0,OK,
僕,"",1,1,1,1,要注意,
箋,"",1,1,1,1,要注意,
遜,"",1,1,1,1,要注意,
棲,"",1,1,1,1,要注意,
貌,"",1,1,1,1,要注意,
蜜,"#調和",60,25,90,0,OK,
瘍,"",1,1,1,1,要注意,
湊,"#水景 #調和",100,65,65,0,OK,
辣,"",1,1,1,1,要注意,
湛,"#幸福 #飛躍",90,60,65,0,OK,
智,"#知性",100,70,50,0,OK,
斡,"",1,1,1,1,要注意,
箕,"",1,1,1,1,要注意,
厩,"",1,1,1,1,要注意,
膏,"",1,1,1,1,要注意,
閤,"",1,1,1,1,要注意,
董,"#自然",70,50,70,0,OK,
敦,"#信念",95,45,75,0,OK,
爾,"",1,1,1,1,要注意,
斐,"#色彩",90,30,90,0,OK,
摺,"",1,1,1,1,要注意,
裳,"",1,1,1,1,要注意,
銑,"",1,1,1,1,要注意,
遥,"#希望 #自然",100,75,45,0,OK,
漕,"",1,1,1,1,要注意,
椋,"#自然",85,50,50,0,OK,
琳,"#色彩",100,30,90,0,OK,
禄,"#幸福 #慈愛",90,65,50,0,OK,
隈,"",1,1,1,1,要注意,
綜,"#調和",80,80,45,0,OK,
惺,"#知性",95,60,65,0,OK,
槌,"",1,1,1,1,要注意,
渾,"#勇壮",15,50,50,0,OK,
琥,"#色彩",100,25,85,0,OK,
綴,"#調和",60,55,55,0,OK,
皓,"#品格 #自然",90,50,70,0,OK,
翔,"#希望 #飛躍",100,75,45,0,OK,
單,"#信念",10,50,50,1,要注意,
堯,"#品格 #飛躍",90,70,55,0,OK,
惠,"#慈愛 #知性",95,35,75,0,OK,
萬,"#飛躍",80,65,50,0,OK,
蓬,"#調和",70,50,50,0,OK,
鞄,"",1,1,1,1,要注意,
綸,"#調和",85,60,70,0,OK,
遙,"#希望 #自然",90,75,45,0,OK,
爲,"",1,1,1,1,要注意,
齊,"#調和",80,90,45,0,OK,
都,"#品格 #色彩",50,45,65,0,OK,
渚,"#水景",40,25,100,0,OK,
琢,"#知性 #飛躍",10,70,50,0,OK,
盡,"",1,1,1,1,要注意,
團,"",1,1,1,1,要注意,
逸,"#勇壮 #飛躍",10,70,55,0,OK,
滯,"",1,1,1,1,要注意,
僧,"#調和",10,50,50,1,要注意,
嘆,"#調和",10,50,50,1,要注意,
焰,"#飛躍",40,50,50,1,要注意,
虛,"",1,1,1,1,要注意,
禍,"#調和",10,50,50,1,要注意,
遠,"",1,1,1,1,要注意,
園,"#幸福 #自然",85,55,55,0,OK,
楽,"#奏楽 #慈愛",100,50,70,0,OK,
新,"#飛躍",95,65,50,0,OK,
署,"#調和",10,50,50,1,要注意,
摑,"",1,1,1,1,要注意,
話,"",1,1,1,1,要注意,
線,"",1,1,1,1,要注意,
意,"#信念",90,90,40,0,OK,
感,"#慈愛 #信念",85,5,100,0,OK,
漢,"#勇壮",50,85,30,0,OK,
業,"",1,1,1,1,要注意,
詩,"#品格 #知性",100,55,55,0,OK,
想,"#知性 #信念",90,55,55,0,OK,
鉄,"#勇壮",70,85,30,0,OK,
談,"",1,1,1,1,要注意,
福,"#幸福",95,65,50,0,OK,
路,"#飛躍",85,95,35,0,OK,
愛,"#慈愛 #色彩",100,45,75,0,OK,
選,"#知性",15,50,50,0,OK,
試,"",1,1,1,1,要注意,
敵,"",1,1,1,1,要注意,
照,"#希望 #知性",95,60,55,0,OK,
節,"#品格 #幸福",80,50,70,0,OK,
戦,"",1,1,1,1,要注意,
編,"",1,1,1,1,要注意,
稿,"",1,1,1,1,要注意,
腸,"",1,1,1,1,要注意,
震,"",1,1,1,1,要注意,
解,"#知性",40,55,55,1,要注意,
幹,"#知性 #自然",85,90,45,0,OK,
義,"#品格",95,55,65,0,OK,
禁,"",1,1,1,1,要注意,
群,"",1,1,1,1,要注意,
踏,"",1,1,1,1,要注意,
罪,"",1,1,1,1,要注意,
盤,"",1,1,1,1,要注意,
飼,"",1,1,1,1,要注意,
敷,"",1,1,1,1,要注意,
勢,"#勇壮 #飛躍",85,85,30,0,OK,
噴,"",1,1,1,1,要注意,
舗,"#調和",15,50,50,0,OK,
豊,"#幸福 #飛躍",95,65,50,0,OK,
夢,"#信念 #飛躍",100,20,100,0,OK,
黙,"",1,1,1,1,要注意,
絹,"#色彩",95,25,85,0,OK,
源,"#水景 #飛躍",95,55,60,0,OK,
衝,"",1,1,1,1,要注意,
嘱,"",1,1,1,1,要注意,
請,"",1,1,1,1,要注意,
誠,"#信念 #品格",100,55,70,0,OK,
聖,"#信念 #品格",100,50,70,0,OK,
暖,"#慈愛",100,35,85,0,OK,
潜,"",1,1,1,1,要注意,
腹,"",1,1,1,1,要注意,
幕,"",1,1,1,1,要注意,
諾,"",1,1,1,1,要注意,
駐,"",1,1,1,1,要注意,
鋳,"",1,1,1,1,要注意,
墜,"",1,1,1,1,要注意,
墳,"",1,1,1,1,要注意,
魅,"#調和",70,30,90,0,OK,
雅,"#品格",100,50,70,0,OK,
憂,"",1,1,1,1,要注意,
稼,"",1,1,1,1,要注意,
詰,"",1,1,1,1,要注意,
窮,"",1,1,1,1,要注意,
遷,"",1,1,1,1,要注意,
誇,"#品格",85,80,45,0,OK,
槽,"",1,1,1,1,要注意,
継,"#調和 #飛躍",80,55,60,0,OK,
歳,"#品格",15,50,50,0,OK,
罷,"",1,1,1,1,要注意,
詳,"#品格 #知性",80,55,55,0,OK,
撲,"",1,1,1,1,要注意,
窯,"",1,1,1,1,要注意,
慎,"#信念 #品格",95,55,70,0,OK,
寝,"",1,1,1,1,要注意,
履,"#調和",60,95,30,0,OK,
潰,"",1,1,1,1,要注意,
餌,"",1,1,1,1,要注意,
蓄,"",1,1,1,1,要注意,
踪,"",1,1,1,1,要注意,
誰,"",1,1,1,1,要注意,
嘲,"",1,1,1,1,要注意,
罵,"",1,1,1,1,要注意,
誉,"#品格 #幸福",100,65,65,0,OK,
箸,"",1,1,1,1,要注意,
溶,"",1,1,1,1,要注意,
雷,"#勇壮",15,50,50,0,OK,
膝,"",1,1,1,1,要注意,
餅,"",1,1,1,1,要注意,
慨,"",1,1,1,1,要注意,
蝦,"",1,1,1,1,要注意,
隔,"",1,1,1,1,要注意,
蕎,"",1,1,1,1,要注意,
棄,"",1,1,1,1,要注意,
糊,"",1,1,1,1,要注意,
撒,"",1,1,1,1,要注意,
催,"",1,1,1,1,要注意,
撰,"#知性",15,50,50,0,OK,
鄭,"",1,1,1,1,要注意,
慈,"#慈愛",100,40,80,0,OK,
噌,"",1,1,1,1,要注意,
噂,"",1,1,1,1,要注意,
歎,"",1,1,1,1,要注意,
滝,"#水景 #自然",95,75,40,0,OK,
播,"",1,1,1,1,要注意,
篇,"#調和",10,50,50,1,要注意,
飽,"#飛躍",10,50,50,1,要注意,
劉,"#調和",15,50,50,1,要注意,
魯,"#調和",10,50,50,1,要注意,
零,"#水景",30,50,50,1,要注意,
廉,"#水景",100,60,70,0,OK,
澁,"#調和",10,50,50,1,要注意,
價,"#調和",10,50,50,1,要注意,
虞,"#幸福",10,50,50,1,要注意,
儉,"#調和",10,50,50,1,要注意,
彈,"#調和",10,50,50,1,要注意,
樣,"#調和",10,50,50,1,要注意,
寛,"#天空 #飛躍",100,30,85,0,OK,
賣,"#調和",10,50,50,1,要注意,
傑,"#品格 #飛躍",80,70,50,0,OK,
醉,"#調和",10,50,50,1,要注意,
献,"#知性",15,60,55,0,OK,
髮,"#調和",10,50,50,1,要注意,
溝,"#天空",10,50,50,1,要注意,
嗣,"#品格 #飛躍",90,65,55,0,OK,
酬,"#品格",15,50,50,1,要注意,
愁,"#信念",10,50,50,1,要注意,
奨,"#慈愛",95,65,45,0,OK,
層,"#調和",10,50,50,1,要注意,
践,"#飛躍",10,100,25,0,OK,
增,"#調和",10,50,50,1,要注意,
瘦,"#調和",10,50,50,1,要注意,
燃,"#調和",10,50,50,1,要注意,
縦,"#調和",10,50,50,1,要注意,
督,"#品格 #天空",30,90,45,0,OK,
漠,"#自然 #飛躍",10,50,50,1,要注意,
糖,"#調和",10,50,50,1,要注意,
煩,"#信念",10,50,50,1,要注意,
頒,"#慈愛",10,50,50,1,要注意,
獲,"#調和",10,50,50,1,要注意,
虜,"#自然",10,50,50,1,要注意,
鈴,"#幸福 #調和",70,55,55,0,OK,
薪,"#調和",15,50,50,1,要注意,
彙,"#調和",10,50,50,1,要注意,
楷,"#自然",10,55,75,0,OK,
蓋,"#天空",10,50,50,1,要注意,
濁,"#調和",10,50,50,1,要注意,
濃,"#調和",15,50,50,1,要注意,
壁,"#調和",10,50,50,1,要注意,
窟,"#調和",10,50,50,1,要注意,
詣,"#知性",90,60,55,0,OK,
隙,"#天空",10,50,50,1,要注意,
傲,"#幸福",10,50,50,1,要注意,
塞,"#飛躍",10,50,50,1,要注意,
謡,"#調和",10,55,55,0,OK,
隣,"#調和",15,50,50,1,要注意,
隷,"#調和",10,50,50,1,要注意,
墾,"#調和",10,50,50,1,要注意,
諮,"#調和",10,50,50,1,要注意,
羨,"#慈愛",10,50,50,1,要注意,
錠,"#調和",10,50,50,1,要注意,
詮,"#知性",10,50,50,1,要注意,
嬢,"#調和",10,50,50,1,要注意,
縛,"#調和",10,50,50,1,要注意,
膨,"#調和",10,50,50,1,要注意,
睦,"#調和",100,40,80,0,OK,
薦,"#調和",10,50,50,1,要注意,
醒,"#調和",15,55,60,0,OK,
葦,"#水景",10,50,50,0,OK,
溢,"#飛躍",10,100,30,0,OK,
膳,"#調和",10,50,50,1,要注意,
賭,"#調和",10,50,50,1,要注意,
麺,"#調和",10,50,50,1,要注意,
謂,"#調和",10,50,50,1,要注意,
馴,"#品格",15,50,50,1,要注意,
瑚,"#水景 #色彩",80,30,90,0,OK,
窺,"#調和",10,50,50,1,要注意,
幌,"#水景 #飛躍",15,50,50,1,要注意,
鋸,"#調和",10,50,50,1,要注意,
蓑,"#水景",10,50,50,1,要注意,
諺,"#調和",10,55,55,0,OK,
獅,"#勇壮",90,85,30,0,OK,
蒔,"#自然",95,65,50,0,OK,
馳,"#勇壮",85,100,25,0,OK,
嵩,"#自然 #飛躍",90,100,30,0,OK,
楢,"#自然",20,50,50,0,OK,
醐,"#調和",10,55,55,0,OK,
舜,"#自然",100,70,55,0,OK,
錆,"#調和",10,50,50,1,要注意,
楯,"#勇壮",10,100,20,0,OK,
鞘,"#調和",10,50,50,1,要注意,
稔,"#自然 #飛躍",100,75,45,0,OK,
瑞,"#幸福",100,65,55,0,OK,
靖,"#慈愛",100,65,55,0,OK,
楚,"#勇壮 #自然",90,50,75,0,OK,
蒼,"#品格 #天空",100,80,45,0,OK,
錘,"#調和",10,50,50,1,要注意,
錐,"#調和",10,50,50,1,要注意,
薙,"#調和",15,50,50,1,要注意,
椿,"#品格 #幸福",60,25,85,0,OK,
禎,"#品格 #幸福",95,60,55,0,OK,
蹄,"#調和",10,50,50,1,要注意,
楠,"#自然",60,75,40,0,OK,
蕗,"#調和",80,50,50,0,OK,
蒲,"#自然",40,40,40,1,要注意,
楓,"#自然",100,100,100,0,OK,
縣,"",1,1,1,1,要注意,
傭,"",1,1,1,1,要注意,
楊,"#自然",70,70,70,0,OK,
蓉,"#色彩",95,95,95,0,OK,
溜,"",1,1,1,1,要注意,
稜,"#品格 #自然",90,90,90,0,OK,
默,"",1,1,1,1,要注意,
蓮,"#色彩",100,100,100,0,OK,
險,"",1,1,1,1,要注意,
暉,"#希望 #知性",95,95,95,0,OK,
靜,"#調和",85,85,85,0,OK,
滉,"#水景 #飛躍",95,95,95,0,OK,
瑶,"#色彩",100,100,100,0,OK,
煌,"#希望 #色彩",100,100,100,0,OK,
詢,"#信念 #品格",90,90,90,0,OK,
頌,"#品格 #幸福",85,85,85,0,OK,
諸,"",1,1,1,1,要注意,
謁,"",1,1,1,1,要注意,
圓,"#幸福 #慈愛",80,80,80,0,OK,
奧,"#水景",40,40,40,1,要注意,
傳,"#飛躍",60,60,60,0,OK,
祿,"#幸福 #慈愛",80,80,80,0,OK,
愼,"#信念",95,95,95,0,OK,
歷,"",1,1,1,1,要注意,
與,"",1,1,1,1,要注意,
縮,"",1,1,1,1,要注意,
虜,"",1,1,1,1,要注意,
廊,"",1,1,1,1,要注意,
勤,"#慈愛",90,90,90,0,OK,
燥,"",1,1,1,1,要注意,
療,"",1,1,1,1,要注意,
齢,"",1,1,1,1,要注意,
溫,"#慈愛",95,95,95,0,OK,
塡,"",1,1,1,1,要注意,
歌,"#奏楽 #幸福",100,100,100,0,OK,
語,"#調和",85,85,85,0,OK,
擦,"",1,1,1,1,要注意,
嚇,"",1,1,1,1,要注意,
聞,"#品格",80,80,80,0,OK,
轄,"",1,1,1,1,要注意,
償,"",1,1,1,1,要注意,
銀,"#品格 #色彩",90,90,90,0,OK,
礁,"#水景",60,60,60,0,OK,
濯,"#水景",60,60,60,0,OK,
緑,"#自然 #色彩",100,100,100,0,OK,
練,"#知性 #品格",85,85,85,0,OK,
謄,"",1,1,1,1,要注意,
管,"#自然",60,60,60,0,OK,
鍵,"",1,1,1,1,要注意,
察,"#信念",70,70,70,0,OK,
種,"#自然 #調和",60,60,60,0,OK,
静,"#品格 #知性",95,95,95,0,OK,
説,"",1,1,1,1,要注意,
謎,"",1,1,1,1,要注意,
鍋,"",1,1,1,1,要注意,
藁,"",1,1,1,1,要注意,
壕,"",1,1,1,1,要注意,
鍬,"",1,1,1,1,要注意,
構,"",1,1,1,1,要注意,
燭,"",1,1,1,1,要注意,
雑,"",1,1,1,1,要注意,
瓢,"",1,1,1,1,要注意,
製,"",1,1,1,1,要注意,
精,"#信念",95,95,95,0,OK,
瞥,"",1,1,1,1,要注意,
螺,"",1,1,1,1,要注意,
應,"",1,1,1,1,要注意,
濕,"",1,1,1,1,要注意,
縱,"",1,1,1,1,要注意,
禪,"#調和",80,80,80,0,OK,
戲,"",1,1,1,1,要注意,
徳,"#信念 #品格",100,100,100,0,OK,
複,"",1,1,1,1,要注意,
綿,"#幸福",70,70,70,0,OK,
領,"#品格",70,70,70,0,OK,
檢,"",1,1,1,1,要注意,
謠,"",1,1,1,1,要注意,
職,"",1,1,1,1,要注意,
穀,"#幸福",70,70,70,0,OK,
鎖,"",1,1,1,1,要注意,
闘,"",1,1,1,1,要注意,
穫,"",1,1,1,1,要注意,
騎,"#調和",80,80,80,0,OK,
繕,"",1,1,1,1,要注意,
暮,"",1,1,1,1,要注意,
癖,"",1,1,1,1,要注意,
維,"#品格 #調和",95,95,95,0,OK,
隠,"#慈愛",10,50,50,1,要注意,
翻,"",1,1,1,1,要注意,
駆,"#飛躍 #勇壮",85,85,85,0,OK,
豪,"#品格 #飛躍",100,100,100,0,OK,
雌,"",1,1,1,1,要注意,
糧,"",1,1,1,1,要注意,
端,"#品格",85,85,85,0,OK,
徴,"",1,1,1,1,要注意,
懲,"",1,1,1,1,要注意,
癒,"",1,1,1,1,要注意,
稲,"#自然 #飛躍",95,95,95,0,OK,
鎌,"",1,1,1,1,要注意,
襖,"",1,1,1,1,要注意,
蹟,"",1,1,1,1,要注意,
雛,"#調和",40,40,40,1,要注意,
慢,"",1,1,1,1,要注意,
叢,"",1,1,1,1,要注意,
踊,"#品格 #飛躍",80,80,80,1,要注意,
暦,"#天空",100,100,100,0,OK,
儲,"",1,1,1,1,要注意,
鵜,"",1,1,1,1,要注意,
鞭,"",1,1,1,1,要注意,
麿,"#調和",90,90,90,0,OK,
魂,"#信念",40,40,40,1,要注意,
藥,"",1,1,1,1,要注意,
憎,"",1,1,1,1,要注意,
藏,"#調和",70,70,70,0,OK,
鎭,"#調和",80,80,80,0,OK,
漂,"",1,1,1,1,要注意,
慕,"#信念",95,95,95,1,要注意,
墨,"#知性",80,80,80,0,OK,
醬,"",1,1,1,1,要注意,
臓,"",1,1,1,1,要注意,
繰,"",1,1,1,1,要注意,
爆,"",1,1,1,1,要注意,
酷,"",1,1,1,1,要注意,
漆,"#水景 #自然",10,50,50,1,要注意,
鶏,"",1,1,1,1,要注意,
銃,"",1,1,1,1,要注意,
塾,"",1,1,1,1,要注意,
緒,"#伝統 #信念",95,95,95,0,OK,
彰,"#品格 #知性",100,100,100,0,OK,
誓,"#信念 #品格",90,90,90,0,OK,
漸,"",1,1,1,1,要注意,
璽,"",1,1,1,1,要注意,
蹴,"",1,1,1,1,要注意,
蟹,"",1,1,1,1,要注意,
櫛,"",1,1,1,1,要注意,
閥,"",1,1,1,1,要注意,
櫓,"",1,1,1,1,要注意,
銘,"#信念 #知性",90,90,90,0,OK,
僚,"#色彩 #調和",85,85,85,1,要注意,
瀧,"#調和",95,95,95,0,OK,
壞,"",1,1,1,1,要注意,
遡,"",1,1,1,1,要注意,
類,"#調和",60,60,60,0,OK,
綻,"",1,1,1,1,要注意,
繫,"#調和",80,80,80,0,OK,
顚,"",1,1,1,1,要注意,
欄,"",1,1,1,1,要注意,
鐘,"#調和",85,85,85,0,OK,
醸,"",1,1,1,1,要注意,
璃,"#色彩 #品格",100,100,100,0,OK,
瑠,"#色彩 #品格",100,100,100,0,OK,
纂,"",1,1,1,1,要注意,
孃,"",1,1,1,1,要注意,
蔭,"",1,1,1,1,要注意,
鳶,"",1,1,1,1,要注意,
嘉,"#品格 #幸福",100,100,100,0,OK,
榎,"#自然",90,90,90,0,OK,
樺,"#自然",90,90,90,0,OK,
魁,"#勇壮 #品格",95,95,95,0,OK,
艦,"",1,1,1,1,要注意,
飜,"",1,1,1,1,要注意,
鷄,"",1,1,1,1,要注意,
攝,"",1,1,1,1,要注意,
瑳,"#慈愛 #飛躍",100,100,100,0,OK,
榊,"#自然",95,95,95,0,OK,
欄,"",1,1,1,1,要注意,
竪,"#天空",85,85,85,0,OK,
嘗,"",1,1,1,1,要注意,
蠟,"",1,1,1,1,要注意,
襲,"",1,1,1,1,要注意,
榛,"#自然",95,95,95,0,OK,
槙,"#自然",95,95,95,0,OK,
賑,"#慈愛 #飛躍",90,90,90,0,OK,
翠,"#色彩 #水景",100,100,100,0,OK,
碩,"#品格",100,100,100,0,OK,
鑄,"",1,1,1,1,要注意,
槍,"",1,1,1,1,要注意,
疊,"",1,1,1,1,要注意,
臟,"",1,1,1,1,要注意,
聡,"#知性 #飛躍",100,100,100,0,OK,
暢,"#幸福",95,95,95,0,OK,
肇,"#飛躍",95,95,95,0,OK,
蔦,"#自然",85,85,85,0,OK,
覽,"",1,1,1,1,要注意,
鷗,"#調和",80,80,80,0,OK,
嶋,"#水景",90,90,90,1,要注意,
頗,"",1,1,1,1,要注意,
箔,"",1,1,1,1,要注意,
蔓,"",1,1,1,1,要注意,
緋,"#色彩 #品格",100,100,100,0,OK,
輔,"#慈愛",100,100,100,0,OK,
鳳,"#勇壮 #幸福",100,100,100,0,OK,
碧,"#色彩 #水景",100,100,100,0,OK,
鱒,"",1,1,1,1,要注意,
鱗,"",1,1,1,1,要注意,
綾,"#色彩",100,100,100,0,OK,
漣,"#水景",100,100,100,0,OK,
颯,"#勇壮 #飛躍",100,100,100,0,OK,
漱,"#水景",80,80,80,0,OK,
綺,"#色彩 #品格",100,100,100,0,OK,
釀,"",1,1,1,1,要注意,
槇,"#自然",95,95,95,0,OK,
榮,"#品格 #色彩",90,90,90,0,OK,
實,"#信念 #飛躍",95,95,95,0,OK,
奬,"#慈愛",80,80,80,0,OK,
廳,"",1,1,1,1,要注意,
又,"#調和",10,60,60,0,OK,
凡,"#調和",10,65,55,0,OK,
粹,"#色彩",90,90,90,0,OK,
午,"#調和",10,50,50,0,OK,
寢,"",1,1,1,1,要注意,
幻,"#調和",10,45,70,0,OK,
壽,"#幸福 #自然",100,100,100,0,OK,
写,"#調和",10,65,55,1,要注意,
福,"#幸福",95,95,95,0,OK,
且,"#調和",10,40,75,0,OK,
戊,"#調和",10,50,50,1,要注意,
漢,"#水景",80,80,80,1,要注意,
曲,"#調和",10,55,55,1,要注意,
禎,"#品格 #幸福",95,95,95,0,OK,
巡,"#調和",10,50,50,0,OK,
賓,"#天空",10,30,85,1,要注意,
寬,"#天空 #飛躍",90,90,90,0,OK,
綠,"#色彩",85,85,85,0,OK,
而,"#調和",10,55,55,1,要注意,
局,"#調和",10,60,60,1,要注意,
告,"#調和",10,65,55,0,OK,
横,"#信念",10,50,50,1,要注意,
別,"",1,1,1,1,要注意,
調,"#天空",70,60,70,0,OK,
箱,"#幸福 #自然",10,50,50,1,要注意,
億,"#信念",30,50,50,1,要注意,
課,"#信念 #天空",10,50,50,1,要注意,
器,"#知性",10,50,70,0,OK,
冷,"#調和",10,55,60,1,要注意,
択,"#調和",10,90,35,0,OK,
熱,"#勇壮",10,85,35,0,OK,
標,"#自然",10,100,20,0,OK,
養,"#天空",15,70,60,0,OK,
輪,"#色彩",40,40,75,0,OK,
確,"#信念",90,90,90,0,OK,
潔,"#品格 #水景",100,100,100,0,OK,
賛,"#慈愛",85,85,85,0,OK,
質,"#信念 #品格",85,85,85,0,OK,
呈,"#調和",10,60,50,0,OK,
導,"#品格 #知性",80,80,80,0,OK,
汲,"#調和",10,70,50,0,OK,
暴,"",1,1,1,1,要注意,
遺,"",1,1,1,1,要注意,
宋,"#調和",10,55,55,1,要注意,
権,"#勇壮",10,80,45,0,OK,
熟,"#幸福 #飛躍",10,50,50,1,要注意,
事,"#調和",10,60,50,0,OK,
蔵,"#飛躍",85,85,85,0,OK,
誕,"#天空 #飛躍",40,50,55,0,OK,
潮,"#水景",95,95,95,0,OK,
径,"#調和",10,30,90,0,OK,
鋭,"#勇壮 #知性",90,90,90,0,OK,
影,"#天空",10,50,50,1,要注意,
縁,"#調和 #飛躍",85,85,85,0,OK,
牧,"#調和",10,35,70,1,要注意,
歓,"#幸福",100,100,100,0,OK,
輝,"#希望 #飛躍",100,100,100,0,OK,
儀,"#品格 #知性",95,95,95,0,OK,
拝,"#調和",10,60,50,0,OK,
撃,"",1,1,1,1,要注意,
彼,"#調和",10,55,55,0,OK,
炉,"#調和",10,55,55,0,OK,
併,"#調和",10,55,55,0,OK,
澄,"#水景 #知性",100,100,100,0,OK,
宕,"#調和",10,75,45,0,OK,
輩,"#調和",10,50,50,1,要注意,
範,"#品格 #自然",90,90,90,0,OK,
界,"#調和",10,75,40,0,OK,
膚,"",1,1,1,1,要注意,
幽,"#調和",10,50,75,1,要注意,
賦,"#天空",10,50,50,1,要注意,
舞,"#勇壮 #飛躍",95,95,95,0,OK,
括,"#調和",10,50,50,0,OK,
亭,"#調和",10,55,55,0,OK,
拜,"#調和",10,60,50,0,OK,
慮,"#信念 #天空",10,50,50,1,要注意,
慰,"#天空 #慈愛",10,35,70,1,要注意,
閲,"#天空",10,50,50,1,要注意,
挙,"#調和",10,100,25,1,要注意,
俳,"#調和",10,55,55,0,OK,
紋,"#調和",10,55,55,0,OK,
倹,"#調和",10,65,55,0,OK,
凄,"",1,1,1,1,要注意,
潤,"#水景 #慈愛",100,100,100,0,OK,
遵,"#信念 #品格",95,95,95,0,OK,
断,"",1,1,1,1,要注意,
舶,"#調和",10,80,45,0,OK,
審,"",1,1,1,1,要注意,
穂,"#自然 #飛躍",100,100,100,0,OK,
須,"#調和",80,80,80,0,OK,
畿,"#調和",10,45,65,0,OK,
鞍,"#調和",10,55,55,1,要注意,
諏,"#調和",80,80,80,1,要注意,
墨,"#調和",10,55,55,1,要注意,
薗,"#調和",85,85,85,1,要注意,
締,"",1,1,1,1,要注意,
謹,"#調和",10,55,65,0,OK,
干,"",1,1,1,1,要注意,
寸,"#調和",10,50,50,0,OK,
霊,"",1,1,1,1,要注意,
巾,"",1,1,1,1,要注意,
勺,"",1,1,1,1,要注意,
潟,"#水景 #自然",10,50,50,1,要注意,
已,"",1,1,1,1,要注意,
勲,"#品格 #飛躍",90,90,90,0,OK,
慶,"#幸福 #品格",100,100,100,0,OK,
賜,"#慈愛",85,85,85,0,OK,
尺,"#調和",10,50,50,1,要注意,
屯,"#調和",10,50,50,1,要注意,
片,"",1,1,1,1,要注意,
徹,"#信念 #勇壮",95,95,95,0,OK,
撤,"",1,1,1,1,要注意,
皿,"",1,1,1,1,要注意,
打,"#調和",10,85,30,1,要注意,
賓,"#天空",10,30,85,1,要注意,
憤,"",1,1,1,1,要注意,
旧,"#調和",10,35,70,1,要注意,
冊,"",1,1,1,1,要注意,
褒,"#飛躍",10,65,45,0,OK,
召,"",1,1,1,1,要注意,
摩,"#知性",15,50,50,0,OK,
寺,"",1,1,1,1,要注意,
毎,"#調和",10,65,55,1,要注意,
寮,"",1,1,1,1,要注意,
各,"",1,1,1,1,要注意,
机,"",1,1,1,1,要注意,
憬,"#信念 #知性",95,95,95,0,OK,
稽,"#知性",15,50,50,0,OK,
駒,"#勇壮 #飛躍",90,90,90,0,OK,
摯,"#品格",95,95,95,0,OK,
宅,"#調和",10,40,75,1,要注意,
憧,"#信念 #慈愛",95,95,95,0,OK,
弐,"#調和",5,50,50,1,要注意,
庄,"#調和",5,50,50,1,要注意,
托,"#調和",5,50,55,1,要注意,
辻,"#調和",10,50,50,1,要注意,
町,"#調和",10,50,50,1,要注意,
坂,"",1,1,1,1,要注意,
蔽,"",1,1,1,1,要注意,
束,"#調和",10,60,55,1,要注意,
防,"#調和",10,80,45,1,要注意,
慧,"#知性 #品格",100,100,100,0,OK,
余,"#調和",10,40,75,1,要注意,
系,"#調和",10,55,55,1,要注意,
嬉,"#幸福",95,95,95,1,要注意,
槻,"#自然",95,95,95,0,OK,
毅,"#信念",100,100,100,0,OK,
誼,"#品格 #調和",95,95,95,0,OK,
卵,"#調和",10,75,40,1,要注意,
駈,"#天空",90,85,35,0,OK,
蕨,"",1,1,1,1,要注意,
尾,"",1,1,1,1,要注意,
岐,"#調和",5,50,50,1,要注意,
呉,"#調和",5,35,70,1,要注意,
撞,"",1,1,1,1,要注意,
肖,"#調和",5,50,50,1,要注意,
醇,"#水景",95,95,95,0,OK,
樟,"#自然",95,95,95,0,OK,
蕉,"#水景 #自然",70,70,70,1,要注意,
把,"",1,1,1,1,要注意,
阪,"",1,1,1,1,要注意,
邑,"#調和",5,50,50,1,要注意,
坐,"",1,1,1,1,要注意,
杖,"#調和",10,75,40,1,要注意,
樋,"",1,1,1,1,要注意,
辿,"#調和",80,80,80,1,要注意,
吞,"#調和",10,40,75,1,要注意,
磐,"#自然",90,90,90,0,OK,
蕃,"#自然",80,80,80,0,OK,
廟,"",1,1,1,1,要注意,
撫,"",1,1,1,1,要注意,
蕪,"",1,1,1,1,要注意,
夜,"#調和",5,50,50,1,要注意,
鋒,"",1,1,1,1,要注意,
岸,"",1,1,1,1,要注意,
諒,"#信念 #知性",100,100,100,0,OK,
遼,"#自然 #水景",100,100,100,0,OK,
具,"#調和",5,50,50,1,要注意,
凜,"#品格 #信念",100,100,100,0,OK,
凛,"#品格 #信念",100,100,100,0,OK,
黎,"#飛躍 #品格",95,95,95,0,OK,
熙,"#飛躍 #幸福",95,95,95,0,OK,
使,"",1,1,1,1,要注意,
樂,"#慈愛 #調和",15,50,70,0,OK,
劍,"#勇壮",10,50,50,1,要注意,
者,"",1,1,1,1,要注意,
昔,"",1,1,1,1,要注意,
所,"",1,1,1,1,要注意,
服,"",1,1,1,1,要注意,
官,"",1,1,1,1,要注意,
稻,"#自然",10,50,55,0,OK,
廣,"#品格 #飛躍",85,85,85,0,OK,
妻,"",1,1,1,1,要注意,
沿,"",1,1,1,1,要注意,
呼,"",1,1,1,1,要注意,
担,"",1,1,1,1,要注意,
依,"#調和 #慈愛",85,85,85,0,OK,
憎,"",1,1,1,1,要注意,
穀,"",1,1,1,1,要注意,
節,"#品格 #信念",80,80,80,0,OK,
練,"#勇壮 #品格",80,80,80,0,OK,
拠,"",1,1,1,1,要注意,
德,"#信念 #品格",100,100,100,0,OK,
緖,"#伝統 #信念",100,100,100,0,OK,
徵,"",1,1,1,1,要注意,
杯,"",1,1,1,1,要注意,
緣,"#調和 #幸福",85,85,85,0,OK,
親,"#慈愛",85,85,85,0,OK,
頭,"",1,1,1,1,要注意,
橋,"#調和",70,70,70,0,OK,
整,"#知性 #品格",80,80,80,0,OK,
肯,"",1,1,1,1,要注意,
機,"",1,1,1,1,要注意,
積,"#信念",80,80,80,0,OK,
録,"#知性",15,50,50,1,要注意,
衛,"#勇壮 #品格",100,100,100,0,OK,
興,"#幸福 #飛躍",95,95,95,0,OK,
築,"",1,1,1,1,要注意,
昆,"",1,1,1,1,要注意,
叔,"",1,1,1,1,要注意,
激,"",1,1,1,1,要注意,
憲,"#品格 #知性",100,100,100,0,OK,
鋼,"#勇壮",90,90,90,0,OK,
樹,"#自然 #品格",100,100,100,0,OK,
披,"",1,1,1,1,要注意,
操,"#信念 #品格",85,85,85,0,OK,
附,"",1,1,1,1,要注意,
奮,"",1,1,1,1,要注意,
玩,"",1,1,1,1,要注意,
憶,"",1,1,1,1,要注意,
股,"",1,1,1,1,要注意,
函,"",1,1,1,1,要注意,
獣,"",1,1,1,1,要注意,
庚,"",1,1,1,1,要注意,
陀,"",1,1,1,1,要注意,
曇,"",1,1,1,1,要注意,
後,"",1,1,1,1,要注意,
室,"",1,1,1,1,要注意,
繁,"#自然 #飛躍",90,90,90,0,OK,
屋,"",1,1,1,1,要注意,
客,"",1,1,1,1,要注意,
待,"",1,1,1,1,要注意,
頼,"#勇壮 #慈愛",85,85,85,0,OK,
負,"",1,1,1,1,要注意,
面,"",1,1,1,1,要注意,
穏,"#慈愛 #調和",100,100,100,0,OK,
凝,"",1,1,1,1,要注意,
軍,"",1,1,1,1,要注意,
賢,"#知性 #品格",100,100,100,0,OK,
約,"",1,1,1,1,要注意,
錯,"",1,1,1,1,要注意,
要,"#信念",80,80,80,0,OK,
故,"",1,1,1,1,要注意,
祖,"",1,1,1,1,要注意,
壇,"",1,1,1,1,要注意,
篤,"#信念 #慈愛",100,100,100,0,OK,
独,"",1,1,1,1,要注意,
看,"",1,1,1,1,要注意,
謀,"",1,1,1,1,要注意,
砂,"#自然 #調和",60,60,60,0,OK,
擁,"",1,1,1,1,要注意,
錬,"#知性 #勇壮",90,90,90,0,OK,
懐,"#慈愛 #調和",90,90,90,0,OK,
還,"",1,1,1,1,要注意,
憾,"",1,1,1,1,要注意,
薫,"#自然 #色彩",100,100,100,0,OK,
衡,"#知性 #調和",85,85,85,0,OK,
儒,"",1,1,1,1,要注意,
壌,"",1,1,1,1,要注意,
専,"#信念 #知性",70,70,70,0,OK,
磨,"#知性 #飛躍",95,95,95,0,OK,
諭,"#知性 #慈愛",95,95,95,0,OK,
染,"",1,1,1,1,要注意,
諧,"",1,1,1,1,要注意,
洗,"",1,1,1,1,要注意,
錦,"#色彩 #品格",100,100,100,0,OK,
錮,"",1,1,1,1,要注意,
冒,"",1,1,1,1,要注意,
峡,"",1,1,1,1,要注意,
緻,"",1,1,1,1,要注意,
諦,"",1,1,1,1,要注意,
弧,"",1,1,1,1,要注意,
訂,"",1,1,1,1,要注意,
赴,"",1,1,1,1,要注意,
叡,"#知性 #品格",100,100,100,0,OK,
燕,"#勇壮",80,80,80,0,OK,
胞,"",1,1,1,1,要注意,
厘,"",1,1,1,1,要注意,
姻,"",1,1,1,1,要注意,
甚,"#調和 #飛躍",60,60,60,0,OK,
橘,"#自然 #伝統",100,100,100,0,OK,
按,"#調和",10,65,55,1,要注意,
迦,"#調和",10,45,70,0,OK,
臥,"#調和",10,100,30,0,OK,
祇,"#調和",5,45,70,0,OK,
錫,"#幸福 #慈愛",40,60,50,0,OK,
輯,"#慈愛",40,50,75,0,OK,
衿,"#調和",10,55,60,0,OK,
盃,"#調和",10,20,100,1,要注意,
者,"#調和",10,85,35,1,要注意,
卽,"#調和",10,50,50,1,要注意,
校,"#調和",10,60,60,1,要注意,
黛,"#自然",10,25,85,1,要注意,
酒,"#調和",5,20,100,1,要注意,
息,"#調和",10,95,30,1,要注意,
案,"#調和",10,65,55,0,OK,
郡,"#調和",10,50,50,1,要注意,
憐,"#慈愛",15,50,50,1,要注意,
候,"#調和",10,20,100,0,OK,
橙,"#自然 #色彩",90,70,50,0,OK,
澪,"#水景",50,60,65,0,OK,
燎,"#天空",90,95,40,0,OK,
蕾,"#色彩",95,50,55,0,OK,
燈,"#天空",40,45,60,0,OK,
龍,"#勇壮",70,100,25,0,OK,
曉,"#知性",40,65,50,0,OK,
勳,"#飛躍",10,100,30,0,OK,
帯,"#調和",10,55,55,1,要注意,
戰,"#勇壮 #自然",10,50,50,1,要注意,
燒,"#自然",10,50,50,1,要注意,
託,"#調和",10,60,50,1,要注意,
衞,"#勇壮",10,85,40,0,OK,
畔,"#調和",10,50,50,1,要注意,
翁,"#調和",5,85,30,1,要注意,
索,"#調和",10,55,55,1,要注意,
器,"#知性",10,50,70,1,要注意,
酌,"#調和",10,5,100,1,要注意,
橫,"#信念",10,50,50,1,要注意,
賴,"#幸福",10,60,50,0,OK,
曆,"#天空",10,55,55,0,OK,
秩,"#調和",10,65,55,1,要注意,
錄,"#知性",10,50,50,1,要注意,
頰,"#慈愛",10,50,50,1,要注意,
講,"#知性",10,50,50,1,要注意,
謝,"#品格",10,50,50,1,要注意,
績,"#勇壮 #飛躍",60,75,45,0,OK,
厳,"#品格 #慈愛",70,80,45,0,OK,
捗,"#調和",10,65,45,0,OK,
優,"#品格 #飛躍",100,55,70,0,OK,
笈,"#調和",10,55,55,1,要注意,
環,"#調和",90,40,75,0,OK,
鮮,"#色彩",85,60,55,0,OK,
紐,"#調和",10,40,75,1,要注意,
翼,"#慈愛",100,75,45,0,OK,
秤,"#調和",10,65,55,1,要注意,
砧,"#調和",10,20,100,1,要注意,
豹,"#調和",5,85,30,1,要注意,
祖,"#調和",10,50,55,1,要注意,
鍛,"#知性",100,100,25,0,OK,
聴,"#知性 #調和",40,80,50,0,OK,
魚,"#調和",5,55,55,1,要注意,
細,"#調和",10,75,45,1,要注意,
鳥,"#調和",5,50,55,1,要注意,
矯,"#勇壮",10,50,50,1,要注意,
謹,"#信念 #品格",40,55,70,0,OK,
謙,"#信念 #品格",100,40,85,0,OK,
購,"#調和",10,50,50,1,要注意,
懇,"#信念",10,45,70,1,要注意,
爵,"#品格",10,50,50,1,要注意,
醜,"#調和",0,50,50,1,要注意,
祭,"#調和",10,85,30,1,要注意,
動,"#調和",5,85,30,1,要注意,
繊,"#慈愛",10,50,50,1,要注意,
霜,"#天空 #自然",10,55,55,0,OK,
副,"#調和",5,85,40,1,要注意,
眼,"#調和",10,55,55,1,要注意,
頻,"#水景",10,50,50,1,要注意,
寄,"#調和",10,35,70,1,要注意,
臆,"#信念",10,50,50,1,要注意,
許,"#調和",5,35,75,1,要注意,
採,"#調和",10,55,55,1,要注意,
瞳,"#慈愛 #色彩",90,30,95,0,OK,
設,"#調和",10,60,60,1,要注意,
張,"#調和",5,100,20,1,要注意,
闇,"#天空",10,50,50,1,要注意,
瞭,"#知性",95,50,65,0,OK,
霞,"#天空",10,50,50,0,OK,
略,"#調和",10,60,60,1,要注意,
徽,"#色彩",15,20,100,0,OK,
磯,"#水景",85,55,55,0,OK,
鞠,"#色彩 #飛躍",5,50,50,1,要注意,
檎,"#自然",10,50,50,1,要注意,
視,"#調和",5,55,55,1,要注意,
鴻,"#飛躍",95,95,40,0,OK,
探,"#調和",10,90,35,0,OK,
菓,"#調和",10,50,50,1,要注意,
燦,"#天空",100,60,55,0,OK,
濡,"#慈愛 #水景",10,50,50,1,要注意,
寂,"#調和",10,20,100,1,要注意,
駿,"#品格 #飛躍",100,100,30,0,OK,
曙,"#天空",100,65,50,0,OK,
篠,"#自然 #伝統",95,95,95,0,OK,
添,"",1,1,1,1,要注意,
擢,"#飛躍 #品格",85,85,85,0,OK,
檀,"#自然 #品格",90,90,90,0,OK,
描,"",1,1,1,1,要注意,
郭,"",1,1,1,1,要注意,
輿,"",1,1,1,1,要注意,
勘,"",1,1,1,1,要注意,
嶺,"#自然 #飛躍",95,95,95,0,OK,
掲,"",1,1,1,1,要注意,
粘,"",1,1,1,1,要注意,
涯,"",1,1,1,1,要注意,
彌,"#天空 #幸福",90,90,90,0,OK,
渋,"",1,1,1,1,要注意,
穗,"#自然 #飛躍",95,95,95,0,OK,
袈,"",1,1,1,1,要注意,
袴,"",1,1,1,1,要注意,
埴,"",1,1,1,1,要注意,
繁,"#自然 #飛躍",90,90,90,0,OK,
薰,"#色彩 #自然",100,100,100,0,OK,
擊,"",1,1,1,1,要注意,
鍊,"#勇壮 #知性",90,90,90,0,OK,
顔,"",1,1,1,1,要注意,
曜,"#天空 #希望",95,95,95,0,OK,
題,"",1,1,1,1,要注意,
観,"#知性 #天空",80,80,80,0,OK,
験,"",1,1,1,1,要注意,
捺,"",1,1,1,1,要注意,
額,"",1,1,1,1,要注意,
捧,"",1,1,1,1,要注意,
織,"#伝統 #色彩",100,100,100,0,OK,
簡,"",1,1,1,1,要注意,
難,"",1,1,1,1,要注意,
臨,"#品格 #信念",85,85,85,0,OK,
菱,"#調和 #色彩",70,70,70,0,OK,
瞬,"#希望 #飛躍",95,95,95,0,OK,
騒,"",1,1,1,1,要注意,
贈,"",1,1,1,1,要注意,
答,"",1,1,1,1,要注意,
営,"",1,1,1,1,要注意,
検,"",1,1,1,1,要注意,
礎,"#品格 #飛躍",85,85,85,0,OK,
鎮,"#品格 #調和",80,80,80,0,OK,
藩,"",1,1,1,1,要注意,
覆,"",1,1,1,1,要注意,
提,"",1,1,1,1,要注意,
評,"",1,1,1,1,要注意,
濫,"",1,1,1,1,要注意,
復,"",1,1,1,1,要注意,
襟,"#品格 #伝統",80,80,80,0,OK,
顕,"#知性 #品格",90,90,90,0,OK,
繭,"#色彩 #伝統",90,90,90,0,OK,
報,"",1,1,1,1,要注意,
就,"",1,1,1,1,要注意,
顎,"",1,1,1,1,要注意,
塚,"",1,1,1,1,要注意,
韓,"",1,1,1,1,要注意,
藤,"#自然 #色彩",100,100,100,0,OK,
璧,"#品格 #色彩",95,95,95,0,OK,
藍,"#色彩 #水景",100,100,100,0,OK,
猶,"",1,1,1,1,要注意,
鎧,"",1,1,1,1,要注意,
葛,"",1,1,1,1,要注意,
穣,"#自然 #飛躍",95,95,95,0,OK,
堺,"",1,1,1,1,要注意,
粟,"",1,1,1,1,要注意,
筑,"",1,1,1,1,要注意,
釉,"",1,1,1,1,要注意,
載,"#調和 #知性",85,85,85,0,OK,
跳,"#勇壮 #飛躍",80,80,80,0,OK,
鯉,"#水景 #勇壮",100,100,100,0,OK,
雜,"",1,1,1,1,要注意,
櫂,"#水景 #勇壮",90,90,90,0,OK,
燿,"#希望 #天空",95,95,95,0,OK,
藝,"",1,1,1,1,要注意,
微,"",1,1,1,1,要注意,
滑,"",1,1,1,1,要注意,
稚,"#自然 #調和",60,60,60,0,OK,
禮,"#品格 #伝統",100,100,100,0,OK,
轉,"",1,1,1,1,要注意,
壘,"",1,1,1,1,要注意,
演,"#知性 #奏楽",80,80,80,0,OK,
簞,"",1,1,1,1,要注意,
蟬,"",1,1,1,1,要注意,
際,"",1,1,1,1,要注意,
誌,"",1,1,1,1,要注意,
鏡,"#知性 #品格",90,90,90,0,OK,
識,"#知性 #品格",95,95,95,0,OK,
警,"",1,1,1,1,要注意,
窪,"",1,1,1,1,要注意,
蔣,"",1,1,1,1,要注意,
諸,"",1,1,1,1,要注意,
霧,"#水景 #天空",90,90,90,0,OK,
麗,"#色彩 #品格",100,100,100,0,OK,
論,"",1,1,1,1,要注意,
鯨,"#勇壮 #自然",85,85,85,0,OK,
趣,"#品格 #知性",70,70,70,0,OK,
瀬,"#水景",100,100,100,0,OK,
簿,"",1,1,1,1,要注意,
韻,"#奏楽 #調和",85,85,85,0,OK,
蝶,"",1,1,1,1,要注意,
藻,"",1,1,1,1,要注意,
覇,"#品格 #飛躍",85,85,85,0,OK,
憩,"",1,1,1,1,要注意,
羅,"#色彩 #調和",70,70,70,0,OK,
艶,"",1,1,1,1,要注意,
鴨,"",1,1,1,1,要注意,
麓,"",1,1,1,1,要注意,
縞,"",1,1,1,1,要注意,
麒,"#勇壮 #品格",100,100,100,0,OK,
樽,"",1,1,1,1,要注意,
蘇,"#自然 #飛躍",80,80,80,0,OK,
寵,"#慈愛 #品格",80,80,80,0,OK,
鯛,"",1,1,1,1,要注意,
禰,"",1,1,1,1,要注意,
曝,"",1,1,1,1,要注意,
瀕,"",1,1,1,1,要注意,
鵬,"#飛躍 #勇壮",100,100,100,0,OK,
蘭,"#自然 #色彩",100,100,100,0,OK,
簾,"",1,1,1,1,要注意,
覧,"",1,1,1,1,要注意,
獸,"",1,1,1,1,要注意,
戴,"",1,1,1,1,要注意,
懷,"#慈愛 #調和",90,90,90,0,OK,
薩,"",1,1,1,1,要注意,
懲,"",1,1,1,1,要注意,
議,"",1,1,1,1,要注意,
贈,"",1,1,1,1,要注意,
難,"",1,1,1,1,要注意,
瀨,"#水景",100,100,100,0,OK,
禱,"#幸福 #信念",80,80,80,0,OK,
繡,"#色彩 #伝統",80,80,80,0,OK,
纏,"",1,1,1,1,要注意,
饗,"",1,1,1,1,要注意,
亡,"",1,1,1,1,要注意,
競,"",1,1,1,1,要注意,
護,"#慈愛 #品格",95,95,95,0,OK,
響,"#奏楽 #天空",100,100,100,0,OK,
凶,"",1,1,1,1,要注意,
囚,"",1,1,1,1,要注意,
譲,"#慈愛 #品格",90,90,90,0,OK,
籍,"",1,1,1,1,要注意,
懸,"",1,1,1,1,要注意,
刑,"",1,1,1,1,要注意,
騰,"#飛躍 #勇壮",90,90,90,0,OK,
巌,"#自然 #勇壮",85,85,85,0,OK,
馨,"#色彩 #品格",100,100,100,0,OK,
我,"#信念",60,60,60,0,OK,
耀,"#希望 #天空",100,100,100,0,OK,
嚴,"#品格 #信念",90,90,90,0,OK,
殴,"",1,1,1,1,要注意,
騷,"",1,1,1,1,要注意,
躍,"#飛躍 #勇壮",95,95,95,0,OK,
露,"#水景 #自然",70,70,70,0,OK,
顧,"",1,1,1,1,要注意,
卑,"",1,1,1,1,要注意,
虐,"",1,1,1,1,要注意,
鶴,"#幸福 #伝統",100,100,100,0,OK,
鰯,"",1,1,1,1,要注意,
疫,"",1,1,1,1,要注意,
臭,"",1,1,1,1,要注意,
病,"",1,1,1,1,要注意,
櫻,"#自然 #色彩",100,100,100,0,OK,
殺,"",1,1,1,1,要注意,
盗,"",1,1,1,1,要注意,
欺,"",1,1,1,1,要注意,
葬,"",1,1,1,1,要注意,
棺,"",1,1,1,1,要注意,
籠,"",1,1,1,1,要注意,
詐,"",1,1,1,1,要注意,
讃,"#知性 #品格",85,85,85,0,OK,
灘,"#水景 #勇壮",80,80,80,0,OK,
驍,"#勇壮 #飛躍",90,90,90,0,OK,
滅,"",1,1,1,1,要注意,
聽,"#知性 #調和",85,85,85,0,OK,
禍,"",1,1,1,1,要注意,
穰,"#自然 #飛躍",95,95,95,0,OK,
腐,"",1,1,1,1,要注意,
獄,"",1,1,1,1,要注意,
響,"#奏楽 #天空",100,100,100,0,OK,
奪,"",1,1,1,1,要注意,
鑑,"#知性 #品格",85,85,85,0,OK,
鷲,"#勇壮 #天空",90,90,90,0,OK,
寧,"#調和 #品格",85,85,85,0,OK,
巖,"#自然 #勇壮",85,85,85,0,OK,
顯,"#知性 #品格",90,90,90,0,OK,
纖,"",1,1,1,1,要注意,
驗,"",1,1,1,1,要注意,
鷹,"#勇壮 #天空",90,90,90,0,OK,
蔑,"",1,1,1,1,要注意,
麟,"#品格 #伝統",100,100,100,0,OK,
鷺,"",1,1,1,1,要注意,
骸,"",1,1,1,1,要注意,
讓,"#慈愛 #品格",90,90,90,0,OK,
魔,"",1,1,1,1,要注意,
鬱,"",1,1,1,1,要注意,
